"crash_unit_id","crash_record_id","rd_no","crash_date","unit_no","unit_type","num_passengers","vehicle_id","cmrc_veh_i","make","model","lic_plate_state","vehicle_year","vehicle_defect","vehicle_type","vehicle_use","travel_direction","maneuver","towed_i","fire_i","occupant_cnt","exceed_speed_limit_i","towed_by","towed_to","area_00_i","area_01_i","area_02_i","area_03_i","area_04_i","area_05_i","area_06_i","area_07_i","area_08_i","area_09_i","area_10_i","area_11_i","area_12_i","area_99_i","first_contact_point","cmv_id","usdot_no","ccmc_no","ilcc_no","commercial_src","gvwr","carrier_name","carrier_state","carrier_city","hazmat_placards_i","hazmat_name","un_no","hazmat_present_i","hazmat_report_i","hazmat_report_no","mcs_report_i","mcs_report_no","hazmat_vio_cause_crash_i","mcs_vio_cause_crash_i","idot_permit_no","wide_load_i","trailer1_width","trailer2_width","trailer1_length","trailer2_length","total_vehicle_length","axle_cnt","vehicle_config","cargo_body_type","load_type","hazmat_out_of_service_i","mcs_out_of_service_i","hazmat_class"
"1303330","e97ee7b9dafc1f91d9cb7914f8da6e29044f8752ba4a1393cebc2b68056ec622629f152fd5cac0163f828e0fbbf3531828c1975d1620042743c9732afb6bba2f",,"2022-03-22T16:39:00.000","2","DRIVER",,"1237741",,"TOYOTA","PRIUS","AZ","2016","UNKNOWN","PASSENGER","PERSONAL","E","STRAIGHT AHEAD",,,"1",,,,,,,,,,,,,"Y","Y","Y",,,"ROOF",,,,,,,,,,,,,,,,,,,,,,,,,,,,,,,,,
"1303435","f4253df25a3a84c003d0aa821144228640a48204f974e8badc1b5cd3ad0fba2a3de5bf30f809270067db23fe4ddbd3d49a4e5ba3b47c0946348a6a871f55560a",,"2022-03-22T16:31:00.000","1","DRIVER",,"1237845",,"NISSAN","VERSA","IL","2019","UNKNOWN","PASSENGER","PERSONAL","N","STRAIGHT AHEAD","Y",,"1",,,,,"Y","Y",,,,,,,,"Y","Y","Y",,"FRONT",,,,,,,,,,,,,,,,,,,,,,,,,,,,,,,,,
"1303436","f4253df25a3a84c003d0aa821144228640a48204f974e8badc1b5cd3ad0fba2a3de5bf30f809270067db23fe4ddbd3d49a4e5ba3b47c0946348a6a871f55560a",,"2022-03-22T16:31:00.000","2","PARKED",,"1237846",,"NISSAN","ROGUE","IL","2011","UNKNOWN","PASSENGER","NOT IN USE","N","PARKED","Y",,"0",,,,,,,,"Y","Y","Y","Y","Y",,,,,,"FRONT-LEFT",,,,,,,,,,,,,,,,,,,,,,,,,,,,,,,,,
"1303340","2d15c62f3dc371fd4abb0bfce6a01016f443c25ad7734ffefcefde5eb2a26d289c28daa918201fd6faaeae058d8147ba24df82be470f59c09e862bc5dd3932d6",,"2022-03-22T16:30:00.000","1","DRIVER",,"1237751",,"KIA","SORENTO","IL","2018","UNKNOWN","UNKNOWN/NA","UNKNOWN/NA","S","STRAIGHT AHEAD",,,"1",,,,,"N",,,,,,,,,,"N","Y",,"OTHER",,,,,,,,,,,,,,,,,,,,,,,,,,,,,,,,,
"1303341","2d15c62f3dc371fd4abb0bfce6a01016f443c25ad7734ffefcefde5eb2a26d289c28daa918201fd6faaeae058d8147ba24df82be470f59c09e862bc5dd3932d6",,"2022-03-22T16:30:00.000","2","DRIVER","1","1237764",,"PONTIAC","GRAND PRIX","IL","2004","UNKNOWN","PASSENGER","PERSONAL","S","SLOW/STOP IN TRAFFIC",,,"2",,,,,,,,,"Y","Y",,,,,,,,"REAR-LEFT",,,,,,,,,,,,,,,,,,,,,,,,,,,,,,,,,
"1303342","2d15c62f3dc371fd4abb0bfce6a01016f443c25ad7734ffefcefde5eb2a26d289c28daa918201fd6faaeae058d8147ba24df82be470f59c09e862bc5dd3932d6",,"2022-03-22T16:30:00.000","3","DRIVER",,"1237770",,"CHEVROLET","COBALT",,,"UNKNOWN","UNKNOWN/NA","UNKNOWN/NA","S","SLOW/STOP IN TRAFFIC",,,"1",,,,"Y",,,,,,,,,,,,,,"REAR-LEFT",,,,,,,,,,,,,,,,,,,,,,,,,,,,,,,,,
"1303354","857d7084ba00b4916cc6ae1e1a50d17c438d978077aa8e8f0a25bbb79a6ce230278b4c798d9133aa2fb0ae8867b3edf30ecb318c9d16fc32895388ac8fa39d0e",,"2022-03-22T16:30:00.000","1","DRIVER",,"1237759",,"KIA","SPORTAGE","IL","2013","UNKNOWN","SPORT UTILITY VEHICLE (SUV)","UNKNOWN/NA","W","UNKNOWN/NA",,,"1",,,,,,,,,,,,,,,,"Y",,"OTHER",,,,,,,,,,,,,,,,,,,,,,,,,,,,,,,,,
"1303355","857d7084ba00b4916cc6ae1e1a50d17c438d978077aa8e8f0a25bbb79a6ce230278b4c798d9133aa2fb0ae8867b3edf30ecb318c9d16fc32895388ac8fa39d0e",,"2022-03-22T16:30:00.000","2","DRIVER",,"1237767",,"HONDA","CR-V","IL","2021","UNKNOWN","SPORT UTILITY VEHICLE (SUV)","PERSONAL","W","SLOW/STOP IN TRAFFIC",,,"1",,,,,,,,,,"Y",,,,,,,,"REAR-LEFT",,,,,,,,,,,,,,,,,,,,,,,,,,,,,,,,,
"1303327","36d8cb6a83eb53bf4a6b5d160b746356145d8d14a505e0b8122064f2e90a2beb8d96335e9ecae447baab365cf3e4f408121fd31367fcf80d91cc8a3a07423193",,"2022-03-22T16:15:00.000","1","DRIVER",,"1237735",,"FORD","ESCAPE","IL","2005","NONE","PASSENGER","PERSONAL","N","TURNING LEFT","Y",,"1",,"private tow","private tow",,"Y","Y",,,,,,,,,"Y","Y",,"OTHER",,,,,,,,,,,,,,,,,,,,,,,,,,,,,,,,,
"1303328","36d8cb6a83eb53bf4a6b5d160b746356145d8d14a505e0b8122064f2e90a2beb8d96335e9ecae447baab365cf3e4f408121fd31367fcf80d91cc8a3a07423193",,"2022-03-22T16:15:00.000","2","DRIVER",,"1237738",,"JEEP","GRAND CHEROKEE","IL","2015","NONE","PASSENGER","PERSONAL","S","STRAIGHT AHEAD","Y",,"1",,"private tow","private two",,"Y","Y",,,,,,,,,"Y","Y",,"OTHER",,,,,,,,,,,,,,,,,,,,,,,,,,,,,,,,,
"1303325","8d4cf30de999cce8d9b75e1b86e4238b63117623219df55b087abaa0f104da0fccc7ec9bf4b221a7992265c35bcdb7b05d643069d24f8649e9779703a9e722fd",,"2022-03-22T16:15:00.000","1","DRIVER",,"1237731",,"UNKNOWN","OTHER (EXPLAIN IN NARRATIVE)",,,"UNKNOWN","PASSENGER","UNKNOWN/NA","W","STRAIGHT AHEAD",,,"1",,,,,,,,,,,,,,,,,,"ROOF",,,,,,,,,,,,,,,,,,,,,,,,,,,,,,,,,
"1303326","8d4cf30de999cce8d9b75e1b86e4238b63117623219df55b087abaa0f104da0fccc7ec9bf4b221a7992265c35bcdb7b05d643069d24f8649e9779703a9e722fd",,"2022-03-22T16:15:00.000","2","DRIVER",,"1237745",,"CHEVROLET","MALIBU","IL","2018","UNKNOWN","PASSENGER","PERSONAL","W","STRAIGHT AHEAD",,,"1",,,,,,,,,,,,,,,,,,"REAR",,,,,,,,,,,,,,,,,,,,,,,,,,,,,,,,,
"1303297","e1c244dd7edce68e069191b076f802ad502512a8d9a7fe921a6b7570b1ef887203f2ab3090623936ba710cd824f5eaad08a8366764b5bfc26fa7fcc4c327757f",,"2022-03-22T16:15:00.000","1","DRIVER",,"1237701",,"FORD","EXPLORER","IL","2021","NONE","SPORT UTILITY VEHICLE (SUV)","PERSONAL","S","CHANGING LANES",,,"1",,,,,"Y","Y",,,,,,,,,,,,"FRONT",,,,,,,,,,,,,,,,,,,,,,,,,,,,,,,,,
"1303298","e1c244dd7edce68e069191b076f802ad502512a8d9a7fe921a6b7570b1ef887203f2ab3090623936ba710cd824f5eaad08a8366764b5bfc26fa7fcc4c327757f",,"2022-03-22T16:15:00.000","2","DRIVER",,"1237707",,"HONDA","CR-V",,,"NONE","SPORT UTILITY VEHICLE (SUV)","PERSONAL","S","SLOW/STOP IN TRAFFIC",,,"1",,,,,,,,,,,"Y","Y",,,,,,"FRONT-LEFT",,,,,,,,,,,,,,,,,,,,,,,,,,,,,,,,,
"1303317","188395b3e4d76dc69fb1c9f8a2f8b00da530621e5ca3a67359b56eb97f6c25ed9291376a306116dae5245b167c6388f6cc32609b7d57fb221470fb73bbf10bd4",,"2022-03-22T16:05:00.000","1","DRIVER",,"1237723",,"TOYOTA","CELICA","IL","2003","UNKNOWN","PASSENGER","PERSONAL","W","STRAIGHT AHEAD","Y",,"1",,"private tow",,,"Y","Y","Y","Y",,,,,,,,,,"SIDE-RIGHT",,,,,,,,,,,,,,,,,,,,,,,,,,,,,,,,,
"1303318","188395b3e4d76dc69fb1c9f8a2f8b00da530621e5ca3a67359b56eb97f6c25ed9291376a306116dae5245b167c6388f6cc32609b7d57fb221470fb73bbf10bd4",,"2022-03-22T16:05:00.000","2","DRIVER","1","1237734",,"KIA","SOUL","IL","2016","NONE","PASSENGER","PERSONAL","S","STRAIGHT AHEAD","Y",,"2",,"triple d",,,"Y",,,,,,,,,,"Y","Y",,"OTHER",,,,,,,,,,,,,,,,,,,,,,,,,,,,,,,,,
"1303338","0bd00f9ccaa9f6246e65b554ced5e7a9679ee95ea35897f3d1048161fd7cff766e1bc5b89005dc5a1aac6bc28a55d396623bbf37c0e5928ae434ad4026e2e9d3",,"2022-03-22T16:00:00.000","1","DRIVER","2","1237743",,"LEXUS","ES330","IL","2005","NONE","PASSENGER","PERSONAL","W","UNKNOWN/NA",,,"3",,,,,,,,,,,,,,,"Y",,,"TOTAL (ALL AREAS)",,,,,,,,,,,,,,,,,,,,,,,,,,,,,,,,,
"1303339","0bd00f9ccaa9f6246e65b554ced5e7a9679ee95ea35897f3d1048161fd7cff766e1bc5b89005dc5a1aac6bc28a55d396623bbf37c0e5928ae434ad4026e2e9d3",,"2022-03-22T16:00:00.000","2","DRIVER","1","1237750",,"FORD","FLEX","IL","2011","NONE","VAN/MINI-VAN","PERSONAL","W","SLOW/STOP IN TRAFFIC",,,"2",,,,,,"Y","Y","Y",,,,,,,,,,"SIDE-RIGHT",,,,,,,,,,,,,,,,,,,,,,,,,,,,,,,,,
"1303311","d904f93bf9fc583ce0de0b48d2f6d38386cbcf7662d98710b8c3e262f19a10c4ca46c15baa5770e1b169aaa0e39ee9f2818f3bc195cb542dc6b8495f8d6f274a",,"2022-03-22T16:00:00.000","1","DRIVER","2","1237719",,"CHRYSLER","200","IL","2013","UNKNOWN","PASSENGER","PERSONAL","W","STRAIGHT AHEAD",,,"3",,,,,,,,,,,,,,,,,"Y","UNKNOWN",,,,,,,,,,,,,,,,,,,,,,,,,,,,,,,,,
"1303312","d904f93bf9fc583ce0de0b48d2f6d38386cbcf7662d98710b8c3e262f19a10c4ca46c15baa5770e1b169aaa0e39ee9f2818f3bc195cb542dc6b8495f8d6f274a",,"2022-03-22T16:00:00.000","2","DRIVER",,"1237726",,"BMW","OTHER (EXPLAIN IN NARRATIVE)",,"2003","UNKNOWN","VAN/MINI-VAN","COMMERCIAL - SINGLE UNIT","W","STRAIGHT AHEAD",,,"1",,,,,"Y",,,,,,,,,"Y","Y",,,"ROOF",,,,,,,,,,,,,,,,,,,,,,,,,,,,,,,,,
"1303303","dd328190990e68d3ca7f282ec8fea3c007ece1aa3b94a3134d9ab5c16e1947851fc4a1e3b29b87fed95f367dadb5f09f25ff3790e2446edf450cf999e0ec950f",,"2022-03-22T16:00:00.000","1","DRIVER",,"1237710",,"UNKNOWN","MOTORIZED",,,"UNKNOWN","PASSENGER","PERSONAL","E","STRAIGHT AHEAD",,,"1",,,,,,,,,,,,,,,,,,"UNKNOWN",,,,,,,,,,,,,,,,,,,,,,,,,,,,,,,,,
"1303304","dd328190990e68d3ca7f282ec8fea3c007ece1aa3b94a3134d9ab5c16e1947851fc4a1e3b29b87fed95f367dadb5f09f25ff3790e2446edf450cf999e0ec950f",,"2022-03-22T16:00:00.000","2","DRIVER",,"1237715",,"LEXUS","ES350","IL","2008","UNKNOWN","PASSENGER","PERSONAL","E","STRAIGHT AHEAD",,,"1",,,,,,,,,,,,,,,,,,"SIDE-RIGHT",,,,,,,,,,,,,,,,,,,,,,,,,,,,,,,,,
"1303385","e3398032a276c83670ea6ebb51ccb8300332a2390a992376af3b9f98ae0211e47c13e7c736181768ce97279f6facffe3262535ec18c7d7a7d2ce94638eb747bd",,"2022-03-22T16:00:00.000","1","DRIVER",,"1237800",,"CHEVROLET","IMPALA","IL","2006","UNKNOWN","PASSENGER","UNKNOWN/NA","UNKNOWN","STRAIGHT AHEAD",,,"1",,,,,,,,,,,,,,,,,"Y","SIDE-RIGHT",,,,,,,,,,,,,,,,,,,,,,,,,,,,,,,,,
"1303386","e3398032a276c83670ea6ebb51ccb8300332a2390a992376af3b9f98ae0211e47c13e7c736181768ce97279f6facffe3262535ec18c7d7a7d2ce94638eb747bd",,"2022-03-22T16:00:00.000","2","BICYCLE",,,,,,,,,,,,,,,,,,,,,,,,,,,,,,,,,,,,,,,,,,,,,,,,,,,,,,,,,,,,,,,,,,
"1303299","f9c885b58583bc75a44618c4242e943a55a1ba70d914ddfc00db0c7de8f51f78d9c414d2772cedf622e9485ebc3d4151f0920dc59af398598b82bc2986b3a479",,"2022-03-22T16:00:00.000","1","DRIVER","1","1237711",,"PONTIAC","GRAND PRIX","IL","2002","UNKNOWN","PASSENGER","PERSONAL","E","ENTERING TRAFFIC LANE FROM PARKING",,,"2",,,,,,,,,,,,,,,"Y",,,"TOTAL (ALL AREAS)",,,,,,,,,,,,,,,,,,,,,,,,,,,,,,,,,
"1303300","f9c885b58583bc75a44618c4242e943a55a1ba70d914ddfc00db0c7de8f51f78d9c414d2772cedf622e9485ebc3d4151f0920dc59af398598b82bc2986b3a479",,"2022-03-22T16:00:00.000","2","DRIVER",,"1237714",,"JEEP","PATRIOT","IL","2015","NONE","PASSENGER","PERSONAL","E","STRAIGHT AHEAD",,,"1",,,,,"Y","Y","Y","Y","Y",,,,,,,,,"SIDE-RIGHT",,,,,,,,,,,,,,,,,,,,,,,,,,,,,,,,,
"1303289","f05766163d1d22c35713219dfa1d5996fd167f64439032d33dc8ccd3eb60a0b56785102320c92aa739830b3c2027ca4f2ea1b7d892010d1cdd11f60298700997",,"2022-03-22T15:59:00.000","1","DRIVER",,"1237693",,"JEEP","CHEROKEE",,,"UNKNOWN","SPORT UTILITY VEHICLE (SUV)","UNKNOWN/NA","W","PASSING/OVERTAKING",,,"1",,,,,,,,"Y","Y",,,,,,,,,"REAR-RIGHT",,,,,,,,,,,,,,,,,,,,,,,,,,,,,,,,,
"1303290","f05766163d1d22c35713219dfa1d5996fd167f64439032d33dc8ccd3eb60a0b56785102320c92aa739830b3c2027ca4f2ea1b7d892010d1cdd11f60298700997",,"2022-03-22T15:59:00.000","2","PARKED",,"1237699",,"TOYOTA","COROLLA","IL","2014","UNKNOWN","PASSENGER","PERSONAL","W","PARKED",,,"0",,,,,,,,,,,"Y","Y",,,,,,"FRONT-LEFT",,,,,,,,,,,,,,,,,,,,,,,,,,,,,,,,,
"1303279","49d80bd20f8b0bb649a2c8fb6319c876ba7014b906d5896bac15bfc30fd6781b8bae499648812ab1032f1e2245e84cd040fd64cd5f334911b100c1a419612f5a",,"2022-03-22T15:57:00.000","1","DRIVER",,"1237692",,"CHEVROLET","OTHER (EXPLAIN IN NARRATIVE)","IL","2010","UNKNOWN","PASSENGER","PERSONAL","N","STRAIGHT AHEAD",,,"1",,,,,"Y",,,,,,,,,,"Y","Y",,"OTHER",,,,,,,,,,,,,,,,,,,,,,,,,,,,,,,,,
"1303280","49d80bd20f8b0bb649a2c8fb6319c876ba7014b906d5896bac15bfc30fd6781b8bae499648812ab1032f1e2245e84cd040fd64cd5f334911b100c1a419612f5a",,"2022-03-22T15:57:00.000","2","DRIVER",,"1237694",,"JEEP","GRAND CHEROKEE","IL","2021","NONE","PASSENGER","PERSONAL","E","STRAIGHT AHEAD",,,"1",,,,,,,,,,,,,,,,,,"SIDE-RIGHT",,,,,,,,,,,,,,,,,,,,,,,,,,,,,,,,,
"1303261","2c7bb9dd32f94974ccb322e4824b1d91c7da67ffa1a7520b871f38efbf1943a3b57b57340ee789033e6888ad061f41e0164796ff522364c8c54f47bee643141b",,"2022-03-22T15:50:00.000","1","DRIVER",,"1237668",,"NISSAN","OTHER (EXPLAIN IN NARRATIVE)","IL",,"UNKNOWN","PICKUP","UNKNOWN/NA","S","STRAIGHT AHEAD",,,"1",,,,,"Y","Y",,,,,,,,,,,,"FRONT",,,,,,,,,,,,,,,,,,,,,,,,,,,,,,,,,
"1303262","2c7bb9dd32f94974ccb322e4824b1d91c7da67ffa1a7520b871f38efbf1943a3b57b57340ee789033e6888ad061f41e0164796ff522364c8c54f47bee643141b",,"2022-03-22T15:50:00.000","2","DRIVER",,"1237677",,"NEW FLYER","OTHER (EXPLAIN IN NARRATIVE)","IL","2006","UNKNOWN","BUS OVER 15 PASS.","CTA","S","STRAIGHT AHEAD",,,"1",,,,,,,,,,,,,,"Y","Y",,,"TOTAL (ALL AREAS)",,,,,,,,,,,,,,,,,,,,,,,,,,,,,,,,,
"1303277","ef299ccc4cb338ad7b4abaf0595f8294797c267970acca3bb9ec9ccf40e7565d381a67c8fd4140913e8b4fef12edd45e88a080521d202e54e83cc183434f8821",,"2022-03-22T15:45:00.000","1","DRIVER",,"1237683",,"PORSCHE","CAYENNE","IL","2008","NONE","SPORT UTILITY VEHICLE (SUV)","UNKNOWN/NA","S","STRAIGHT AHEAD",,,"1",,,,,,,,,,,,,,,,"Y",,"OTHER",,,,,,,,,,,,,,,,,,,,,,,,,,,,,,,,,
"1303278","ef299ccc4cb338ad7b4abaf0595f8294797c267970acca3bb9ec9ccf40e7565d381a67c8fd4140913e8b4fef12edd45e88a080521d202e54e83cc183434f8821",,"2022-03-22T15:45:00.000","2","DRIVER","1","1237688",,"KIA","FORTE","IL","2021","NONE","PASSENGER","PERSONAL","S","SLOW/STOP IN TRAFFIC",,,"2",,,,,,,,,,"Y",,,,,,,,"REAR-LEFT",,,,,,,,,,,,,,,,,,,,,,,,,,,,,,,,,
"1303285","f31028324f5659eb352a333c726497b6a862c646cc21cbaed261ce6bce3bd0973fe63d3f75181921c4ce683c4afbd0b6d027e401207616f121914426d3c7de25",,"2022-03-22T15:44:00.000","1","DRIVER",,"1237696","N","FORD","ECONOLINE E150","IL","2020","UNKNOWN","OTHER","COMMERCIAL - SINGLE UNIT","NE","TURNING LEFT",,,"1",,,,,"Y",,,,,,,,,,,,,"FRONT",,,,,,,,,,,,,,,,,,,,,,,,,,,,,,,,,
"1303286","f31028324f5659eb352a333c726497b6a862c646cc21cbaed261ce6bce3bd0973fe63d3f75181921c4ce683c4afbd0b6d027e401207616f121914426d3c7de25",,"2022-03-22T15:44:00.000","2","DRIVER","1","1237706",,"GENERAL MOTORS CORPORATION (GMC)","ACADIA","IL","2011","UNKNOWN","PASSENGER","PERSONAL","S","STRAIGHT AHEAD",,,"2",,,,,,"Y","Y",,,,,,,,,,,"FRONT-RIGHT",,,,,,,,,,,,,,,,,,,,,,,,,,,,,,,,,
"1303265","b25d7d07c1991acdfb8615275db4c0c23e63f7c646f726505833a53477013a1c86d89b36d1e0d6cbee7b1876264997a15a6eda46bb04f2fcb8f7468788b282d9",,"2022-03-22T15:37:00.000","1","DRIVER","2","1237675",,"FORD","ESCAPE","IL","2015","NONE","SPORT UTILITY VEHICLE (SUV)","PERSONAL","E","STRAIGHT AHEAD",,,"3",,,,,"Y",,,,,,,,,,,"Y",,"FRONT",,,,,,,,,,,,,,,,,,,,,,,,,,,,,,,,,
"1303266","b25d7d07c1991acdfb8615275db4c0c23e63f7c646f726505833a53477013a1c86d89b36d1e0d6cbee7b1876264997a15a6eda46bb04f2fcb8f7468788b282d9",,"2022-03-22T15:37:00.000","2","DRIVER","1","1237686",,"JEEP","GRAND CHEROKEE","IL","2015","NONE","SPORT UTILITY VEHICLE (SUV)","RIDESHARE SERVICE","N","STRAIGHT AHEAD",,,"2",,,,,,,,,,,,,,,"Y","Y",,"TOTAL (ALL AREAS)",,,,,,,,,,,,,,,,,,,,,,,,,,,,,,,,,
"1303366","a6973705f3400ebb3ee29daa3ca0ff92acde74ab2843367ea9033d09f6376c005bc80af2b1087a4fa0abde45dc423c763858ebb1a2a0353edb072cd4fd4fe6bf",,"2022-03-22T15:35:00.000","1","DRIVER",,"1237778",,"HYUNDAI","ELANTRA","IL","2017","UNKNOWN","PASSENGER","PERSONAL","SE","STRAIGHT AHEAD","Y",,"1",,"Herrara's  Towing","private lot",,"Y",,,,,,,,,,"Y","Y",,"OTHER",,,,,,,,,,,,,,,,,,,,,,,,,,,,,,,,,
"1303367","a6973705f3400ebb3ee29daa3ca0ff92acde74ab2843367ea9033d09f6376c005bc80af2b1087a4fa0abde45dc423c763858ebb1a2a0353edb072cd4fd4fe6bf",,"2022-03-22T15:35:00.000","2","DRIVER",,"1237782",,"CHEVROLET","MALIBU","IN","2008","UNKNOWN","PASSENGER","PERSONAL","SE","STRAIGHT AHEAD","Y",,"1",,"herarra's towing","private lot",,"Y","Y","Y","Y","Y","Y","Y","Y","Y","Y","Y",,,"REAR",,,,,,,,,,,,,,,,,,,,,,,,,,,,,,,,,
"1303389","27ae4e76f582bea6e98ae85e3a29e2c09ab82f3ded6a5bae22222440b84b07c77f387a7a3307b3f1b9538654312d6ef45aa4cd06085b4ce26240aa841bc1d432",,"2022-03-22T15:30:00.000","1","DRIVER",,"1237791",,"HYUNDAI","ELANTRA","IL","2013","NONE","PASSENGER","PERSONAL","S","STRAIGHT AHEAD",,,"1",,,,,"Y",,,,,,,,,,"Y","Y",,"OTHER",,,,,,,,,,,,,,,,,,,,,,,,,,,,,,,,,
"1303390","27ae4e76f582bea6e98ae85e3a29e2c09ab82f3ded6a5bae22222440b84b07c77f387a7a3307b3f1b9538654312d6ef45aa4cd06085b4ce26240aa841bc1d432",,"2022-03-22T15:30:00.000","2","DRIVER",,"1237799",,"TOYOTA","RAV4","IL","2013","NONE","SPORT UTILITY VEHICLE (SUV)","PERSONAL","SW","SLOW/STOP IN TRAFFIC",,,"1",,,,,,,,,"Y","Y","Y",,,,,,,"REAR-LEFT",,,,,,,,,,,,,,,,,,,,,,,,,,,,,,,,,
"1303251","9625c1ea9f484ca58a0783e8808b3b8e45bad7a2434b970bc8f5625c623f41f2156cf3b75ef72c5ab641773cbedb874339f7db56a4d5f2ba7412555cd49ae9cf",,"2022-03-22T15:28:00.000","1","DRIVER","1","1237661",,"CHRYSLER","PACIFICA","IL","2017","UNKNOWN","PASSENGER","PERSONAL","N","STRAIGHT AHEAD",,,"2",,,,,"Y",,,,,,,,,,"Y","Y",,"OTHER",,,,,,,,,,,,,,,,,,,,,,,,,,,,,,,,,
"1303252","9625c1ea9f484ca58a0783e8808b3b8e45bad7a2434b970bc8f5625c623f41f2156cf3b75ef72c5ab641773cbedb874339f7db56a4d5f2ba7412555cd49ae9cf",,"2022-03-22T15:28:00.000","2","DRIVER",,"1237672",,"DODGE","JOURNEY","IL","2016","UNKNOWN","PASSENGER","PERSONAL","N","SLOW/STOP IN TRAFFIC",,,"1",,,,,,,,,"Y","Y","Y",,,,,,,"REAR-LEFT",,,,,,,,,,,,,,,,,,,,,,,,,,,,,,,,,
"1303257","1f54163c0afc4a724a8254f7fb04b655f6a26b3344fce742c3e2b443d0d327bad7c1da9b83c36d46adf12f35058ac51ef2a8e81a1c3ea0ca54c86ad300823126",,"2022-03-22T15:16:00.000","1","DRIVER",,"1237663",,"TOYOTA","OTHER (EXPLAIN IN NARRATIVE)","IL","1997","NONE","PASSENGER","PERSONAL","E","STRAIGHT AHEAD",,,"1",,,,,"Y",,,,,,,,,,"Y","Y",,"OTHER",,,,,,,,,,,,,,,,,,,,,,,,,,,,,,,,,
"1303258","1f54163c0afc4a724a8254f7fb04b655f6a26b3344fce742c3e2b443d0d327bad7c1da9b83c36d46adf12f35058ac51ef2a8e81a1c3ea0ca54c86ad300823126",,"2022-03-22T15:16:00.000","2","DRIVER","9","1237670","Y","BLUEBIRD INTERNATIONAL","BLUEBIRD INTERNATIONAL","IL","2009","NONE","BUS OVER 15 PASS.","SCHOOL BUS","E","SLOW/STOP IN TRAFFIC",,,"10",,,,,,,,,,,,,,,,,"Y","REAR-LEFT","14287",,,,,,"ILLINOIS CENTRAL TRUCK LEASING LLC--FIRM OWNED","IL","COAL CITY",,,,,,,,,,,,,,,,,"40","2","BUS","BUS",,,,
"1303270","83c13b4b240d11354573a980ac520f5d39120d0851320b4fdc45ab39ea243877679ca955a31c4573d5ac7e3a70258004909c11db4e6bca2c691a95bb2499c3e3",,"2022-03-22T15:11:00.000","1","DRIVER","1","1237681",,"SUBARU","OUTBACK","IL","2016","UNKNOWN","PASSENGER","UNKNOWN/NA","S","STRAIGHT AHEAD",,,"2",,,,,"Y",,,,,,,,,,"Y","Y",,"OTHER",,,,,,,,,,,,,,,,,,,,,,,,,,,,,,,,,
"1303271","83c13b4b240d11354573a980ac520f5d39120d0851320b4fdc45ab39ea243877679ca955a31c4573d5ac7e3a70258004909c11db4e6bca2c691a95bb2499c3e3",,"2022-03-22T15:11:00.000","2","DRIVER",,"1237691",,"KIA","OPTIMA / K5","IL","2013","UNKNOWN","PASSENGER","UNKNOWN/NA","SE","TURNING LEFT",,,"1",,,,,,,,,"Y","Y","Y","Y",,,,,,"REAR-LEFT",,,,,,,,,,,,,,,,,,,,,,,,,,,,,,,,,
"1303263","29f83ffea89ef16238ec5f6d0c3dd5297e9a4c1b7c9e730c8edc04d4d74c962427d34d941ed43e37e555add78ec9926e9a6b9481cbce8742622243791d519efd",,"2022-03-22T15:00:00.000","1","DRIVER",,"1237671",,"CHEVROLET","TRAIL BLAZER","IL",,"NONE","SPORT UTILITY VEHICLE (SUV)","PERSONAL","W","CHANGING LANES",,,"1",,,,,,,,,,,,,,"Y","Y",,,"TOTAL (ALL AREAS)",,,,,,,,,,,,,,,,,,,,,,,,,,,,,,,,,
"1303264","29f83ffea89ef16238ec5f6d0c3dd5297e9a4c1b7c9e730c8edc04d4d74c962427d34d941ed43e37e555add78ec9926e9a6b9481cbce8742622243791d519efd",,"2022-03-22T15:00:00.000","2","DRIVER",,"1237673",,"CHEVROLET","MALIBU","IL",,"NONE","PASSENGER","PERSONAL","W","STRAIGHT AHEAD",,,"1",,,,,,,,"Y","Y",,,,,,,,,"SIDE-RIGHT",,,,,,,,,,,,,,,,,,,,,,,,,,,,,,,,,
"1303255","519824af39ee4e448a5d7dc2255559829f2bef784b26f91e3b9587f1cdce8aad7be857b13fa9b95570aa0766821e7ad3a277924407a92e6845e79299b1b8acbb",,"2022-03-22T15:00:00.000","1","DRIVER",,"1237664",,"UNKNOWN","OTHER (EXPLAIN IN NARRATIVE)",,,"UNKNOWN","VAN/MINI-VAN","UNKNOWN/NA","S","TURNING LEFT",,,"1",,,,,,,,,,,,"Y",,,,,,"FRONT-LEFT",,,,,,,,,,,,,,,,,,,,,,,,,,,,,,,,,
"1303256","519824af39ee4e448a5d7dc2255559829f2bef784b26f91e3b9587f1cdce8aad7be857b13fa9b95570aa0766821e7ad3a277924407a92e6845e79299b1b8acbb",,"2022-03-22T15:00:00.000","2","DRIVER",,"1237669",,"HYUNDAI","ELANTRA","IL",,"NONE","PASSENGER","PERSONAL","S","STRAIGHT AHEAD",,,"1",,,,,,,,,,"Y",,,,,,,,"REAR-LEFT",,,,,,,,,,,,,,,,,,,,,,,,,,,,,,,,,
"1303323","6fc45cd1125e9def58f9fcf42518466914d33a57efb14ff3bf6a09bed35dbfd60bd5666e86db3d07b401143b56e3278a6b1641d7fb5ddf9992202193a0714eca",,"2022-03-22T15:00:00.000","1","DRIVER",,"1237733",,"FORD","EXPLORER","TX","2004","UNKNOWN","SPORT UTILITY VEHICLE (SUV)","PERSONAL","N","STRAIGHT AHEAD",,,"1",,,,,,,,,,,"Y","Y","Y","Y","Y",,,"ROOF",,,,,,,,,,,,,,,,,,,,,,,,,,,,,,,,,