"crash_unit_id","crash_record_id","rd_no","crash_date","unit_no","unit_type","num_passengers","vehicle_id","cmrc_veh_i","make","model","lic_plate_state","vehicle_year","vehicle_defect","vehicle_type","vehicle_use","travel_direction","maneuver","towed_i","fire_i","occupant_cnt","exceed_speed_limit_i","towed_by","towed_to","area_00_i","area_01_i","area_02_i","area_03_i","area_04_i","area_05_i","area_06_i","area_07_i","area_08_i","area_09_i","area_10_i","area_11_i","area_12_i","area_99_i","first_contact_point","cmv_id","usdot_no","ccmc_no","ilcc_no","commercial_src","gvwr","carrier_name","carrier_state","carrier_city","hazmat_placards_i","hazmat_name","un_no","hazmat_present_i","hazmat_report_i","hazmat_report_no","mcs_report_i","mcs_report_no","hazmat_vio_cause_crash_i","mcs_vio_cause_crash_i","idot_permit_no","wide_load_i","trailer1_width","trailer2_width","trailer1_length","trailer2_length","total_vehicle_length","axle_cnt","vehicle_config","cargo_body_type","load_type","hazmat_out_of_service_i","mcs_out_of_service_i","hazmat_class"
"1303154","cd89498b09fb4285cc0a4d45ea955880917838cd932740d79280422fced9c205d9ccb7bb0e0ab44e04972e7b6b7883fcb9fd5c40c2b44a7a79ab46f936e8c34b",,"2022-03-22T11:10:00.000","2","DRIVER",,"1237580",,"TOYOTA","RAV4","IL","2016","UNKNOWN","SPORT UTILITY VEHICLE (SUV)","PERSONAL","N","OTHER",,,"1",,,,,"Y","Y","Y",,,,,,,,,,,"SIDE-RIGHT",,,,,,,,,,,,,,,,,,,,,,,,,,,,,,,,,
"1303167","37b492c2472a9c6539d072b54f39d93a976709b11380ad7c5e1df27b0ae9c38990b9bb7d01f991c5018ae45465c7c89ce514999dbfb99a5a333ee1e61da927cc",,"2022-03-22T11:04:00.000","1","DRIVER",,"1237587",,"HYUNDAI","SANTA FE","MO","2013","UNKNOWN","PASSENGER","PERSONAL","W","PASSING/OVERTAKING",,,"1",,,,,,,,,,,,"Y",,,,,,"FRONT-LEFT",,,,,,,,,,,,,,,,,,,,,,,,,,,,,,,,,
"1303168","37b492c2472a9c6539d072b54f39d93a976709b11380ad7c5e1df27b0ae9c38990b9bb7d01f991c5018ae45465c7c89ce514999dbfb99a5a333ee1e61da927cc",,"2022-03-22T11:04:00.000","2","PEDESTRIAN",,,,,,,,,,,,,,,,,,,,,,,,,,,,,,,,,,,,,,,,,,,,,,,,,,,,,,,,,,,,,,,,,,
"1303127","8c0a20c5a4a1c9a1f7673f06b272fdd32a5b540ec02c2d187f18e87e189f146d936a14c9883870f92660b6b19016038930e031fd9cb283198011417f94da80af",,"2022-03-22T11:00:00.000","1","DRIVER",,"1237541",,"TOYOTA","SIENNA","IL","2011","NONE","PASSENGER","PERSONAL","W","CHANGING LANES",,,"1",,,,,"Y","Y",,,,,,,,,,,,"FRONT",,,,,,,,,,,,,,,,,,,,,,,,,,,,,,,,,
"1303128","8c0a20c5a4a1c9a1f7673f06b272fdd32a5b540ec02c2d187f18e87e189f146d936a14c9883870f92660b6b19016038930e031fd9cb283198011417f94da80af",,"2022-03-22T11:00:00.000","2","DRIVER",,"1237545",,"CHEVROLET","IMPALA","IL","2015","NONE","PASSENGER","PERSONAL","W","STRAIGHT AHEAD",,,"1",,,,,,,,,,,"Y","Y","Y","Y","Y",,,"ROOF",,,,,,,,,,,,,,,,,,,,,,,,,,,,,,,,,
"1303358","dc562b4648cc1b0e33b3f507954b66910576c0ffb84e27744a13afb50a251a2e9e4664af60a750599f1d7a6d0c566baf30f4754125f2a52f388f84ac1123c106",,"2022-03-22T11:00:00.000","1","DRIVER",,"1237762",,"SUBARU","OUTBACK","IL","2021","UNKNOWN","PASSENGER","UNKNOWN/NA","E","TURNING LEFT",,,"1",,,,,,,,,,,,,,,,"Y",,"OTHER",,,,,,,,,,,,,,,,,,,,,,,,,,,,,,,,,
"1303359","dc562b4648cc1b0e33b3f507954b66910576c0ffb84e27744a13afb50a251a2e9e4664af60a750599f1d7a6d0c566baf30f4754125f2a52f388f84ac1123c106",,"2022-03-22T11:00:00.000","2","DRIVER",,"1237763",,"FORD","RANGER","IL","2020","NONE","PICKUP","PERSONAL","S","STRAIGHT AHEAD",,,"1",,,,,,,"Y",,,,,,,,,,,"SIDE-RIGHT",,,,,,,,,,,,,,,,,,,,,,,,,,,,,,,,,
"1303174","f85249a8cab2c5cb1fe44db3bea7793cb308442feed60aa930e65dc7f5f39139d76e43c95c8a8f700f5a014bcf04f2b83c450e3097d2e54597b2d3ee1087dd5d",,"2022-03-22T11:00:00.000","1","DRIVER",,"1237585",,"JEEP","LIBERTY","IL","2011","UNKNOWN","PASSENGER","UNKNOWN/NA","E","BACKING",,,"1",,,,,,,,,,,,,,,,,"Y","REAR-LEFT",,,,,,,,,,,,,,,,,,,,,,,,,,,,,,,,,
"1303175","f85249a8cab2c5cb1fe44db3bea7793cb308442feed60aa930e65dc7f5f39139d76e43c95c8a8f700f5a014bcf04f2b83c450e3097d2e54597b2d3ee1087dd5d",,"2022-03-22T11:00:00.000","2","DRIVER",,"1237589",,"CHEVROLET","MALIBU","IL","2016","NONE","PASSENGER","PERSONAL","E","OTHER",,,"1",,,,,,,,,"Y",,,,,,,,,"REAR",,,,,,,,,,,,,,,,,,,,,,,,,,,,,,,,,
"1303150","a6a1d3f7b596232e251c918c9ff9569bae555df7ac76f694f778277cd517bdc8e17d0d3a20baabb4eb8d26392e82bd165cb476d3e3fb0e1a19949a476add2ecd",,"2022-03-22T10:52:00.000","1","DRIVER",,"1237568",,"DODGE","CARAVAN","IL","2011","NONE","VAN/MINI-VAN","PERSONAL","S","STRAIGHT AHEAD","Y",,"1",,"PRIVATE",,,"Y",,,,,,,,,,"Y","Y",,"OTHER",,,,,,,,,,,,,,,,,,,,,,,,,,,,,,,,,
"1303103","91639e4205eda08db7fa2a27844f1d00441af3524b00e015c8417fe1b43a6525310e22fcc70a12f2742ea7622716d5aa5561a0ed14e5874599127ece51616844",,"2022-03-22T10:37:00.000","1","DRIVER",,"1237518",,"GENERAL MOTORS CORPORATION (GMC)","TERRAIN","IL","2010","NONE","SPORT UTILITY VEHICLE (SUV)","PERSONAL","S","SLOW/STOP IN TRAFFIC",,,"1",,,,,"Y",,,,,,,,,,,,,"FRONT",,,,,,,,,,,,,,,,,,,,,,,,,,,,,,,,,
"1303104","91639e4205eda08db7fa2a27844f1d00441af3524b00e015c8417fe1b43a6525310e22fcc70a12f2742ea7622716d5aa5561a0ed14e5874599127ece51616844",,"2022-03-22T10:37:00.000","2","DRIVER","1","1237524",,"KIA","FORTE","IL","2014","NONE","PASSENGER","PERSONAL","S","CHANGING LANES",,,"2",,,,,,,,,,,,,"Y",,,,,"ROOF",,,,,,,,,,,,,,,,,,,,,,,,,,,,,,,,,
"1303182","5c59afae70a85ae446be597067a60197cb7707e4d364ac7fe79dee0bea28fcee19f976190e118b060b8ff991c7eef63b47d480935a945ef26f5ef3a7e895667d",,"2022-03-22T10:25:00.000","1","DRIVER",,"1237595",,"ACURA","ZDX","IL","2004","NONE","SPORT UTILITY VEHICLE (SUV)","PERSONAL","E","MERGING",,,"1",,,,,"Y","Y",,,,,,,,"Y","Y","Y",,"OTHER",,,,,,,,,,,,,,,,,,,,,,,,,,,,,,,,,
"1303183","5c59afae70a85ae446be597067a60197cb7707e4d364ac7fe79dee0bea28fcee19f976190e118b060b8ff991c7eef63b47d480935a945ef26f5ef3a7e895667d",,"2022-03-22T10:25:00.000","2","DRIVER",,"1237601",,"CHEVROLET","IMPALA","IL","2006","NONE","PASSENGER","PERSONAL","S","STRAIGHT AHEAD","Y",,"1",,"OWNER","REPAIR SHOP",,"Y","Y",,,,,,,,,"Y","Y",,"OTHER",,,,,,,,,,,,,,,,,,,,,,,,,,,,,,,,,
"1303115","85c5e8386269d8867b1df9c8203247b0d0b62c7cfbfd39cac4b77bf948cadd36fa9a4bac7f8d7d2aa8d5e44f65091324e6ba6b1b43f0181c4a690fa88e4c6235",,"2022-03-22T10:25:00.000","1","DRIVER",,"1237523",,"NISSAN","JUKE","IL","2013","NONE","PASSENGER","PERSONAL","S","STRAIGHT AHEAD",,,"1",,,,,"Y","Y",,,,,,,,"Y","Y","Y",,"TOTAL (ALL AREAS)",,,,,,,,,,,,,,,,,,,,,,,,,,,,,,,,,
"1303116","85c5e8386269d8867b1df9c8203247b0d0b62c7cfbfd39cac4b77bf948cadd36fa9a4bac7f8d7d2aa8d5e44f65091324e6ba6b1b43f0181c4a690fa88e4c6235",,"2022-03-22T10:25:00.000","2","DRIVER",,"1237532",,"SUBARU","LEGACY","MI","2019","NONE","PASSENGER","PERSONAL","S","STRAIGHT AHEAD",,,"1",,,,,,,"Y","Y","Y","Y","Y","Y",,,,,,"SIDE-RIGHT",,,,,,,,,,,,,,,,,,,,,,,,,,,,,,,,,
"1303087","fe0b47e6a9cce251279f7bc929767635be11ba8f873c135e8bc58b22d850cea831915e545966596b3362597e4dcf9817a4d37dc4885502cfbe1012e75ea1becf",,"2022-03-22T10:20:00.000","1","DRIVER",,"1237526",,"NISSAN","SENTRA","IL","2021","NONE","PASSENGER","PERSONAL","W","STRAIGHT AHEAD",,,"1",,,,,"Y","Y",,,,,,,,,,,,"FRONT",,,,,,,,,,,,,,,,,,,,,,,,,,,,,,,,,
"1303088","fe0b47e6a9cce251279f7bc929767635be11ba8f873c135e8bc58b22d850cea831915e545966596b3362597e4dcf9817a4d37dc4885502cfbe1012e75ea1becf",,"2022-03-22T10:20:00.000","2","DRIVER",,"1237533",,"INTERNATIONAL TRAILER CORPORATION","INTERNATIONAL TRAILER CORP.","IL","2005","NONE","TRUCK - SINGLE UNIT","OTHER","E","TURNING LEFT",,,"1",,,,,,,,,"Y",,,,,,,,,"REAR",,,,,,,,,,,,,,,,,,,,,,,,,,,,,,,,,
"1303109","34bbc4a21672a1ad3602d4ab21027711db7200090aba47376b67a58ef3ff2766eb8d48476d2d1d845d5ad0257387024d5f2864574a4fbffa40e8b88a8e58235c",,"2022-03-22T10:10:00.000","1","DRIVER",,"1237521",,"FORD","FLEX","IL","2015","UNKNOWN","PASSENGER","PERSONAL","E","TURNING RIGHT",,,"1",,,,,,,,,,,,,,,"Y",,,"TOTAL (ALL AREAS)",,,,,,,,,,,,,,,,,,,,,,,,,,,,,,,,,
"1303110","34bbc4a21672a1ad3602d4ab21027711db7200090aba47376b67a58ef3ff2766eb8d48476d2d1d845d5ad0257387024d5f2864574a4fbffa40e8b88a8e58235c",,"2022-03-22T10:10:00.000","2","DRIVER",,"1237534","N","FREIGHTLINER CORPORATION","FREIGHTLINER CORP.","IN","2013","UNKNOWN","SINGLE UNIT TRUCK WITH TRAILER","COMMERCIAL - SINGLE UNIT","E","TURNING RIGHT",,,"1",,,,"Y",,,,,,,,,,,,,,"UNKNOWN",,,,,,,,,,,,,,,,,,,,,,,,,,,,,,,,,
"1303102","6a13753f7f2df17a66e215c8dba08fa204a9c8f3af1b1f331e3fb4d6faf57058a59645a39b0c49b3441cc1a71a427694819e9941addce53a31f05931992e4b84",,"2022-03-22T10:10:00.000","1","DRIVER",,"1237514","N","AUTOCAR","AUTOCAR","IL","2010","NONE","OTHER","STATE OWNED","S","BACKING",,,"1",,,,"Y",,,,,,,,,,,,,,"REAR-LEFT",,,,,,,,,,,,,,,,,,,,,,,,,,,,,,,,,
"1303089","28cab66b94ce2f50f39c832ac01313d99c23e7438d3f0c6238d51b9b7899e34dc37ae46befd58022a28cabbc1b87e197d068817242ba7a4c683ca60233dc2e6f",,"2022-03-22T10:05:00.000","1","DRIVER",,"1237505",,"CHEVROLET","ASTRO","IL","2004","NONE","VAN/MINI-VAN","COMMERCIAL - SINGLE UNIT","N","STRAIGHT AHEAD",,,"1",,,,,"Y",,,,,,,,,,,,,"FRONT",,,,,,,,,,,,,,,,,,,,,,,,,,,,,,,,,
"1303090","28cab66b94ce2f50f39c832ac01313d99c23e7438d3f0c6238d51b9b7899e34dc37ae46befd58022a28cabbc1b87e197d068817242ba7a4c683ca60233dc2e6f",,"2022-03-22T10:05:00.000","2","DRIVER","1","1237528",,"KIA","CADENZA","NY","2014","NONE","PASSENGER","PERSONAL","S","TURNING LEFT",,,"2",,,,,,,,,"Y",,,,,,,,,"REAR",,,,,,,,,,,,,,,,,,,,,,,,,,,,,,,,,
"1303398","4f0b886abc57ed706c773c48da1a30a561f50ac24f885fb959260ea43c3676ddefe3cfbe4c844282a828d77591e02be667f4ab7955017021973612194b437da9",,"2022-03-22T10:00:00.000","1","DRIVER",,"1237801",,"UNKNOWN","MOTORIZED",,,"UNKNOWN","UNKNOWN/NA","UNKNOWN/NA","UNKNOWN","UNKNOWN/NA",,,"1",,,,,,,,,,,,,,,,,"Y","UNKNOWN",,,,,,,,,,,,,,,,,,,,,,,,,,,,,,,,,
"1303399","4f0b886abc57ed706c773c48da1a30a561f50ac24f885fb959260ea43c3676ddefe3cfbe4c844282a828d77591e02be667f4ab7955017021973612194b437da9",,"2022-03-22T10:00:00.000","2","PARKED",,"1237807",,"CADILLAC","OTHER (EXPLAIN IN NARRATIVE)","IL","2012","UNKNOWN","PASSENGER","NOT IN USE","N","PARKED",,,"0",,,,,"Y","Y",,,,,,,,,,"Y",,"FRONT",,,,,,,,,,,,,,,,,,,,,,,,,,,,,,,,,
"1303113","4e66748b981c32c4794659138cf912677998c62790abf74188ced3ad007de70a42e290714ef531c5bc4b9bfd0f4e1accc4bac9f7a4816b68b6d05414b5924a68",,"2022-03-22T09:51:00.000","1","DRIVER",,"1237522",,"GENERAL MOTORS CORPORATION (GMC)","ACADIA","IL","2014","UNKNOWN","PASSENGER","UNKNOWN/NA","W","UNKNOWN/NA",,,"1",,,,,,,,,,,,,,,,,,"UNKNOWN",,,,,,,,,,,,,,,,,,,,,,,,,,,,,,,,,
"1303114","4e66748b981c32c4794659138cf912677998c62790abf74188ced3ad007de70a42e290714ef531c5bc4b9bfd0f4e1accc4bac9f7a4816b68b6d05414b5924a68",,"2022-03-22T09:51:00.000","2","DRIVER","1","1237530",,"CHEVROLET","EQUINOX","IL","2012","UNKNOWN","PASSENGER","PERSONAL","W","SLOW/STOP IN TRAFFIC",,,"2",,,,,,,,,,"Y","Y",,,,,,,"SIDE-LEFT",,,,,,,,,,,,,,,,,,,,,,,,,,,,,,,,,
"1303085","12711145349b425d643e900f82f1bbc396dcc951d808c7c4240ebf3164a851aaca35453978f8cad146828199222abc6266ef2a0defa87d69b34ce655997cfad7",,"2022-03-22T09:50:00.000","1","DRIVER",,"1237499",,"CHEVROLET","OTHER (EXPLAIN IN NARRATIVE)",,"2016","UNKNOWN","PASSENGER","PERSONAL","N","STRAIGHT AHEAD",,,"1",,,,,,"Y",,,,,,,,,,,,"FRONT-RIGHT",,,,,,,,,,,,,,,,,,,,,,,,,,,,,,,,,
"1303086","12711145349b425d643e900f82f1bbc396dcc951d808c7c4240ebf3164a851aaca35453978f8cad146828199222abc6266ef2a0defa87d69b34ce655997cfad7",,"2022-03-22T09:50:00.000","2","PARKED",,"1237503",,"CHEVROLET","OTHER (EXPLAIN IN NARRATIVE)","IL",,"NONE","PASSENGER","OTHER","N","PARKED",,,"0",,,,,,,,,,,,,,"Y",,,,"UNDER CARRIAGE",,,,,,,,,,,,,,,,,,,,,,,,,,,,,,,,,
"1303081","ee4891e1daa136d505f18fcd4094bc1e981845dd2094380543fc47efbc4c1c89a4ca4ae5b2a6445045382fd4bdd5899be3498d437a62108d009d8708d461c7bd",,"2022-03-22T09:50:00.000","1","DRIVER",,"1237500",,"TOYOTA","YARIS","IL","2017","NONE","PASSENGER","PERSONAL","E","CHANGING LANES",,,"1",,,,,,,,,,,,,,"Y","Y",,,"TOTAL (ALL AREAS)",,,,,,,,,,,,,,,,,,,,,,,,,,,,,,,,,
"1303082","ee4891e1daa136d505f18fcd4094bc1e981845dd2094380543fc47efbc4c1c89a4ca4ae5b2a6445045382fd4bdd5899be3498d437a62108d009d8708d461c7bd",,"2022-03-22T09:50:00.000","2","DRIVER",,"1237504",,"NISSAN","SENTRA","IL","2021","NONE","PASSENGER","PERSONAL","E","STRAIGHT AHEAD","Y",,"1",,"PRIVATE TOW","UNK",,,"Y","Y",,"Y","Y","Y",,,,,,,"FRONT-RIGHT",,,,,,,,,,,,,,,,,,,,,,,,,,,,,,,,,
"1303091","6d3ce7aff5c2e2007c3a59e9f5cfec3e05e657e4103ce33a3e3445165b1e99679ab7e071c42e0052002f044076020f9f9b7e004276bbdd88087f7ca2ef9cfa9a",,"2022-03-22T09:46:00.000","1","DRIVER",,"1237506","Y","PETERBILT MOTORS COMPANY (DIVISION OF PACCAR, INC.)","PETERBILT MOTORS CO., DIVISION PACCAR, INC.","IL","2020","UNKNOWN","TRUCK - SINGLE UNIT","COMMERCIAL - SINGLE UNIT","N","ENTERING TRAFFIC LANE FROM PARKING",,,"1",,,,"Y",,,,,,,,,,,,,,"REAR","14285",,,,"PAPERS","3","DEMAND BADGER IN","IL","CHICAGO",,,,,,,,,,,,,,,,,,,"SINGLE UNIT TRUCK, 3 OR MORE AXLES","VAN/ENCLOSED BOX","OTHER",,,
"1303092","6d3ce7aff5c2e2007c3a59e9f5cfec3e05e657e4103ce33a3e3445165b1e99679ab7e071c42e0052002f044076020f9f9b7e004276bbdd88087f7ca2ef9cfa9a",,"2022-03-22T09:46:00.000","2","DRIVER",,"1237510",,"SUBARU","CROSSTREK","IL","2018","UNKNOWN","PASSENGER","PERSONAL","N","SLOW/STOP IN TRAFFIC",,,"1",,,,,,,,,,,"Y",,,,,,,"SIDE-LEFT",,,,,,,,,,,,,,,,,,,,,,,,,,,,,,,,,
"1303105","1d50c2b0deb8b6fd7728e2ea1e4289532b392128aff19757d295e025dee74a9ba5504ecdbccc5c32544e4891784692d4cab34ae7fcec72922a76850fe254464f",,"2022-03-22T09:40:00.000","1","DRIVER",,"1237520","N","FORD","VAN","IL","2018","NONE","VAN/MINI-VAN","OTHER","S","STRAIGHT AHEAD",,,"1",,,,"Y",,,,,,,,,,,,,,"TOTAL (ALL AREAS)",,,,,,,,,,,,,,,,,,,,,,,,,,,,,,,,,
"1303106","1d50c2b0deb8b6fd7728e2ea1e4289532b392128aff19757d295e025dee74a9ba5504ecdbccc5c32544e4891784692d4cab34ae7fcec72922a76850fe254464f",,"2022-03-22T09:40:00.000","2","DRIVER",,"1237543",,"CHEVROLET","MALIBU","IL","2018","NONE","PASSENGER","PERSONAL","W","STRAIGHT AHEAD",,,"1",,,,,"Y",,,,,,,,,,,"Y",,"FRONT",,,,,,,,,,,,,,,,,,,,,,,,,,,,,,,,,
"1303426","c23af5c7ee3e441cc93ab9c0b879fbedb4071c72c0f0e9b88e72c42242718df2b38bc4c94f08fc3ff704972cb5730400fe35bacc50bc384cc73f2eb911c225ed",,"2022-03-22T09:30:00.000","1","DRIVER",,"1237836",,"HONDA","CR-V","IL","2011","UNKNOWN","PASSENGER","UNKNOWN/NA","W","UNKNOWN/NA",,,"1",,,,,,,,,,,,,,,,"Y",,"OTHER",,,,,,,,,,,,,,,,,,,,,,,,,,,,,,,,,
"1303427","c23af5c7ee3e441cc93ab9c0b879fbedb4071c72c0f0e9b88e72c42242718df2b38bc4c94f08fc3ff704972cb5730400fe35bacc50bc384cc73f2eb911c225ed",,"2022-03-22T09:30:00.000","2","DRIVER",,"1237839",,"AUDI","S5","IL","2017","NONE","SPORT UTILITY VEHICLE (SUV)","PERSONAL","W","SLOW/STOP IN TRAFFIC",,,"1",,,,,,,,,,"Y",,,,,,,,"REAR-LEFT",,,,,,,,,,,,,,,,,,,,,,,,,,,,,,,,,
"1303077","1c1998f927e52bf7ab53b48d55e877117cb92339b1fc7d746038a383ff89b85f485df371e550e86d009610894bb28b269ed1db5f198c7ede00cb77f6d94f7c2a",,"2022-03-22T09:15:00.000","1","DRIVER",,"1237494","Y","BLUEBIRD INTERNATIONAL","BLUEBIRD INTERNATIONAL","IN","2019","NONE","TRACTOR W/ SEMI-TRAILER","PERSONAL","E","BACKING",,,"1",,,,,,,,,,"Y",,,,,,,,"REAR-LEFT","14284","2215648",,"251704","LOG BOOK","3","UNIVERSAL LAGISTICS","IL","HARVEY",,,,"N","N",,"N",,"N","N",,,"0-96",,,,,"3","TRACTOR/SEMI-TRAILER","VAN/ENCLOSED BOX","UNKNOWN",,"N",
"1303078","1c1998f927e52bf7ab53b48d55e877117cb92339b1fc7d746038a383ff89b85f485df371e550e86d009610894bb28b269ed1db5f198c7ede00cb77f6d94f7c2a",,"2022-03-22T09:15:00.000","2","DRIVER",,"1237497",,"DODGE","RAM 1500 PU","IL","2019","NONE","PASSENGER","PERSONAL","W","STRAIGHT AHEAD",,,"1",,,,,,,,,,,,,,,,"Y",,"OTHER",,,,,,,,,,,,,,,,,,,,,,,,,,,,,,,,,
"1303083","972824dbd26e6d1c5d865b297d7cad25d07d2ef01a10f9c8e1c2b007089106984f60bcafcff5c0c3d2ab7dabf3276e330357343cce3b3ac09464d534562bf72e",,"2022-03-22T09:15:00.000","1","DRIVER","1","1237502",,"CHEVROLET","TRAVERSE","IL","2011","UNKNOWN","PASSENGER","PERSONAL","E","MERGING","Y",,"2",,"unknown","unknown",,,"Y","Y",,,,,,,,,,,"SIDE-RIGHT",,,,,,,,,,,,,,,,,,,,,,,,,,,,,,,,,
"1303084","972824dbd26e6d1c5d865b297d7cad25d07d2ef01a10f9c8e1c2b007089106984f60bcafcff5c0c3d2ab7dabf3276e330357343cce3b3ac09464d534562bf72e",,"2022-03-22T09:15:00.000","2","PARKED",,"1237507",,"KIA","SOUL","IL","2012","UNKNOWN","PASSENGER","NOT IN USE","E","PARKED",,,"0",,,,,,,,,,"Y","Y",,,,,,,"FRONT-LEFT",,,,,,,,,,,,,,,,,,,,,,,,,,,,,,,,,
"1303067","f123074e7e67fbcc230d4f281c470be9f74ff2a83145a181057a6de1c5b43f362b730ad08e629e4b0d5b1732fd590a310c6f9ab02fdac799794e84c71b22e387",,"2022-03-22T09:15:00.000","1","DRIVER",,"1237483",,"TOYOTA","PRIUS","IL","2013","UNKNOWN","PASSENGER","PERSONAL","N","TURNING RIGHT",,,"1",,,,,,,,"Y",,,,,,,,,,"REAR-RIGHT",,,,,,,,,,,,,,,,,,,,,,,,,,,,,,,,,
"1303068","f123074e7e67fbcc230d4f281c470be9f74ff2a83145a181057a6de1c5b43f362b730ad08e629e4b0d5b1732fd590a310c6f9ab02fdac799794e84c71b22e387",,"2022-03-22T09:15:00.000","2","DRIVER",,"1237485",,"HONDA","PILOT","IL","2007","UNKNOWN","SPORT UTILITY VEHICLE (SUV)","PERSONAL","N","STRAIGHT AHEAD",,,"1",,,,,,,,,,,,,,,"Y","Y",,"TOTAL (ALL AREAS)",,,,,,,,,,,,,,,,,,,,,,,,,,,,,,,,,
"1303075","28e0b49e004d803630aea7f58d1cecb8eced078e779278870c0ca1d469707a1ea3625e5a0fd0566c7eb5520890c84924d23fb326f3cd3d9e240f4e56cda9d91e",,"2022-03-22T09:00:00.000","1","DRIVER",,"1237495",,"UNKNOWN","OTHER (EXPLAIN IN NARRATIVE)","XX",,"UNKNOWN","UNKNOWN/NA","UNKNOWN/NA","E","UNKNOWN/NA",,,"1",,,,,,,,,,,,,,,,,"Y","UNKNOWN",,,,,,,,,,,,,,,,,,,,,,,,,,,,,,,,,
"1303076","28e0b49e004d803630aea7f58d1cecb8eced078e779278870c0ca1d469707a1ea3625e5a0fd0566c7eb5520890c84924d23fb326f3cd3d9e240f4e56cda9d91e",,"2022-03-22T09:00:00.000","2","PARKED",,"1237496",,"SUBARU","WRX","IL","2017","UNKNOWN","SPORT UTILITY VEHICLE (SUV)","PERSONAL","E","PARKED",,,"0",,,,,,,,,,,,,,,"Y","Y",,"TOTAL (ALL AREAS)",,,,,,,,,,,,,,,,,,,,,,,,,,,,,,,,,
"1303180","4c4a9cc2093f45bbb8ff1e09bb1baca86e6058b1d4457538639d0d8b00edb975cb343f6a80640639af880c30461130a3a20ad1cd3456c4f2c64c8ebbaafc23c3",,"2022-03-22T09:00:00.000","1","DRIVER",,"1237588",,"UNKNOWN","OTHER (EXPLAIN IN NARRATIVE)",,,"UNKNOWN","UNKNOWN/NA","UNKNOWN/NA","UNKNOWN","UNKNOWN/NA",,,"1",,,,,,,,,,,,,,,,,"Y","UNKNOWN",,,,,,,,,,,,,,,,,,,,,,,,,,,,,,,,,
"1303181","4c4a9cc2093f45bbb8ff1e09bb1baca86e6058b1d4457538639d0d8b00edb975cb343f6a80640639af880c30461130a3a20ad1cd3456c4f2c64c8ebbaafc23c3",,"2022-03-22T09:00:00.000","2","PARKED",,"1237591",,"NISSAN","ALTIMA","IL",,"NONE","PASSENGER","NOT IN USE","S","PARKED",,,"0",,,,,,,,,,"Y","Y","Y",,,,,,"REAR-LEFT",,,,,,,,,,,,,,,,,,,,,,,,,,,,,,,,,
"1303123","86b54aff621aa3cff5a4386350af8e98a888aff90cbc2e69b0a80e1fd63f2f12abeb6d0b11ee450041d63421720f4ec6ff39ed59ee40b0d24f3c730888571dc2",,"2022-03-22T09:00:00.000","1","DRIVER",,"1237539",,"JEEP","CHEROKEE","IL","2015","NONE","SPORT UTILITY VEHICLE (SUV)","PERSONAL","N","STRAIGHT AHEAD",,,"1",,,,,,,,,,,"Y",,,,,,,"FRONT-LEFT",,,,,,,,,,,,,,,,,,,,,,,,,,,,,,,,,
"1303124","86b54aff621aa3cff5a4386350af8e98a888aff90cbc2e69b0a80e1fd63f2f12abeb6d0b11ee450041d63421720f4ec6ff39ed59ee40b0d24f3c730888571dc2",,"2022-03-22T09:00:00.000","2","DRIVER",,"1237548",,"TOYOTA","PRIUS","IL","2013","NONE","PASSENGER","PERSONAL","N","STRAIGHT AHEAD",,,"1",,,,,"Y",,,,,,,,,,,,,"FRONT",,,,,,,,,,,,,,,,,,,,,,,,,,,,,,,,,
"1303059","be4a4eaf1c0fc891b86651a9bd5dc5a57a21029ee2991f5c017e79db6c73c9a22caf37320215df787c1b8ba985b105e6fb466086961f44fbaa621714858487c5",,"2022-03-22T09:00:00.000","1","DRIVER",,"1237478",,"TOYOTA","CAMRY","IL","2010","UNKNOWN","PASSENGER","RIDESHARE SERVICE","N","PASSING/OVERTAKING",,,"1",,,,,,,"Y",,,,,,,,,,,"SIDE-RIGHT",,,,,,,,,,,,,,,,,,,,,,,,,,,,,,,,,
"1303060","be4a4eaf1c0fc891b86651a9bd5dc5a57a21029ee2991f5c017e79db6c73c9a22caf37320215df787c1b8ba985b105e6fb466086961f44fbaa621714858487c5",,"2022-03-22T09:00:00.000","2","DRIVER",,"1237480",,"FORD","TRANSIT","IL","2019","NONE","VAN/MINI-VAN","OTHER","N","STRAIGHT AHEAD",,,"1",,,,,,,,,,,,,"Y",,,,,"ROOF",,,,,,,,,,,,,,,,,,,,,,,,,,,,,,,,,
"1303176","8ce9f7958d0fa1e0d642b4a71dfa488c0a3dbfd1128804bae170c5614e1cd138fffe3d45b9e19966802b9ae984ede3f3d6eae9d785429575d6a05bef44a07939",,"2022-03-22T08:55:00.000","1","DRIVER",,"1237586",,"LINCOLN","MKS","IL","2016","UNKNOWN","PASSENGER","UNKNOWN/NA","UNKNOWN","BACKING",,,"1",,,,,,,,"Y","Y","Y",,,,,,,,"REAR",,,,,,,,,,,,,,,,,,,,,,,,,,,,,,,,,