"crash_unit_id","crash_record_id","rd_no","crash_date","unit_no","unit_type","num_passengers","vehicle_id","cmrc_veh_i","make","model","lic_plate_state","vehicle_year","vehicle_defect","vehicle_type","vehicle_use","travel_direction","maneuver","towed_i","fire_i","occupant_cnt","exceed_speed_limit_i","towed_by","towed_to","area_00_i","area_01_i","area_02_i","area_03_i","area_04_i","area_05_i","area_06_i","area_07_i","area_08_i","area_09_i","area_10_i","area_11_i","area_12_i","area_99_i","first_contact_point","cmv_id","usdot_no","ccmc_no","ilcc_no","commercial_src","gvwr","carrier_name","carrier_state","carrier_city","hazmat_placards_i","hazmat_name","un_no","hazmat_present_i","hazmat_report_i","hazmat_report_no","mcs_report_i","mcs_report_no","hazmat_vio_cause_crash_i","mcs_vio_cause_crash_i","idot_permit_no","wide_load_i","trailer1_width","trailer2_width","trailer1_length","trailer2_length","total_vehicle_length","axle_cnt","vehicle_config","cargo_body_type","load_type","hazmat_out_of_service_i","mcs_out_of_service_i","hazmat_class"
"1303177","8ce9f7958d0fa1e0d642b4a71dfa488c0a3dbfd1128804bae170c5614e1cd138fffe3d45b9e19966802b9ae984ede3f3d6eae9d785429575d6a05bef44a07939",,"2022-03-22T08:55:00.000","2","PARKED","1","1237590",,"GENERAL MOTORS CORPORATION (GMC)","YUKON","IL","2021","UNKNOWN","SPORT UTILITY VEHICLE (SUV)","UNKNOWN/NA","UNKNOWN","PARKED",,,"1",,,,,,,,,,"Y","Y","Y",,,,,,"SIDE-LEFT",,,,,,,,,,,,,,,,,,,,,,,,,,,,,,,,,
"1303073","bb2ea47001daa8f90fbe10178c000629f7ad94d07f1a5e84722e29cd59ba83550674ebf79db7b55490896cda428ee2886378ba3e4ca3538d76c450f6a1fbfe73",,"2022-03-22T08:50:00.000","1","DRIVER",,"1237490",,"FORD","ESCAPE","IL","2008","UNKNOWN","SPORT UTILITY VEHICLE (SUV)","UNKNOWN/NA","W","ENTERING TRAFFIC LANE FROM PARKING",,,"1",,,,"Y",,,,,,,,,,,,,,"NONE",,,,,,,,,,,,,,,,,,,,,,,,,,,,,,,,,
"1303074","bb2ea47001daa8f90fbe10178c000629f7ad94d07f1a5e84722e29cd59ba83550674ebf79db7b55490896cda428ee2886378ba3e4ca3538d76c450f6a1fbfe73",,"2022-03-22T08:50:00.000","2","PARKED",,"1237492",,"TOYOTA","COROLLA","IL","2010","NONE","PASSENGER","NOT IN USE","W","PARKED",,,"0",,,,,,,,,,,,,,,"Y","Y",,"TOTAL (ALL AREAS)",,,,,,,,,,,,,,,,,,,,,,,,,,,,,,,,,
"1303069","61f0a72f7b809c56bc874d0d4456623e13f3ed3bea8832f6685596954ba62499dd8752a5f9cc060e0bebd4f28a8afe174863909b7cac5967e56b7e59879e34ed",,"2022-03-22T08:45:00.000","1","DRIVER",,"1237491",,"FORD","BRONCO / BRONCO II","IL","2022","NONE","SPORT UTILITY VEHICLE (SUV)","PERSONAL","S","TURNING RIGHT","Y",,"1",,,,,,,,,,,,,,,,"Y",,"OTHER",,,,,,,,,,,,,,,,,,,,,,,,,,,,,,,,,
"1303070","61f0a72f7b809c56bc874d0d4456623e13f3ed3bea8832f6685596954ba62499dd8752a5f9cc060e0bebd4f28a8afe174863909b7cac5967e56b7e59879e34ed",,"2022-03-22T08:45:00.000","2","DRIVER",,"1237493",,"NISSAN","MURANO","IL","2010","UNKNOWN","SPORT UTILITY VEHICLE (SUV)","PERSONAL","W","STRAIGHT AHEAD","Y",,"1",,,,,,,"Y",,,,,,,,,,,"SIDE-RIGHT",,,,,,,,,,,,,,,,,,,,,,,,,,,,,,,,,
"1303360","6c06593c9fea3a69a7317bebb812cc3bf04471bc9d037f812f3251a473c250dd345fa97ba847dab8c4eb1180ed2a4caed5f894bb1096408ced1fbb1cc542f18e",,"2022-03-22T08:45:00.000","1","DRIVER",,"1237766",,"UNKNOWN","OTHER (EXPLAIN IN NARRATIVE)",,,"UNKNOWN","UNKNOWN/NA","UNKNOWN/NA","UNKNOWN","UNKNOWN/NA",,,"1",,,,,,,,,,,,,,,,,,"UNKNOWN",,,,,,,,,,,,,,,,,,,,,,,,,,,,,,,,,
"1303361","6c06593c9fea3a69a7317bebb812cc3bf04471bc9d037f812f3251a473c250dd345fa97ba847dab8c4eb1180ed2a4caed5f894bb1096408ced1fbb1cc542f18e",,"2022-03-22T08:45:00.000","2","PARKED",,"1237768",,"CHEVROLET","MALIBU",,"2018","NONE","PASSENGER","PERSONAL","W","PARKED",,,"0",,,,,,"Y","Y","Y",,,,,,,,,,"ROOF",,,,,,,,,,,,,,,,,,,,,,,,,,,,,,,,,
"1303051","764ebc854743f9b4b03634dae107d2bdd9944b79e783668e112c9d7664397d43cf058df2e4a851bf23a0fee2c243955365325bbc47664551f39f4f1ad77c9e2e",,"2022-03-22T08:24:00.000","1","DRIVER",,"1237464",,"TOYOTA","RAV4","IL","2020","UNKNOWN","SPORT UTILITY VEHICLE (SUV)","PERSONAL","N","STRAIGHT AHEAD",,,"1",,,,,,,,,,,,,,,,"Y",,"OTHER",,,,,,,,,,,,,,,,,,,,,,,,,,,,,,,,,
"1303052","764ebc854743f9b4b03634dae107d2bdd9944b79e783668e112c9d7664397d43cf058df2e4a851bf23a0fee2c243955365325bbc47664551f39f4f1ad77c9e2e",,"2022-03-22T08:24:00.000","2","DRIVER",,"1237473",,"CHEVROLET","MALIBU","IL","2013","UNKNOWN","PASSENGER","PERSONAL","S","SLOW/STOP IN TRAFFIC","Y",,"1",,"unk","unk",,"Y","Y",,,,,,"Y",,,,,,"FRONT-RIGHT",,,,,,,,,,,,,,,,,,,,,,,,,,,,,,,,,
"1303025","e524c501d1d74123cb3b6354766002ee7409625eea5f7fcbdfade77f0d0cfd2e433bfb17c5e8104456201d3b78cef3534fc60a2a2c0756dd501f7b5a083ae20b",,"2022-03-22T08:24:00.000","1","DRIVER","1","1237443",,"CHEVROLET","IMPALA","IL","2009","UNKNOWN","PASSENGER","UNKNOWN/NA","N","STRAIGHT AHEAD",,,"2",,,,,"Y","Y",,,,,,,,,"Y","Y",,"OTHER",,,,,,,,,,,,,,,,,,,,,,,,,,,,,,,,,
"1303026","e524c501d1d74123cb3b6354766002ee7409625eea5f7fcbdfade77f0d0cfd2e433bfb17c5e8104456201d3b78cef3534fc60a2a2c0756dd501f7b5a083ae20b",,"2022-03-22T08:24:00.000","2","DRIVER",,"1237450",,"FREIGHTLINER CORPORATION","FREIGHTLINER CORP.","IL","2016","UNKNOWN","TRUCK - SINGLE UNIT","COMMERCIAL - SINGLE UNIT","S","TURNING LEFT",,,"1",,,,,,,,,"Y",,,,,,,,,"SIDE-LEFT",,,,,,,,,,,,,,,,,,,,,,,,,,,,,,,,,
"1303049","6fd11c18193042d275ccc3cda30242926235c6699902cc3e1e5fe6db0593f8b3927eee817a3690eabde8e4b86bba29e8cda4c6524fc102f1131a03d5d1090ce5",,"2022-03-22T08:20:00.000","1","DRIVER",,"1237465","N","UNKNOWN","OTHER (EXPLAIN IN NARRATIVE)","OH","2020","NONE","SINGLE UNIT TRUCK WITH TRAILER","OTHER","W","STRAIGHT AHEAD",,,"1",,,,,,,,,,,"Y",,,,,,,"SIDE-LEFT",,,,,,,,,,,,,,,,,,,,,,,,,,,,,,,,,
"1303050","6fd11c18193042d275ccc3cda30242926235c6699902cc3e1e5fe6db0593f8b3927eee817a3690eabde8e4b86bba29e8cda4c6524fc102f1131a03d5d1090ce5",,"2022-03-22T08:20:00.000","2","PARKED",,"1237469",,"HYUNDAI","OTHER (EXPLAIN IN NARRATIVE)","IL",,"NONE","SPORT UTILITY VEHICLE (SUV)","PERSONAL","E","PARKED",,,"0",,,,,,,,,,,,,"Y","Y","Y",,,,,,,,,,,,,,,,,,,,,,,,,,,,,,,,,,,,
"1303055","ca8ec40871d205406c81a0f526ae93aa18649ad3913b3485cfee3d3ebb687b58033af9647a85b2b08d2790722fb09adf4b5b89296b2f7cfe559dc549ace86e04",,"2022-03-22T08:20:00.000","1","DRIVER","1","1237467",,"CHEVROLET","MALIBU","IL","2013","UNKNOWN","PASSENGER","PERSONAL","E","STRAIGHT AHEAD",,,"2",,,,,,,,,,,,,,,,,,,,,,,,,,,,,,,,,,,,,,,,,,,,,,,,,,,
"1303056","ca8ec40871d205406c81a0f526ae93aa18649ad3913b3485cfee3d3ebb687b58033af9647a85b2b08d2790722fb09adf4b5b89296b2f7cfe559dc549ace86e04",,"2022-03-22T08:20:00.000","2","DRIVER",,"1237472",,"HYUNDAI","SANTA FE","IL","2016","UNKNOWN","PASSENGER","PERSONAL","E","STRAIGHT AHEAD",,,"1",,,,,,,"Y","Y",,,,,,,,,,"SIDE-RIGHT",,,,,,,,,,,,,,,,,,,,,,,,,,,,,,,,,
"1303038","b536d06366d4e1defe5383189dc2291f8c9d2c00487be71b9443d88bf6157f744dadebfacf3c51d37c6bc01efeb8c7a90b9c5aab58646bb1e2f5c9d49590a6f4",,"2022-03-22T08:15:00.000","1","DRIVER",,"1237455",,"CHEVROLET","EQUINOX","IL","2007","NONE","PASSENGER","PERSONAL","W","STRAIGHT AHEAD",,,"1",,,,,,,,,,,,,,,,"Y",,"OTHER",,,,,,,,,,,,,,,,,,,,,,,,,,,,,,,,,
"1303039","b536d06366d4e1defe5383189dc2291f8c9d2c00487be71b9443d88bf6157f744dadebfacf3c51d37c6bc01efeb8c7a90b9c5aab58646bb1e2f5c9d49590a6f4",,"2022-03-22T08:15:00.000","2","DRIVER",,"1237457",,"BMW","330I","IL","2017","NONE","PASSENGER","PERSONAL","W","SLOW/STOP IN TRAFFIC",,,"1",,,,,,,,,,"Y",,,,,,,,"REAR-LEFT",,,,,,,,,,,,,,,,,,,,,,,,,,,,,,,,,
"1303053","916c38d960c54cbad81dbf7cc0f47fbb7a17bcb1f5654493e426abdace6b5a6cd855578735f9d4e0f8efc97adc23c4707dbb89bea658dfa80ea12b8bf7a83b32",,"2022-03-22T08:08:00.000","1","DRIVER",,"1237466",,"PORSCHE","CAYENNE","IL","2021","NONE","SPORT UTILITY VEHICLE (SUV)","PERSONAL","W","STRAIGHT AHEAD",,,"1",,,,,"N",,,,,,,,,"Y","Y",,,"FRONT",,,,,,,,,,,,,,,,,,,,,,,,,,,,,,,,,
"1303054","916c38d960c54cbad81dbf7cc0f47fbb7a17bcb1f5654493e426abdace6b5a6cd855578735f9d4e0f8efc97adc23c4707dbb89bea658dfa80ea12b8bf7a83b32",,"2022-03-22T08:08:00.000","2","DRIVER",,"1237476",,"CHRYSLER","200","IL","2012","NONE","PASSENGER","PERSONAL","N","STRAIGHT AHEAD",,,"1",,,,,"Y","Y",,,,,,,,,,"Y",,"FRONT",,,,,,,,,,,,,,,,,,,,,,,,,,,,,,,,,
"1303045","c8ff8ac5ab147c972d1f72b5f74f66f2be083d46bf07b633b2b83e79c6cd9602cafd0a514b36cb1ee80296835fcda5de3516135bc7980c841592270e4c216f2b",,"2022-03-22T08:07:00.000","1","DRIVER",,"1237461","Y","FORD","F650","IL","2017","NONE","TRUCK - SINGLE UNIT","COMMERCIAL - SINGLE UNIT","W","TURNING LEFT",,,"1",,,,"Y",,,,,,,,,,,,,,"UNKNOWN","14283","04197A",,,,,"EXECUTIVE CONSTRUCTION INC","IL","HILLSIDE",,,,,,,,,,,,,,,,,,,"SINGLE UNIT TRUCK, 2 AXLES, 6 TIRES","VAN/ENCLOSED BOX","UNKNOWN",,,
"1303046","c8ff8ac5ab147c972d1f72b5f74f66f2be083d46bf07b633b2b83e79c6cd9602cafd0a514b36cb1ee80296835fcda5de3516135bc7980c841592270e4c216f2b",,"2022-03-22T08:07:00.000","2","DRIVER",,"1237471",,"HYUNDAI","SANTA FE","IL","2010","NONE","PASSENGER","PERSONAL","W","TURNING LEFT",,,"1",,,,,"Y",,,,,,,,,,,,,"FRONT",,,,,,,,,,,,,,,,,,,,,,,,,,,,,,,,,
"1303040","95a5a877f05921f6baece090375edee8cea1ecbef20eff0a0564a67caf032ce0f6bc0eebf7055fe3f6f7c15c45ec7866965e0e5bb7c74bae0984e0dff65896ff",,"2022-03-22T08:06:00.000","1","DRIVER",,"1237459",,"NISSAN","ALTIMA","IL","2013","BRAKES","PASSENGER","PERSONAL","S","TURNING LEFT",,,"1",,,,,,,,,,,,,,"Y","Y",,,"TOTAL (ALL AREAS)",,,,,,,,,,,,,,,,,,,,,,,,,,,,,,,,,
"1303041","95a5a877f05921f6baece090375edee8cea1ecbef20eff0a0564a67caf032ce0f6bc0eebf7055fe3f6f7c15c45ec7866965e0e5bb7c74bae0984e0dff65896ff",,"2022-03-22T08:06:00.000","2","DRIVER","1","1237475",,"DODGE","CHALLENGER","IL","2019","NONE","PASSENGER","PERSONAL","S","TURNING LEFT",,,"2",,,,,,,"Y","Y","Y",,,,,,,,,"SIDE-RIGHT",,,,,,,,,,,,,,,,,,,,,,,,,,,,,,,,,
"1303033","22f408c19f8820dd15aa896e7f8190764c2fd8762a0b66f4737abf5c25ab6d516cef403542cb0d6eda6cd8f2d3c766464fef9cefadac6b1ada0208a227bf9acd",,"2022-03-22T07:58:00.000","1","DRIVER",,"1237458",,"FORD","FUSION","IL","2006","NONE","PASSENGER","PERSONAL","E","STRAIGHT AHEAD","Y",,"1",,"unk","unk",,"Y","Y",,,,,,,,"Y","Y","Y",,"OTHER",,,,,,,,,,,,,,,,,,,,,,,,,,,,,,,,,
"1303034","22f408c19f8820dd15aa896e7f8190764c2fd8762a0b66f4737abf5c25ab6d516cef403542cb0d6eda6cd8f2d3c766464fef9cefadac6b1ada0208a227bf9acd",,"2022-03-22T07:58:00.000","2","DRIVER",,"1237462",,"CHRYSLER","200","IL","2015","NONE","PASSENGER","PERSONAL","E","STRAIGHT AHEAD",,,"1",,,,,"Y",,,,"Y","Y","Y",,,,"Y","Y",,"REAR-LEFT",,,,,,,,,,,,,,,,,,,,,,,,,,,,,,,,,
"1303035","22f408c19f8820dd15aa896e7f8190764c2fd8762a0b66f4737abf5c25ab6d516cef403542cb0d6eda6cd8f2d3c766464fef9cefadac6b1ada0208a227bf9acd",,"2022-03-22T07:58:00.000","3","DRIVER",,"1237468",,"SATURN","LS SERIES (LS / LS1 / LS2)","IL","2001","NONE","PASSENGER","PERSONAL","E","STRAIGHT AHEAD",,,"1",,,,,,,,,"Y","Y","Y",,,,,,,"REAR-LEFT",,,,,,,,,,,,,,,,,,,,,,,,,,,,,,,,,
"1303030","5d5c142091060d6aeab726b2a74b3c1449d05e4fd87b20080d39f78d8caf1fcb565aed85e1e8e01e755b7b456ae7c9e67fd578fea32567453c83db189f89b23c",,"2022-03-22T07:55:00.000","1","DRIVER",,"1237448",,"NISSAN","ALTIMA","IL","2019","NONE","PASSENGER","PERSONAL","W","OTHER","Y",,"1",,,,,"Y","Y",,,,,,,,,,,,"FRONT",,,,,,,,,,,,,,,,,,,,,,,,,,,,,,,,,
"1303031","5d5c142091060d6aeab726b2a74b3c1449d05e4fd87b20080d39f78d8caf1fcb565aed85e1e8e01e755b7b456ae7c9e67fd578fea32567453c83db189f89b23c",,"2022-03-22T07:55:00.000","2","DRIVER",,"1237453",,"NISSAN","ROGUE","IL","2018","NONE","SPORT UTILITY VEHICLE (SUV)","PERSONAL","W","OTHER","Y",,"1",,,,,,,,,,,"Y","Y",,,,,,"SIDE-LEFT",,,,,,,,,,,,,,,,,,,,,,,,,,,,,,,,,
"1303028","5260a4fbbca9cc6b3faef411fb643ce81c6a5af7a1f0165c04120f3dc5083fb8a98b5426d13046ce81330b1d3dc68a3521dbf8a89de04eabfc361a780a150d99",,"2022-03-22T07:54:00.000","1","DRIVER",,"1237452",,"STERLING","OTHER (EXPLAIN IN NARRATIVE)","IL","2007","UNKNOWN","OTHER","OTHER","N","BACKING",,,"1",,,,,,,,,,"Y",,,,,,,,"REAR-LEFT",,,,,,,,,,,,,,,,,,,,,,,,,,,,,,,,,
"1303029","5260a4fbbca9cc6b3faef411fb643ce81c6a5af7a1f0165c04120f3dc5083fb8a98b5426d13046ce81330b1d3dc68a3521dbf8a89de04eabfc361a780a150d99",,"2022-03-22T07:54:00.000","2","PARKED",,"1237456",,"TOYOTA","CAMRY","IL","2012","UNKNOWN","PASSENGER","NOT IN USE","S","PARKED",,,"0",,,,,,,,,,,,,,,,"Y",,"OTHER",,,,,,,,,,,,,,,,,,,,,,,,,,,,,,,,,
"1303023","632e41bad96330f73c49872a6f58f9b866cd9ff96632e83176b021f956ba1cca901f8e551029c256e40b8c971792c561e6248b3940858fad24a239d92fb814c0",,"2022-03-22T07:50:00.000","1","DRIVER",,"1237442",,"VOLKSWAGEN","PASSAT","IL","2009","UNKNOWN","UNKNOWN/NA","UNKNOWN/NA","S","STRAIGHT AHEAD",,,"1",,,,"Y","Y",,,,,,,,,,,"Y",,"OTHER",,,,,,,,,,,,,,,,,,,,,,,,,,,,,,,,,
"1303024","632e41bad96330f73c49872a6f58f9b866cd9ff96632e83176b021f956ba1cca901f8e551029c256e40b8c971792c561e6248b3940858fad24a239d92fb814c0",,"2022-03-22T07:50:00.000","2","DRIVER",,"1237447",,"BUICK","ENCORE","IL","2017","NONE","PASSENGER","PERSONAL","S","STRAIGHT AHEAD",,,"1",,,,"Y",,,,,,"Y","Y",,,,,,,"REAR-LEFT",,,,,,,,,,,,,,,,,,,,,,,,,,,,,,,,,
"1303019","c60edc2533bb95d96fb1173aac18a1f0949c6b446871e145d662ed8ec2aa6cb1531b2f6b8b509ad6d74903c56349c8fce7d8b0c1c8c7539f792199d31390eb62",,"2022-03-22T07:50:00.000","1","DRIVER",,"1237432",,"HONDA","CR-V","IL","2007","NONE","SPORT UTILITY VEHICLE (SUV)","PERSONAL","SW","MERGING",,,"1",,,,,,,,,"Y",,,,,,,,,"REAR",,,,,,,,,,,,,,,,,,,,,,,,,,,,,,,,,
"1303020","c60edc2533bb95d96fb1173aac18a1f0949c6b446871e145d662ed8ec2aa6cb1531b2f6b8b509ad6d74903c56349c8fce7d8b0c1c8c7539f792199d31390eb62",,"2022-03-22T07:50:00.000","2","DRIVER",,"1237438",,"CHRYSLER","TOWN & COUNTRY","IL","2015","UNKNOWN","VAN/MINI-VAN","PERSONAL","S","STRAIGHT AHEAD",,,"1",,,,,,,,,,,,,,,"Y",,,"TOTAL (ALL AREAS)",,,,,,,,,,,,,,,,,,,,,,,,,,,,,,,,,
"1303021","67d08aa59c8963fb795282e4d9dfe214bec233b76b9f13af23b09f2ef1015204161b9f7ba69666fe5ee1a86600de790079a58df47959d25c28f8e2a81efc0158",,"2022-03-22T07:47:00.000","1","DRIVER",,"1237435",,"DODGE","CARAVAN","IL","2019","UNKNOWN","SINGLE UNIT TRUCK WITH TRAILER","UNKNOWN/NA","S","STRAIGHT AHEAD",,,"1",,,,,,,,,,,,,,,"N","Y",,"OTHER",,,,,,,,,,,,,,,,,,,,,,,,,,,,,,,,,
"1303022","67d08aa59c8963fb795282e4d9dfe214bec233b76b9f13af23b09f2ef1015204161b9f7ba69666fe5ee1a86600de790079a58df47959d25c28f8e2a81efc0158",,"2022-03-22T07:47:00.000","2","DRIVER",,"1237440",,"PONTIAC","MONTANA","IN","2000","NONE","PASSENGER","PERSONAL","S","SLOW/STOP IN TRAFFIC",,,"1",,,,,,,,,,"Y",,,,,,,,"REAR-LEFT",,,,,,,,,,,,,,,,,,,,,,,,,,,,,,,,,
"1303011","13e1dcae78130351dc3fda697f7f78a5402317031fac7c7901d2d485eb35e78cff7ecc316db48ab423e9f83f422ec75716bd8289c9d13abf4d82089a7512186d",,"2022-03-22T07:32:00.000","1","DRIVER",,"1237434",,"HONDA","ACCORD","IL","2021","UNKNOWN","PASSENGER","PERSONAL","W","STRAIGHT AHEAD",,,"1",,,,,,,,,"Y","Y",,,,,,,"Y","REAR",,,,,,,,,,,,,,,,,,,,,,,,,,,,,,,,,
"1303012","13e1dcae78130351dc3fda697f7f78a5402317031fac7c7901d2d485eb35e78cff7ecc316db48ab423e9f83f422ec75716bd8289c9d13abf4d82089a7512186d",,"2022-03-22T07:32:00.000","2","DRIVER","1","1237441",,"CHEVROLET","IMPALA","IL","2001","UNKNOWN","PASSENGER","PERSONAL","W","STRAIGHT AHEAD",,,"2",,,,,,,,,,,,,,,,"Y",,"TOTAL (ALL AREAS)",,,,,,,,,,,,,,,,,,,,,,,,,,,,,,,,,
"1303008","e7542348f11d1e3e4c171d60fc61708b98f9b66ff9163ba75bd663728502bc909bdc905e17811dd23daeb3fc449752e0624e2626dc09b5a5fbd76d69d8152ea5",,"2022-03-22T07:30:00.000","1","DRIVER",,"1237429",,"MAZDA","CX-9","IL","2014","NONE","SPORT UTILITY VEHICLE (SUV)","PERSONAL","N","CHANGING LANES",,,"1",,,,,"Y","Y",,,,,"Y","Y","Y","Y","Y",,,"ROOF",,,,,,,,,,,,,,,,,,,,,,,,,,,,,,,,,
"1303009","e7542348f11d1e3e4c171d60fc61708b98f9b66ff9163ba75bd663728502bc909bdc905e17811dd23daeb3fc449752e0624e2626dc09b5a5fbd76d69d8152ea5",,"2022-03-22T07:30:00.000","2","DRIVER",,"1237439","Y","MACK TRUCKS, INC.","MACK TRUCKS, INC.","IL","2015","NONE","TRUCK - SINGLE UNIT","COMMERCIAL - SINGLE UNIT","N","STRAIGHT AHEAD",,,"1",,,,,,,,,"Y",,,,,,,,,"REAR","14282",,,,"DRIVER","3","FLOOD BROTHERS DISPOSAL CO.","IL","OAKBROOK TERRACE",,,,"N","N",,"N",,"N","N",,,,,,,,,"SINGLE UNIT TRUCK, 2 AXLES, 6 TIRES","GARBAGE/REFUSE","OTHER","N","N",
"1303010","e7542348f11d1e3e4c171d60fc61708b98f9b66ff9163ba75bd663728502bc909bdc905e17811dd23daeb3fc449752e0624e2626dc09b5a5fbd76d69d8152ea5",,"2022-03-22T07:30:00.000","3","PARKED",,"1237449",,"TOYOTA","COROLLA","IL","2013","UNKNOWN","PASSENGER","PERSONAL","UNKNOWN","PARKED",,,"0",,,,,,,,,,,"Y","Y",,,,,,"SIDE-LEFT",,,,,,,,,,,,,,,,,,,,,,,,,,,,,,,,,
"1303042","71538f13ae85b9bd15ae48c16799505a771491c2cf56abdd268fa37e823336102a3b8442356762148c3067a53380773de3556c0bc557fd31247a39d8bdbf5f59",,"2022-03-22T07:25:00.000","1","DRIVER",,"1237460",,"HONDA","PILOT","IL","2006","NONE","SPORT UTILITY VEHICLE (SUV)","PERSONAL","S","STRAIGHT AHEAD","Y",,"1",,,,,"Y","Y",,,,,,,,,"Y","Y",,"TOTAL (ALL AREAS)",,,,,,,,,,,,,,,,,,,,,,,,,,,,,,,,,
"1303043","71538f13ae85b9bd15ae48c16799505a771491c2cf56abdd268fa37e823336102a3b8442356762148c3067a53380773de3556c0bc557fd31247a39d8bdbf5f59",,"2022-03-22T07:25:00.000","2","DRIVER",,"1237474",,"NISSAN","ALTIMA","IL","2000","NONE","PASSENGER","PERSONAL","E","STRAIGHT AHEAD","Y",,"1",,,,,"Y",,,,,,,,,,"Y","Y",,"OTHER",,,,,,,,,,,,,,,,,,,,,,,,,,,,,,,,,
"1303044","71538f13ae85b9bd15ae48c16799505a771491c2cf56abdd268fa37e823336102a3b8442356762148c3067a53380773de3556c0bc557fd31247a39d8bdbf5f59",,"2022-03-22T07:25:00.000","3","PARKED","1","1237479",,"TOYOTA","RAV4","IL","2004","NONE","SPORT UTILITY VEHICLE (SUV)","PERSONAL","UNKNOWN","PARKED","Y",,"1",,,,,,,,,,,,,,,"Y","Y",,"TOTAL (ALL AREAS)",,,,,,,,,,,,,,,,,,,,,,,,,,,,,,,,,
"1303107","4105a499b9034a0243cb174f641103e6c8e28aac152d1de3c64ac3152299ed77f23d0b1f8ab32b58f4feba53072c8db4dc80e9a0cacb786664ce55eec2159273",,"2022-03-22T07:20:00.000","1","DRIVER",,"1237516",,"UNKNOWN","MOTORIZED",,,"UNKNOWN","PASSENGER","UNKNOWN/NA","S","STRAIGHT AHEAD",,,"1",,,,,,,,,,,,,,,"Y",,,"TOTAL (ALL AREAS)",,,,,,,,,,,,,,,,,,,,,,,,,,,,,,,,,
"1303108","4105a499b9034a0243cb174f641103e6c8e28aac152d1de3c64ac3152299ed77f23d0b1f8ab32b58f4feba53072c8db4dc80e9a0cacb786664ce55eec2159273",,"2022-03-22T07:20:00.000","2","PARKED",,"1237519",,"HONDA","CR-V","IL","2014","NONE","PASSENGER","NOT IN USE","S","PARKED",,,"0",,,,,"Y",,,,,,,,,,,,,"FRONT",,,,,,,,,,,,,,,,,,,,,,,,,,,,,,,,,
"1303013","f467ec20ddf404a892786dc18cf06a83b13c6c00cd1718b57e02175c4daf18b57b0cc50a7ddacbf3babd8d74c7fcef99815b162bed909d2998018ef48ff4f891",,"2022-03-22T07:05:00.000","1","DRIVER",,"1237433",,"BUICK","REGAL","IL","2011","NONE","PASSENGER","PERSONAL","E","TURNING LEFT",,,"1",,,,,,"Y","Y","Y",,,,,,,,,,"SIDE-RIGHT",,,,,,,,,,,,,,,,,,,,,,,,,,,,,,,,,
"1303014","f467ec20ddf404a892786dc18cf06a83b13c6c00cd1718b57e02175c4daf18b57b0cc50a7ddacbf3babd8d74c7fcef99815b162bed909d2998018ef48ff4f891",,"2022-03-22T07:05:00.000","2","DRIVER",,"1237444",,"TOYOTA","PRIUS","IL","2014","NONE","PASSENGER","PERSONAL","W","STRAIGHT AHEAD","Y",,"1",,"owner",,,"Y","Y",,,,,,,,,,,,"FRONT",,,,,,,,,,,,,,,,,,,,,,,,,,,,,,,,,
"1303015","9528ebbc007851b9445babcf9391db66a83b55cca09edee784327878623805c8ca53cff71cd5cc72a9c49985b1e49e1872b20f6a0187163f0dd03e0e841cc1c4",,"2022-03-22T07:00:00.000","1","DRIVER",,"1237431",,"GENERAL MOTORS CORPORATION (GMC)","YUKON","IL","2001","NONE","SPORT UTILITY VEHICLE (SUV)","PERSONAL","S","PASSING/OVERTAKING",,,"1",,,,,,,,,"Y",,,,,,,,,"REAR",,,,,,,,,,,,,,,,,,,,,,,,,,,,,,,,,
"1303016","9528ebbc007851b9445babcf9391db66a83b55cca09edee784327878623805c8ca53cff71cd5cc72a9c49985b1e49e1872b20f6a0187163f0dd03e0e841cc1c4",,"2022-03-22T07:00:00.000","2","DRIVER",,"1237437",,"TOYOTA","COROLLA","IL","2009","NONE","PASSENGER","PERSONAL","S","STRAIGHT AHEAD",,,"1",,,,,,,,,,,,,,"Y","Y",,,"TOTAL (ALL AREAS)",,,,,,,,,,,,,,,,,,,,,,,,,,,,,,,,,
"1302997","605fb98b3e585179a4d5f3f0d4d4738bc8bce5199bd482bfcb5bddae450144a9cead435dbae56a6f97377bc3795498e483c55d379b49819b2625ff01ba2a48a0",,"2022-03-22T06:45:00.000","1","DRIVER",,"1237418",,"HONDA","PILOT","IL","2005","NONE","SPORT UTILITY VEHICLE (SUV)","PERSONAL","E","BACKING",,,"1",,,,,,,,,,,,,,,"Y",,,"TOTAL (ALL AREAS)",,,,,,,,,,,,,,,,,,,,,,,,,,,,,,,,,
"1302998","605fb98b3e585179a4d5f3f0d4d4738bc8bce5199bd482bfcb5bddae450144a9cead435dbae56a6f97377bc3795498e483c55d379b49819b2625ff01ba2a48a0",,"2022-03-22T06:45:00.000","2","DRIVER",,"1237419",,"HYUNDAI","ELANTRA","IL","2018","NONE","PASSENGER","PERSONAL","E","STRAIGHT AHEAD",,,"1",,,,,"Y",,,,,,,,,,,,,"FRONT",,,,,,,,,,,,,,,,,,,,,,,,,,,,,,,,,