"crash_unit_id","crash_record_id","rd_no","crash_date","unit_no","unit_type","num_passengers","vehicle_id","cmrc_veh_i","make","model","lic_plate_state","vehicle_year","vehicle_defect","vehicle_type","vehicle_use","travel_direction","maneuver","towed_i","fire_i","occupant_cnt","exceed_speed_limit_i","towed_by","towed_to","area_00_i","area_01_i","area_02_i","area_03_i","area_04_i","area_05_i","area_06_i","area_07_i","area_08_i","area_09_i","area_10_i","area_11_i","area_12_i","area_99_i","first_contact_point","cmv_id","usdot_no","ccmc_no","ilcc_no","commercial_src","gvwr","carrier_name","carrier_state","carrier_city","hazmat_placards_i","hazmat_name","un_no","hazmat_present_i","hazmat_report_i","hazmat_report_no","mcs_report_i","mcs_report_no","hazmat_vio_cause_crash_i","mcs_vio_cause_crash_i","idot_permit_no","wide_load_i","trailer1_width","trailer2_width","trailer1_length","trailer2_length","total_vehicle_length","axle_cnt","vehicle_config","cargo_body_type","load_type","hazmat_out_of_service_i","mcs_out_of_service_i","hazmat_class"
"1303001","fff471af1b1394b945e295fec93887d52ca4ef01b6564c33402b7f307c7950ac3572eeeed18c94ae36269ee35afe793893e4386eb497e17a45c470f9c3c1885f",,"2022-03-22T06:40:00.000","1","DRIVER",,"1237422",,"HONDA","ODYSSEY","IL","2003","NONE","VAN/MINI-VAN","PERSONAL","E","STRAIGHT AHEAD",,,"1",,,,,"Y","Y",,,,,,,,,"N","Y",,"FRONT",,,,,,,,,,,,,,,,,,,,,,,,,,,,,,,,,
"1303002","fff471af1b1394b945e295fec93887d52ca4ef01b6564c33402b7f307c7950ac3572eeeed18c94ae36269ee35afe793893e4386eb497e17a45c470f9c3c1885f",,"2022-03-22T06:40:00.000","2","DRIVER",,"1237423",,"MERCEDES-BENZ","GLC","IL","2018","NONE","SPORT UTILITY VEHICLE (SUV)","PERSONAL","W","TURNING LEFT",,,"1",,,,,"Y","Y",,,,,,,,,,"Y",,"FRONT",,,,,,,,,,,,,,,,,,,,,,,,,,,,,,,,,
"1303003","be1829dd216cf9f7cac2e4080110ec6398e9f9bda4fabe7146a797db1133771016d7f41881f4eb763f22e49ef82cc8f9415e298fa3d990eb4541b5145111cde4",,"2022-03-22T06:33:00.000","1","DRIVER",,"1237424",,"ACURA","RLX","IL","2011","NONE","SPORT UTILITY VEHICLE (SUV)","PERSONAL","E","STRAIGHT AHEAD",,,"1",,,,,"Y","Y","Y","Y","Y",,,,,,,,,"FRONT-RIGHT",,,,,,,,,,,,,,,,,,,,,,,,,,,,,,,,,
"1303004","be1829dd216cf9f7cac2e4080110ec6398e9f9bda4fabe7146a797db1133771016d7f41881f4eb763f22e49ef82cc8f9415e298fa3d990eb4541b5145111cde4",,"2022-03-22T06:33:00.000","2","PARKED",,"1237425",,"TOYOTA","RAV4","IL","2006","NONE","SPORT UTILITY VEHICLE (SUV)","NOT IN USE","E","PARKED",,,"0",,,,,,,,,,,"Y","Y","Y","Y","Y",,,"FRONT-LEFT",,,,,,,,,,,,,,,,,,,,,,,,,,,,,,,,,
"1303005","be1829dd216cf9f7cac2e4080110ec6398e9f9bda4fabe7146a797db1133771016d7f41881f4eb763f22e49ef82cc8f9415e298fa3d990eb4541b5145111cde4",,"2022-03-22T06:33:00.000","3","PARKED",,"1237426",,"HONDA","CR-V","IL","2021","NONE","SPORT UTILITY VEHICLE (SUV)","NOT IN USE","E","PARKED",,,"0",,,,,,,,,,,"Y","Y","Y","Y","Y",,,"FRONT-LEFT",,,,,,,,,,,,,,,,,,,,,,,,,,,,,,,,,
"1303061","8f2f43e7f471e9dec1cd6daca891c3bbfb5eca78298791f084ca1169701f3c61b34676b6ecb864e19cf072f89aa2cafe34099845f43cbb58a2f657d03d34b366",,"2022-03-22T06:30:00.000","1","DRIVER",,"1237481",,"CHRYSLER","300",,"2011","UNKNOWN","PASSENGER","PERSONAL","S","SLOW/STOP IN TRAFFIC",,,"1",,,,,"Y",,,,,,,,,,"Y","Y",,"OTHER",,,,,,,,,,,,,,,,,,,,,,,,,,,,,,,,,
"1303062","8f2f43e7f471e9dec1cd6daca891c3bbfb5eca78298791f084ca1169701f3c61b34676b6ecb864e19cf072f89aa2cafe34099845f43cbb58a2f657d03d34b366",,"2022-03-22T06:30:00.000","2","DRIVER",,"1237511",,"TOYOTA","CAMRY","IL","2020","UNKNOWN","PASSENGER","PERSONAL","S","SLOW/STOP IN TRAFFIC",,,"1",,,,,,,,,"Y","Y","Y",,,,,,,"REAR-LEFT",,,,,,,,,,,,,,,,,,,,,,,,,,,,,,,,,
"1303491","ce0956244699bb738ccfaca3a0b7e21c641f711b0170e382aa2ad0ba80f4df8d98e8ebd61a658c96744a6cf2b562dfddddc9773868fc20b93af5bee9620a6fc4",,"2022-03-22T06:09:00.000","1","DRIVER",,"1237896",,"TOYOTA","CAMRY","WI","2011","NONE","PASSENGER","PERSONAL","W","TURNING RIGHT",,,"1",,,,"Y",,,,,,,,,,,,,,"FRONT",,,,,,,,,,,,,,,,,,,,,,,,,,,,,,,,,
"1303494","ce0956244699bb738ccfaca3a0b7e21c641f711b0170e382aa2ad0ba80f4df8d98e8ebd61a658c96744a6cf2b562dfddddc9773868fc20b93af5bee9620a6fc4",,"2022-03-22T06:09:00.000","2","PEDESTRIAN",,,,,,,,,,,,,,,,,,,,,,,,,,,,,,,,,,,,,,,,,,,,,,,,,,,,,,,,,,,,,,,,,,
"1303027","e7aa17a102811dfc7634c5e3b24732da36dab3c620511abe3ad26900cb663858048af0525ddc3d8ccdfebbc8e896af6d4931eee8e15374f7ff9ddedf58aca3da",,"2022-03-22T05:51:00.000","1","DRIVER","1","1237454",,"NISSAN","JUKE","IL","2012","NONE","SPORT UTILITY VEHICLE (SUV)","PERSONAL","S","TURNING LEFT","Y",,"2",,"City of Chicago",,,,,,"Y",,,,,,,,,,"REAR",,,,,,,,,,,,,,,,,,,,,,,,,,,,,,,,,
"1303032","e7aa17a102811dfc7634c5e3b24732da36dab3c620511abe3ad26900cb663858048af0525ddc3d8ccdfebbc8e896af6d4931eee8e15374f7ff9ddedf58aca3da",,"2022-03-22T05:51:00.000","2","DRIVER",,"1237445",,"CHEVROLET","IMPALA","IL","2010","NONE","PASSENGER","PERSONAL","N","STRAIGHT AHEAD",,,"1",,,,,"Y",,,,,,,,,,,,,"FRONT",,,,,,,,,,,,,,,,,,,,,,,,,,,,,,,,,
"1302993","716389f4e54c99d9e17ce715d4d9158c43cf3b32cc53f072263335e018c2bef7ea45aa34032ebf073b3a6e6ec8d94679dc56ed1098bfeb022c748b48d71ccf75",,"2022-03-22T05:35:00.000","1","DRIVER",,"1237413",,"CHEVROLET","TRAIL BLAZER",,,"UNKNOWN","UNKNOWN/NA","UNKNOWN/NA","E","STRAIGHT AHEAD",,,"1",,,,,,,,,,,,,,,,,"Y","UNKNOWN",,,,,,,,,,,,,,,,,,,,,,,,,,,,,,,,,
"1302994","716389f4e54c99d9e17ce715d4d9158c43cf3b32cc53f072263335e018c2bef7ea45aa34032ebf073b3a6e6ec8d94679dc56ed1098bfeb022c748b48d71ccf75",,"2022-03-22T05:35:00.000","2","DRIVER",,"1237414",,"FORD","FUSION","IL","2019","NONE","PASSENGER","PERSONAL","E","STRAIGHT AHEAD",,,"1",,,,,,,,,,,"Y","Y","Y",,,,,"FRONT-LEFT",,,,,,,,,,,,,,,,,,,,,,,,,,,,,,,,,
"1303424","109fcad6978bf2d81c11a6a4424bdd4eb4cf12eff64ea88e0b2204c6bd695945a7a1da0f258c5314b38449688b27d697f2791fccc510bd3db65a04e9c81d89bb",,"2022-03-22T05:30:00.000","1","DRIVER",,"1237834",,"UNKNOWN","OTHER (EXPLAIN IN NARRATIVE)",,,"UNKNOWN","UNKNOWN/NA","UNKNOWN/NA","N","STRAIGHT AHEAD",,,"1",,,,,"Y",,,,,,,,,,"Y","Y",,"OTHER",,,,,,,,,,,,,,,,,,,,,,,,,,,,,,,,,
"1303425","109fcad6978bf2d81c11a6a4424bdd4eb4cf12eff64ea88e0b2204c6bd695945a7a1da0f258c5314b38449688b27d697f2791fccc510bd3db65a04e9c81d89bb",,"2022-03-22T05:30:00.000","2","DRIVER",,"1237835",,"INFINITI","Q60","IL",,"NONE","SPORT UTILITY VEHICLE (SUV)","PERSONAL","E","STRAIGHT AHEAD","Y",,"1",,"unknown","unknown",,"Y",,,,,,,,,,"Y","Y",,"OTHER",,,,,,,,,,,,,,,,,,,,,,,,,,,,,,,,,
"1303161","3b1603879af60d9aff376eea7baec3738d418d5df783061c490b91b6a898bbc159cc6cde5587fe627ce570feed35b0348f8484d48a817c36b4acc16a6f0770e3",,"2022-03-22T05:30:00.000","1","DRIVER",,"1237576",,"UNKNOWN","MOTORIZED",,,"UNKNOWN","SPORT UTILITY VEHICLE (SUV)","PERSONAL","W","TURNING LEFT",,,"1",,,,,,,,,,,,,,,,,"Y","UNKNOWN",,,,,,,,,,,,,,,,,,,,,,,,,,,,,,,,,
"1303162","3b1603879af60d9aff376eea7baec3738d418d5df783061c490b91b6a898bbc159cc6cde5587fe627ce570feed35b0348f8484d48a817c36b4acc16a6f0770e3",,"2022-03-22T05:30:00.000","2","DRIVER",,"1237581",,"BUICK","LACROSSE","IL","2014","NONE","PASSENGER","PERSONAL","W","TURNING LEFT",,,"1",,,,,,,"Y",,,,"Y",,,,,"Y",,"SIDE-RIGHT",,,,,,,,,,,,,,,,,,,,,,,,,,,,,,,,,
"1302987","8677ed47061af2bed4a46629eb8202846ff83c1e2da8546bd8a89ddba2f210cf0cf3673c2298e1cea6011f13b7e9835121ae04a91092e2aa588e8890b05de113",,"2022-03-22T05:30:00.000","1","DRIVER",,"1237409",,"OLDSMOBILE","BRAVADA","MI","2002","UNKNOWN","SPORT UTILITY VEHICLE (SUV)","PERSONAL","E","DRIVING WRONG WAY","Y",,"1",,"MAGIC CITY TOWING","1139 W VERMONT ST CALUMET CITY",,"Y",,,,,,,,,,"Y","Y",,"TOTAL (ALL AREAS)",,,,,,,,,,,,,,,,,,,,,,,,,,,,,,,,,
"1302988","8677ed47061af2bed4a46629eb8202846ff83c1e2da8546bd8a89ddba2f210cf0cf3673c2298e1cea6011f13b7e9835121ae04a91092e2aa588e8890b05de113",,"2022-03-22T05:30:00.000","2","DRIVER",,"1237410",,"TOYOTA","CAMRY","IL","2014","UNKNOWN","PASSENGER","PERSONAL","W","STRAIGHT AHEAD","Y",,"1",,"E & R TOWING","10300 S DOTY RD",,"Y",,,,,,,,,,,"Y",,"FRONT",,,,,,,,,,,,,,,,,,,,,,,,,,,,,,,,,
"1302986","cc28d4f93314ad908575a94ab1029363bac5748c6151637381114197db8050a70cb79a099a5f8972d72f5b97430dece81ae85d68bc49bc85e8969382e31bfdbc",,"2022-03-22T04:45:00.000","1","DRIVER",,"1237407","N","TOYOTA","RAV4","IL","2018","NONE","PASSENGER","OTHER","E","BACKING",,,"1",,,,,,,,,,"Y",,,,,,,,"REAR-LEFT",,,,,,,,,,,,,,,,,,,,,,,,,,,,,,,,,
"1302982","de7770be7dd0d641ad651fc05a9a0928985ee33aa7f34db428b81a40eb320998a68544bdf96f9f3ae084bf35ea68b4f2feb93d9af1d10fd28383062004cc58cc",,"2022-03-22T04:41:00.000","1","DRIVER","1","1237405",,"HYUNDAI","ELANTRA","IL","2007","NONE","PASSENGER","PERSONAL","N","STRAIGHT AHEAD",,,"2",,,,,"N",,,,,,,,,,"N","Y",,"OTHER",,,,,,,,,,,,,,,,,,,,,,,,,,,,,,,,,
"1302983","de7770be7dd0d641ad651fc05a9a0928985ee33aa7f34db428b81a40eb320998a68544bdf96f9f3ae084bf35ea68b4f2feb93d9af1d10fd28383062004cc58cc",,"2022-03-22T04:41:00.000","2","DRIVER",,"1237406",,"CHEVROLET","MALIBU","IL","2020","NONE","PASSENGER","PERSONAL","S","TURNING LEFT",,,"1",,,,,,,,,,"Y","Y","Y",,"Y",,,,"SIDE-LEFT",,,,,,,,,,,,,,,,,,,,,,,,,,,,,,,,,
"1303129","0f1b15e62e78768f4d9db0e91652929e82394c014b185538cdde57bed6cbe7897eb269b27bf89017e6cbca9a01c35b56f14f213a2d0cd6af92b8500ae1ebb30f",,"2022-03-22T04:00:00.000","1","DRIVER",,"1237542",,"UNKNOWN","OTHER (EXPLAIN IN NARRATIVE)",,,"UNKNOWN","UNKNOWN/NA","UNKNOWN/NA","UNKNOWN","UNKNOWN/NA",,,"1",,,,,,,,,,,,,,,,,"Y","UNKNOWN",,,,,,,,,,,,,,,,,,,,,,,,,,,,,,,,,
"1303130","0f1b15e62e78768f4d9db0e91652929e82394c014b185538cdde57bed6cbe7897eb269b27bf89017e6cbca9a01c35b56f14f213a2d0cd6af92b8500ae1ebb30f",,"2022-03-22T04:00:00.000","2","PARKED",,"1237546",,"CHEVROLET","MALIBU","IL","2017","NONE","PASSENGER","PERSONAL","N","PARKED",,,"0",,,,,,,,,,,,,,,"Y",,,"TOTAL (ALL AREAS)",,,,,,,,,,,,,,,,,,,,,,,,,,,,,,,,,
"1303449","1869e4a13319784cee5c3fce2d04808203b8743f4c7d840f289941b10cc01d3fc99870c3f133e0dc8f05bccd225827dd7aee647e69b6919ee75ffdde5c011f3b",,"2022-03-22T02:43:00.000","1","DRIVER","2","1237858",,"BUICK","ENVISION","IL","2017","UNKNOWN","SPORT UTILITY VEHICLE (SUV)","PERSONAL","W","PASSING/OVERTAKING","Y",,"3",,,,,"Y","Y",,"Y","Y",,"Y","Y","Y","Y","Y","Y",,"UNKNOWN",,,,,,,,,,,,,,,,,,,,,,,,,,,,,,,,,
"1303450","1869e4a13319784cee5c3fce2d04808203b8743f4c7d840f289941b10cc01d3fc99870c3f133e0dc8f05bccd225827dd7aee647e69b6919ee75ffdde5c011f3b",,"2022-03-22T02:43:00.000","2","DRIVER",,"1237872","Y","UNKNOWN","OTHER (EXPLAIN IN NARRATIVE)","IN","2018","UNKNOWN","TRACTOR W/ SEMI-TRAILER","COMMERCIAL - MULTI-UNIT","W","STRAIGHT AHEAD",,,"1",,,,,,,,,,,,,,"Y","Y",,,"TOTAL (ALL AREAS)","14290","239039",,,"DRIVER","3","FEDEX FREIGHT INC","IN","FREMONT",,,,"N","N",,"N",,"N","N",,,,,,,,"6","TRACTOR/DOUBLES","OTHER","OTHER",,"N",
"1302978","497450a150de02ced847dcbad142b900257ad0b9ef558911f8d1d87eed1af5a95e7dc5b978e4abe72fd8ba069499fdda1ad2a6cb3c58c697d1c49e7a456731be",,"2022-03-22T02:33:00.000","1","DRIVER","1","1237399",,"FORD","COURIER","IL","2021","NONE","PASSENGER","POLICE","E","BACKING",,,"2",,,,,,,,"Y","Y","Y",,,,,,,,"REAR",,,,,,,,,,,,,,,,,,,,,,,,,,,,,,,,,
"1302979","497450a150de02ced847dcbad142b900257ad0b9ef558911f8d1d87eed1af5a95e7dc5b978e4abe72fd8ba069499fdda1ad2a6cb3c58c697d1c49e7a456731be",,"2022-03-22T02:33:00.000","2","DRIVER",,"1237403",,"FORD","CONTOUR","IL","2017","NONE","PASSENGER","COMMERCIAL - SINGLE UNIT","W","STRAIGHT AHEAD",,,"1",,,,,"Y","Y","Y","Y","Y",,,,,,,,,"FRONT-RIGHT",,,,,,,,,,,,,,,,,,,,,,,,,,,,,,,,,
"1302977","9ca3ce98b5ba0acf77e7584ff55fbf3cc93fc9d0a97fca32ec7f1428f4061d827e0f60b268012be6f1b1d95d8b54666db266341a155f65b02da99ffe9da7a7e6",,"2022-03-22T02:19:00.000","1","DRIVER",,"1237398",,"TOYOTA","COROLLA","IL","2015","NONE","PASSENGER","PERSONAL","S","STRAIGHT AHEAD","Y",,"1",,"streets and san","232 e lower wacker dr",,"Y","Y",,,,,,,"Y","Y","Y","Y",,"TOTAL (ALL AREAS)",,,,,,,,,,,,,,,,,,,,,,,,,,,,,,,,,
"1302980","485c15365722fd4e19724171c2140e4562eae4a575e32061b76d632454ef8938558063355acffc393d1506db15760d9007bf2cb2c5d4e3be771e4aa02ff39cb6",,"2022-03-22T02:11:00.000","1","DRIVER",,"1237401",,"CHEVROLET","TRAVERSE","IL","2009","UNKNOWN","PASSENGER","PERSONAL","N","AVOIDING VEHICLES/OBJECTS","Y",,"1",,"city of chicago",,,,,,,,,,,,,,,,"FRONT",,,,,,,,,,,,,,,,,,,,,,,,,,,,,,,,,
"1302981","485c15365722fd4e19724171c2140e4562eae4a575e32061b76d632454ef8938558063355acffc393d1506db15760d9007bf2cb2c5d4e3be771e4aa02ff39cb6",,"2022-03-22T02:11:00.000","2","PARKED",,"1237402",,"VOLVO","S60","IL","2022","NONE","PASSENGER","PERSONAL","N","PARKED",,,"0",,,,,,,,,,,"Y","Y","Y",,,,,"ROOF",,,,,,,,,,,,,,,,,,,,,,,,,,,,,,,,,
"1302999","0c954135b4111ca4c4c8a4f909c4fb90a57a9448956460e41102a2def1be373dbbc972e3a280b8136da5441f4ec3e32310d0087d2907598823cd1592a11b3d0d",,"2022-03-22T02:00:00.000","1","DRIVER",,"1237420",,"UNKNOWN","OTHER (EXPLAIN IN NARRATIVE)","IL",,"UNKNOWN","UNKNOWN/NA","UNKNOWN/NA","W","UNKNOWN/NA",,,"1",,,,,,,,,,,,,,"Y","Y","Y",,"TOTAL (ALL AREAS)",,,,,,,,,,,,,,,,,,,,,,,,,,,,,,,,,
"1303000","0c954135b4111ca4c4c8a4f909c4fb90a57a9448956460e41102a2def1be373dbbc972e3a280b8136da5441f4ec3e32310d0087d2907598823cd1592a11b3d0d",,"2022-03-22T02:00:00.000","2","PARKED",,"1237421",,"KIA","OPTIMA / K5","IL","2022","UNKNOWN","PASSENGER","PERSONAL","W","PARKED",,,"0",,,,,"Y",,,,,,,,,,,,,"FRONT",,,,,,,,,,,,,,,,,,,,,,,,,,,,,,,,,
"1302984","2db282bff502011ac1dda49ca3ab0c9ce7e3d240e9ad823b1cdd78182d3529dc16bd8edd9129545e58497afab2deaf8b4fcabe1c32e48463dacab7d860cfbda2",,"2022-03-22T02:00:00.000","1","DRIVER",,"1237408",,"BUICK","OTHER (EXPLAIN IN NARRATIVE)","IL","2009","UNKNOWN","PASSENGER","PERSONAL","N","STRAIGHT AHEAD",,,"1",,,,,,,,,,,,,,,,"Y",,"OTHER",,,,,,,,,,,,,,,,,,,,,,,,,,,,,,,,,
"1302975","4c13e9f83b5e7f03f986baf7b3c66f63165a677c3dbb8546c52d8962272cd837fee6afd283d71ad72031aa292141ff83327529b047829fd6fa720d5b94bc0dfd",,"2022-03-22T01:37:00.000","1","DRIVER","1","1237396","N","FORD","F150","IL","2019","UNKNOWN","PICKUP","TOW TRUCK","W","STRAIGHT AHEAD","Y",,"2",,"E&R TOWING","CITY POUND 1",,"Y",,,,,,,,,,"Y","Y",,"OTHER",,,,,,,,,,,,,,,,,,,,,,,,,,,,,,,,,
"1302976","4c13e9f83b5e7f03f986baf7b3c66f63165a677c3dbb8546c52d8962272cd837fee6afd283d71ad72031aa292141ff83327529b047829fd6fa720d5b94bc0dfd",,"2022-03-22T01:37:00.000","2","DRIVER",,"1237400","Y","VOLVO","TRUCK","IL","2013","UNKNOWN","TRACTOR W/ SEMI-TRAILER","COMMERCIAL - SINGLE UNIT","W","STRAIGHT AHEAD",,,"1",,,,,,,,,"Y","Y","Y",,,,,,,"REAR-LEFT","14280","3716055",,,"DRIVER","1","PEARL NIGHT TRANSPORTATION INC","IL","BURBANK",,,,"N",,,"N",,"N","N",,,,,,,,,"TRACTOR/SEMI-TRAILER","FLATBED","OTHER","N","N",
"1302967","917dbed6c2d1caf3e6aac985710453679f631a797c894bcaf51fc677e8461cc6a4110f825531ab31b40d4c65a5d3c252401745b384eb232f212ad9e1a80dc49c",,"2022-03-22T01:23:00.000","1","DRIVER",,"1237390",,"KIA","SOUL","IL","2016","NONE","PASSENGER","PERSONAL","E","STRAIGHT AHEAD",,,"1",,,,,"Y",,,,,,,,,,"Y","Y",,"FRONT",,,,,,,,,,,,,,,,,,,,,,,,,,,,,,,,,
"1302968","917dbed6c2d1caf3e6aac985710453679f631a797c894bcaf51fc677e8461cc6a4110f825531ab31b40d4c65a5d3c252401745b384eb232f212ad9e1a80dc49c",,"2022-03-22T01:23:00.000","2","PARKED",,"1237391",,"KIA","OPTIMA / K5","IL","2017","NONE","PASSENGER","PERSONAL","UNKNOWN","PARKED",,,"0",,,,,,,,,,,"Y","Y",,,,,,"FRONT-LEFT",,,,,,,,,,,,,,,,,,,,,,,,,,,,,,,,,
"1302971","a2514d48ad9408fd8f07d8674538db8e48bbca2d57f6387cdcb1dba989d530960a38e2aa644343fbe4339cec8d41935e33bc000f0e8fa0aa026c1b76977e168a",,"2022-03-22T01:07:00.000","1","DRIVER","1","1237393",,"CHEVROLET","EQUINOX","IL","2013","NONE","PASSENGER","PERSONAL","S","CHANGING LANES","Y",,"2",,"empire towing",,,"Y","Y","Y",,,,,,"Y","Y","Y","Y",,"FRONT",,,,,,,,,,,,,,,,,,,,,,,,,,,,,,,,,
"1302972","a2514d48ad9408fd8f07d8674538db8e48bbca2d57f6387cdcb1dba989d530960a38e2aa644343fbe4339cec8d41935e33bc000f0e8fa0aa026c1b76977e168a",,"2022-03-22T01:07:00.000","2","PARKED",,"1237394",,"TOYOTA","SIENNA","IL","1998","NONE","PASSENGER","NOT IN USE","S","PARKED",,,"0",,,,,"Y",,,,"Y","Y","Y","Y",,,"Y","Y",,"REAR-LEFT",,,,,,,,,,,,,,,,,,,,,,,,,,,,,,,,,
"1302973","a2514d48ad9408fd8f07d8674538db8e48bbca2d57f6387cdcb1dba989d530960a38e2aa644343fbe4339cec8d41935e33bc000f0e8fa0aa026c1b76977e168a",,"2022-03-22T01:07:00.000","3","PARKED",,"1237395",,"JEEP","COMPASS","IL","2017","NONE","PASSENGER","NOT IN USE","S","PARKED",,,"0",,,,,"Y",,,,"Y","Y","Y",,,,"Y","Y",,"REAR-LEFT",,,,,,,,,,,,,,,,,,,,,,,,,,,,,,,,,
"1302974","a2514d48ad9408fd8f07d8674538db8e48bbca2d57f6387cdcb1dba989d530960a38e2aa644343fbe4339cec8d41935e33bc000f0e8fa0aa026c1b76977e168a",,"2022-03-22T01:07:00.000","4","PARKED",,"1237397",,"CHEVROLET","EQUINOX","IL","2008","NONE","PASSENGER","NOT IN USE","S","PARKED",,,"0",,,,,,,,,"Y","Y","Y",,,,,,,"REAR-LEFT",,,,,,,,,,,,,,,,,,,,,,,,,,,,,,,,,
"1302963","d9edc7cfcb020230bf9991660597ab76e5d6345d07fbebc940d6e59f0b58e458153e8765c7a863a7cd84ee3ccf2cc0fe61fde6a2730fac91bdd62ef4767f40e7",,"2022-03-22T00:47:00.000","1","DRIVER",,"1237384",,"UNKNOWN","OTHER (EXPLAIN IN NARRATIVE)","IL",,"UNKNOWN","UNKNOWN/NA","UNKNOWN/NA","UNKNOWN","BACKING",,,"1",,,,,,,,,,,,,,,,,"Y","REAR-LEFT",,,,,,,,,,,,,,,,,,,,,,,,,,,,,,,,,
"1302964","d9edc7cfcb020230bf9991660597ab76e5d6345d07fbebc940d6e59f0b58e458153e8765c7a863a7cd84ee3ccf2cc0fe61fde6a2730fac91bdd62ef4767f40e7",,"2022-03-22T00:47:00.000","2","DRIVER",,"1237387",,"MERCEDES-BENZ","E300","IL","2018","NONE","PASSENGER","PERSONAL","E","STRAIGHT AHEAD","Y",,"1",,"chicago allzone towing","9044 s halsted",,"Y","Y",,,,,,,,"Y","Y","Y",,"OTHER",,,,,,,,,,,,,,,,,,,,,,,,,,,,,,,,,
"1303036","7d1f03f392ca9b866f4be82ff578a4650a6f12c7a7ce5c99c925d1a511eec10286f51143383563eaa1449898f166598ad75c7b9d2650b69ba2a3b0b30dd1873b",,"2022-03-22T00:30:00.000","1","DRIVER",,"1237446",,"UNKNOWN","OTHER (EXPLAIN IN NARRATIVE)",,,"UNKNOWN","UNKNOWN/NA","UNKNOWN/NA","UNKNOWN","UNKNOWN/NA",,,"1",,,,,,,,,,,,,,,,,"Y","UNKNOWN",,,,,,,,,,,,,,,,,,,,,,,,,,,,,,,,,
"1303037","7d1f03f392ca9b866f4be82ff578a4650a6f12c7a7ce5c99c925d1a511eec10286f51143383563eaa1449898f166598ad75c7b9d2650b69ba2a3b0b30dd1873b",,"2022-03-22T00:30:00.000","2","PARKED",,"1237451",,"HONDA","INSIGHT","IL","2021","NONE","PASSENGER","OTHER","N","PARKED",,,"0",,,,,,,,,,,,,,,,,,"REAR-LEFT",,,,,,,,,,,,,,,,,,,,,,,,,,,,,,,,,
"1302961","c9e610944aa1a4841a3dc72ff97a5e1a7963e4abfcdfe5900dfca0b520c164910b5f5f2a5fcff7bb58702c1dff94396e1ade4e27df06adbf61105f0ed664b0f4",,"2022-03-22T00:30:00.000","1","DRIVER",,"1237382",,"CHEVROLET","CRUZE","WI","2014","UNKNOWN","PASSENGER","PERSONAL","S","PASSING/OVERTAKING",,,"1",,,,,"Y",,,,,,,,,,,,"Y","FRONT",,,,,,,,,,,,,,,,,,,,,,,,,,,,,,,,,
"1302962","c9e610944aa1a4841a3dc72ff97a5e1a7963e4abfcdfe5900dfca0b520c164910b5f5f2a5fcff7bb58702c1dff94396e1ade4e27df06adbf61105f0ed664b0f4",,"2022-03-22T00:30:00.000","2","DRIVER",,"1237386",,"DODGE","CHALLENGER","IL","2013","NONE","PASSENGER","PERSONAL","S","SLOW/STOP IN TRAFFIC",,,"1",,,,,,,,,,"Y","Y",,,,,,"Y","SIDE-LEFT",,,,,,,,,,,,,,,,,,,,,,,,,,,,,,,,,
"1302965","db1d38d926c58051a29a54feb519b2369b74970ef13102a1b491e9412b5c5e67fa94031b4b209c9a3c885f2e1e224d2f80a07e483dfb7b15387511c07ac8de56",,"2022-03-22T00:15:00.000","1","DRIVER",,"1237388",,"CHEVROLET","MALIBU","IL","2018","UNKNOWN","PASSENGER","PERSONAL","S","BACKING",,,"1",,,,,,,,,,,,,,,,,"Y","REAR-LEFT",,,,,,,,,,,,,,,,,,,,,,,,,,,,,,,,,
"1302966","db1d38d926c58051a29a54feb519b2369b74970ef13102a1b491e9412b5c5e67fa94031b4b209c9a3c885f2e1e224d2f80a07e483dfb7b15387511c07ac8de56",,"2022-03-22T00:15:00.000","2","DRIVER",,"1237389",,"ACURA","TLX","IL","2006","UNKNOWN","PASSENGER","PERSONAL","E","STRAIGHT AHEAD",,,"1",,,,,,,,,,,,,,"Y","Y",,,"UNDER CARRIAGE",,,,,,,,,,,,,,,,,,,,,,,,,,,,,,,,,
"1303165","5d9276eefd728e8abc8bae78f8138ccf4e259b8dc01a06aa710a8b1359110b56fc7eb0b63ab10cb2334f8c772bf4f0571946233127057dfd436b58860ec1b866",,"2022-03-22T00:00:00.000","1","DRIVER",,"1237583",,"UNKNOWN","MOTORIZED",,,"UNKNOWN","UNKNOWN/NA","UNKNOWN/NA","UNKNOWN","UNKNOWN/NA",,,"1",,,,,,,,,,,,,,,,,"Y","UNKNOWN",,,,,,,,,,,,,,,,,,,,,,,,,,,,,,,,,
"1303166","5d9276eefd728e8abc8bae78f8138ccf4e259b8dc01a06aa710a8b1359110b56fc7eb0b63ab10cb2334f8c772bf4f0571946233127057dfd436b58860ec1b866",,"2022-03-22T00:00:00.000","2","PARKED",,"1237584",,"DODGE","RAM PROMASTER","IL","2021","NONE","VAN/MINI-VAN","PERSONAL","N","PARKED",,,"0",,,,,,,,,,,"Y","Y",,,,,,"SIDE-LEFT",,,,,,,,,,,,,,,,,,,,,,,,,,,,,,,,,