"crash_unit_id","crash_record_id","rd_no","crash_date","unit_no","unit_type","num_passengers","vehicle_id","cmrc_veh_i","make","model","lic_plate_state","vehicle_year","vehicle_defect","vehicle_type","vehicle_use","travel_direction","maneuver","towed_i","fire_i","occupant_cnt","exceed_speed_limit_i","towed_by","towed_to","area_00_i","area_01_i","area_02_i","area_03_i","area_04_i","area_05_i","area_06_i","area_07_i","area_08_i","area_09_i","area_10_i","area_11_i","area_12_i","area_99_i","first_contact_point","cmv_id","usdot_no","ccmc_no","ilcc_no","commercial_src","gvwr","carrier_name","carrier_state","carrier_city","hazmat_placards_i","hazmat_name","un_no","hazmat_present_i","hazmat_report_i","hazmat_report_no","mcs_report_i","mcs_report_no","hazmat_vio_cause_crash_i","mcs_vio_cause_crash_i","idot_permit_no","wide_load_i","trailer1_width","trailer2_width","trailer1_length","trailer2_length","total_vehicle_length","axle_cnt","vehicle_config","cargo_body_type","load_type","hazmat_out_of_service_i","mcs_out_of_service_i","hazmat_class"
"1303079","e074ce4f27e026dbc69107dfd1358336c969da5125ea721648336c48972116a03b3bc8822e9402e9662477c135f668f0f6020a82e3514815ebff486516663ba2",,"2022-03-21T23:28:00.000","1","DRIVER",,"1237498",,"FORD","F150","IL","2003","UNKNOWN","PICKUP","PERSONAL","W","BACKING",,,"1",,,,,,,,,,,,,,,,,"Y","REAR-LEFT",,,,,,,,,,,,,,,,,,,,,,,,,,,,,,,,,
"1303080","e074ce4f27e026dbc69107dfd1358336c969da5125ea721648336c48972116a03b3bc8822e9402e9662477c135f668f0f6020a82e3514815ebff486516663ba2",,"2022-03-21T23:28:00.000","2","DRIVER",,"1237501",,"HONDA","CIVIC","IL","2017","NONE","PASSENGER","PERSONAL","E","SLOW/STOP IN TRAFFIC",,,"1",,,,,,,,,,,,,,,,,,"FRONT",,,,,,,,,,,,,,,,,,,,,,,,,,,,,,,,,
"1302959","627b0b993a681705b6b2c164a7b4c0a722a0e726bf8d64f921d79297a7ad9b380b1ee619bf7e0dae302917f472b85cf7e69f7121622e4ceca3babfd3e9fd59fc",,"2022-03-21T23:20:00.000","1","DRIVER",,"1237378",,"JEEP","CHEROKEE","IL",,"UNKNOWN","UNKNOWN/NA","UNKNOWN/NA","S","UNKNOWN/NA",,,"1",,,,,"Y",,,,,,,,,,"Y","Y",,"UNKNOWN",,,,,,,,,,,,,,,,,,,,,,,,,,,,,,,,,
"1302960","627b0b993a681705b6b2c164a7b4c0a722a0e726bf8d64f921d79297a7ad9b380b1ee619bf7e0dae302917f472b85cf7e69f7121622e4ceca3babfd3e9fd59fc",,"2022-03-21T23:20:00.000","2","DRIVERLESS",,"1237379",,"BMW","X3","IL","2017","NONE","SPORT UTILITY VEHICLE (SUV)","NOT IN USE","S","PARKED","Y",,"0",,"private tow","unknown",,,,,,,"Y","Y","Y",,,,,,"REAR-LEFT",,,,,,,,,,,,,,,,,,,,,,,,,,,,,,,,,
"1302940","1c4ea6a6990dea519fbf896df41d2439940be37d4e2586cd6036e6755dbb55ad4a08c7677f47532354ef364e8f81424871528df285096d669f08529ec748c0fd",,"2022-03-21T23:00:00.000","1","DRIVER",,"1237361",,"CADILLAC","DEVILLE",,,"UNKNOWN","UNKNOWN/NA","UNKNOWN/NA","S","OTHER",,,"1",,,,,"N","N",,,,,,,,,,,"Y","FRONT",,,,,,,,,,,,,,,,,,,,,,,,,,,,,,,,,
"1302941","1c4ea6a6990dea519fbf896df41d2439940be37d4e2586cd6036e6755dbb55ad4a08c7677f47532354ef364e8f81424871528df285096d669f08529ec748c0fd",,"2022-03-21T23:00:00.000","2","PARKED","2","1237365",,"BMW","OTHER (EXPLAIN IN NARRATIVE)","NH","2014","NONE","PASSENGER","PERSONAL","S","PARKED",,,"2",,,,,,,,,,,"Y","Y",,,,,,"SIDE-LEFT",,,,,,,,,,,,,,,,,,,,,,,,,,,,,,,,,
"1303071","3f3cd972d8126508105369daf8dd3a50b40696e4be8bddfbea1d92e1f516df127399d578122c756834ed60190de730fb09efb824e03f2138e17c55bc49e4e81b",,"2022-03-21T23:00:00.000","1","DRIVER",,"1237487",,"UNKNOWN","OTHER (EXPLAIN IN NARRATIVE)",,,"UNKNOWN","UNKNOWN/NA","UNKNOWN/NA","UNKNOWN","UNKNOWN/NA",,,"1",,,,,,,,,,,,,,,,,"Y","UNKNOWN",,,,,,,,,,,,,,,,,,,,,,,,,,,,,,,,,
"1303072","3f3cd972d8126508105369daf8dd3a50b40696e4be8bddfbea1d92e1f516df127399d578122c756834ed60190de730fb09efb824e03f2138e17c55bc49e4e81b",,"2022-03-21T23:00:00.000","2","DRIVERLESS",,"1237489",,"NISSAN","ROGUE","IL","2019","NONE","SPORT UTILITY VEHICLE (SUV)","NOT IN USE","N","PARKED",,,"0",,,,,"Y","Y","Y","Y",,,,,,,,,,"SIDE-RIGHT",,,,,,,,,,,,,,,,,,,,,,,,,,,,,,,,,
"1302939","eab767e1aeb99cc196698af121dbcaea1fc990921186be7d442d20692f14bf7da75a000f28442e21097cc3c947809c3dad005a9a12f631e5f9ee76bcb88f6250",,"2022-03-21T22:22:00.000","1","DRIVER",,"1237364","Y","NAVISTAR","NAVISTAR",,"2019","NONE","TRACTOR W/ SEMI-TRAILER","COMMERCIAL - MULTI-UNIT","W","TURNING LEFT",,,"1",,,,"Y",,,,,"Y",,,,,,,,,"REAR-RIGHT","14279","2560236",,,"PAPERS",,"VEKA FREIGHT INC","MI","GRAND RAPIDS",,,,"N","N",,"N",,"N","N",,,,,,,,,,,,"N","N",
"1303291","3088720c7d9dda3e355cceced43dc68a06d1dc561cbd5511ddd9d4974f6d45e6ee435c8a2b73ca5c994ee2a544eeadaa070b9d6724ab969bd355585caffe7eee",,"2022-03-21T22:00:00.000","1","DRIVER",,"1237697",,"NISSAN","OTHER (EXPLAIN IN NARRATIVE)",,,"UNKNOWN","PASSENGER","UNKNOWN/NA","UNKNOWN","UNKNOWN/NA",,,"1",,,,,,,,,,,,,,,,,"Y","UNKNOWN",,,,,,,,,,,,,,,,,,,,,,,,,,,,,,,,,
"1303292","3088720c7d9dda3e355cceced43dc68a06d1dc561cbd5511ddd9d4974f6d45e6ee435c8a2b73ca5c994ee2a544eeadaa070b9d6724ab969bd355585caffe7eee",,"2022-03-21T22:00:00.000","2","PARKED",,"1237700",,"CHEVROLET","IMPALA","IL","2016","UNKNOWN","PASSENGER","NOT IN USE","W","PARKED",,,"0",,,,,"Y",,,,,,,,,,,,,"FRONT",,,,,,,,,,,,,,,,,,,,,,,,,,,,,,,,,
"1302957","a2ac465f3cbb4ad4cca067cb95edf51e79206851e86174da804845fefb95d17c804866446b8e70e636606f1ceba474e806292e4fc8bc52651a84d7feb5ed09f6",,"2022-03-21T22:00:00.000","1","DRIVER",,"1237385",,"TOYOTA","PRIUS","IL","2014","NONE","PASSENGER","TAXI/FOR HIRE","S","OTHER",,,"1",,,,,,,,,,,,,"Y",,,,,"ROOF",,,,,,,,,,,,,,,,,,,,,,,,,,,,,,,,,
"1302958","a2ac465f3cbb4ad4cca067cb95edf51e79206851e86174da804845fefb95d17c804866446b8e70e636606f1ceba474e806292e4fc8bc52651a84d7feb5ed09f6",,"2022-03-21T22:00:00.000","2","DRIVER",,"1237383",,"LINCOLN","AVIATOR","IL","2020","NONE","PASSENGER","TAXI/FOR HIRE","S","STRAIGHT AHEAD",,,"1",,,,,,,"Y",,,,,,,,,,,"SIDE-RIGHT",,,,,,,,,,,,,,,,,,,,,,,,,,,,,,,,,
"1303275","bb06fc8a20d772c1f95f713618d8059d78f4a2b886f82653812618585b19e3819a91f8e724d52b0f2415d7e30d752926fb2f83c1cda8e8efd252b6636b4e3222",,"2022-03-21T22:00:00.000","1","DRIVER",,"1237682",,"TOYOTA","SIENNA","IL","1998","UNKNOWN","VAN/MINI-VAN","UNKNOWN/NA","N","LEAVING TRAFFIC LANE TO PARK",,,"1",,,,,,,,,,,,,,,,,"Y","REAR-LEFT",,,,,,,,,,,,,,,,,,,,,,,,,,,,,,,,,
"1303276","bb06fc8a20d772c1f95f713618d8059d78f4a2b886f82653812618585b19e3819a91f8e724d52b0f2415d7e30d752926fb2f83c1cda8e8efd252b6636b4e3222",,"2022-03-21T22:00:00.000","2","PARKED",,"1237684",,"MAZDA","MAZDA3","IL","2015","UNKNOWN","PASSENGER","UNKNOWN/NA","N","PARKED",,,"0",,,,,,,,,,,,,,,,"Y",,"TOTAL (ALL AREAS)",,,,,,,,,,,,,,,,,,,,,,,,,,,,,,,,,
"1302937","d583a88a8d2cfe6359a5efd9d299109e62e42404d457a8680cfa19599069e922b85cdcbee535260398cae913b6778b9bf7b69d75d564e9201fb74d7278303ecc",,"2022-03-21T22:00:00.000","1","DRIVER",,"1237360",,"DODGE","CHALLENGER","IL","2018","UNKNOWN","PASSENGER","PERSONAL","S","CHANGING LANES",,,"1",,,,,,,,,,,,,,,,,,"UNKNOWN",,,,,,,,,,,,,,,,,,,,,,,,,,,,,,,,,
"1302938","d583a88a8d2cfe6359a5efd9d299109e62e42404d457a8680cfa19599069e922b85cdcbee535260398cae913b6778b9bf7b69d75d564e9201fb74d7278303ecc",,"2022-03-21T22:00:00.000","2","DRIVER","1","1237362",,"NISSAN","SENTRA","IL","2021","UNKNOWN","PASSENGER","PERSONAL","S","STRAIGHT AHEAD",,,"2",,,,,,,,,,,,,"Y","Y","Y",,,"ROOF",,,,,,,,,,,,,,,,,,,,,,,,,,,,,,,,,
"1302955","0d03097f9c41d7339e128acb657aa8ca2eb3aaf7f78e71df58183ca7cafb1ae2934b0b6cbd1ca2121cdf824af15a5bcff9e1c2aa803d36ef11eff7bc601c4b99",,"2022-03-21T21:46:00.000","1","DRIVER",,"1237372",,"MERCEDES-BENZ","OTHER (EXPLAIN IN NARRATIVE)","IL",,"UNKNOWN","UNKNOWN/NA","UNKNOWN/NA","N","STRAIGHT AHEAD",,,"1",,,,,"Y",,,,,,,,,,,"Y",,"OTHER",,,,,,,,,,,,,,,,,,,,,,,,,,,,,,,,,
"1302956","0d03097f9c41d7339e128acb657aa8ca2eb3aaf7f78e71df58183ca7cafb1ae2934b0b6cbd1ca2121cdf824af15a5bcff9e1c2aa803d36ef11eff7bc601c4b99",,"2022-03-21T21:46:00.000","2","DRIVER",,"1237377",,"UNKNOWN","OTHER (EXPLAIN IN NARRATIVE)","IL","2016","UNKNOWN","MOTORCYCLE (OVER 150CC)","PERSONAL","N","STRAIGHT AHEAD","Y",,"1",,"STREETS & SANITATION","POUND 1",,,,,,,,,,,,,,,"REAR-LEFT",,,,,,,,,,,,,,,,,,,,,,,,,,,,,,,,,
"1302942","0427860e3643b896e1a9b1f563ffdaad520cb69c7424668032fd6a5466bcc1639a9a88f0ab2dfba043e390b722a5057b9d83e43b3b0bff8c9efa3b03ef7f4df9",,"2022-03-21T21:45:00.000","1","DRIVER",,"1237363",,"KIA","SOUL","IL","2014","UNKNOWN","PASSENGER","TAXI/FOR HIRE","N","STRAIGHT AHEAD",,,"1",,,,,,,,,,,,,,,,"Y",,"OTHER",,,,,,,,,,,,,,,,,,,,,,,,,,,,,,,,,
"1302943","0427860e3643b896e1a9b1f563ffdaad520cb69c7424668032fd6a5466bcc1639a9a88f0ab2dfba043e390b722a5057b9d83e43b3b0bff8c9efa3b03ef7f4df9",,"2022-03-21T21:45:00.000","2","DRIVER",,"1237366",,"PORSCHE","CAYENNE","IL","2021","UNKNOWN","PASSENGER","PERSONAL","N","STRAIGHT AHEAD",,,"1",,,,,,,,,,"Y",,,,,,,,"REAR-LEFT",,,,,,,,,,,,,,,,,,,,,,,,,,,,,,,,,
"1302929","8e87045cdd601da2526f88b174bcba2e52a89b2e0191ece575e15c35e0e009d72781baea53f1d397f452ca491e448de5ab6b177ff645fca1611bce5e877c2997",,"2022-03-21T21:45:00.000","1","DRIVER","1","1237352",,"NISSAN","ALTIMA","IL","2016","NONE","PASSENGER","PERSONAL","S","STRAIGHT AHEAD",,,"2",,,,"Y",,,,,,,,,,,,,,"OTHER",,,,,,,,,,,,,,,,,,,,,,,,,,,,,,,,,
"1302930","8e87045cdd601da2526f88b174bcba2e52a89b2e0191ece575e15c35e0e009d72781baea53f1d397f452ca491e448de5ab6b177ff645fca1611bce5e877c2997",,"2022-03-21T21:45:00.000","2","DRIVER",,"1237357",,"KIA","SPORTAGE","IL","2018","NONE","PASSENGER","PERSONAL","S","STRAIGHT AHEAD",,,"1",,,,,,,,,,"Y","Y",,,,,,,"REAR-LEFT",,,,,,,,,,,,,,,,,,,,,,,,,,,,,,,,,
"1302946","2e5d575f3a13cc370f4f3b0c9946e32eaf16b612dbc5387d217efe6db896180aceee703103428803a0524e54973036c33a633243fbcff94aa1eb8d22bb3fabe0",,"2022-03-21T21:30:00.000","1","DRIVER",,"1237374",,"HYUNDAI","SONATA","IL","2018","NONE","PASSENGER","PERSONAL","S","SKIDDING/CONTROL LOSS","Y",,"1",,"safe keeping","unknown",,,,,,,,,,,,"Y",,,"TOTAL (ALL AREAS)",,,,,,,,,,,,,,,,,,,,,,,,,,,,,,,,,
"1302947","2e5d575f3a13cc370f4f3b0c9946e32eaf16b612dbc5387d217efe6db896180aceee703103428803a0524e54973036c33a633243fbcff94aa1eb8d22bb3fabe0",,"2022-03-21T21:30:00.000","2","PARKED",,"1237368",,"BUICK","VERANO","IL","2013","NONE","PASSENGER","PERSONAL","S","PARKED",,,"0",,,,,,,,,,,"Y",,,,,,,"FRONT-LEFT",,,,,,,,,,,,,,,,,,,,,,,,,,,,,,,,,
"1302948","2e5d575f3a13cc370f4f3b0c9946e32eaf16b612dbc5387d217efe6db896180aceee703103428803a0524e54973036c33a633243fbcff94aa1eb8d22bb3fabe0",,"2022-03-21T21:30:00.000","3","PARKED",,"1237367",,"BUICK","LACROSSE","IL","2011","NONE","PASSENGER","PERSONAL","S","PARKED",,,"0",,,,,,,,,,,,,,"Y",,,,"ROOF",,,,,,,,,,,,,,,,,,,,,,,,,,,,,,,,,
"1302921","b6dd5721895825a09335143b6375727de82b7056bd74aa681ff6cdc3aea3af788b8f96737835d971ca867e961deff39c4c056458b4e45d469772d5b0f98580bf",,"2022-03-21T21:15:00.000","1","DRIVER","1","1237341",,"JEEP","WRANGLER","IL","2021","NONE","PASSENGER","OTHER","E","STRAIGHT AHEAD",,,"2",,,,,,,,,,,,,,,,"Y",,"OTHER",,,,,,,,,,,,,,,,,,,,,,,,,,,,,,,,,
"1302922","b6dd5721895825a09335143b6375727de82b7056bd74aa681ff6cdc3aea3af788b8f96737835d971ca867e961deff39c4c056458b4e45d469772d5b0f98580bf",,"2022-03-21T21:15:00.000","2","DRIVER","1","1237343",,"HYUNDAI","TUCSON","IL","2016","NONE","PASSENGER","PERSONAL","E","SLOW/STOP IN TRAFFIC",,,"2",,,,,,,,,"Y","Y",,,,,,,,"REAR-LEFT",,,,,,,,,,,,,,,,,,,,,,,,,,,,,,,,,
"1302924","629885251a086944d5f23976fca0ee466f534f2ec60e3015d461f9a74d7840ad5d319e3f91c259eaea7c2c09ae01f2b1edc734febb3a198d76dab567c3a7bbeb",,"2022-03-21T21:09:00.000","1","DRIVER","1","1237344",,"HONDA","ACCORD","IL","2006","UNKNOWN","PASSENGER","PERSONAL","W","STRAIGHT AHEAD",,,"2",,,,,,,,,,,,,,,"Y",,,"TOTAL (ALL AREAS)",,,,,,,,,,,,,,,,,,,,,,,,,,,,,,,,,
"1302925","629885251a086944d5f23976fca0ee466f534f2ec60e3015d461f9a74d7840ad5d319e3f91c259eaea7c2c09ae01f2b1edc734febb3a198d76dab567c3a7bbeb",,"2022-03-21T21:09:00.000","2","DRIVER",,"1237346",,"YAMAHA","YAMAHA","IL","2006","UNKNOWN","MOTORCYCLE (OVER 150CC)","PERSONAL","W","STRAIGHT AHEAD",,,"1",,,,,"Y","Y",,,,,,,,,,,,"FRONT",,,,,,,,,,,,,,,,,,,,,,,,,,,,,,,,,
"1302928","4bacf2b66e409465a57989d936dcb319296544777b456450acffa6997c0a1d93d19444713aea670eb70898d6fa6b745e07ecb1b5d639d72b4a83fa3a7d71b708",,"2022-03-21T21:00:00.000","1","DRIVER","1","1237347",,"ACURA","TLX","IL","2010","NONE","PASSENGER","PERSONAL","W","STRAIGHT AHEAD",,,"2",,,,,,,,,,,,,,,,"Y",,,,,,,,,,,,,,,,,,,,,,,,,,,,,,,,,,,
"1303144","b3a19cadfe8d55d628ca7fa88e77215db0c23ea26f6ef6560106dfe3dcf1baee34721b9da4f83af4b918db9eebc5813cfe8383e37fdaa196ed4aa4ccf5a4e679",,"2022-03-21T21:00:00.000","1","DRIVER",,"1237564",,"UNKNOWN","OTHER (EXPLAIN IN NARRATIVE)","IL",,"UNKNOWN","UNKNOWN/NA","UNKNOWN/NA","W","UNKNOWN/NA",,,"1",,,,,,,,,,,,,,,,,,"UNKNOWN",,,,,,,,,,,,,,,,,,,,,,,,,,,,,,,,,
"1303145","b3a19cadfe8d55d628ca7fa88e77215db0c23ea26f6ef6560106dfe3dcf1baee34721b9da4f83af4b918db9eebc5813cfe8383e37fdaa196ed4aa4ccf5a4e679",,"2022-03-21T21:00:00.000","2","DRIVER",,"1237569",,"CHEVROLET","EXPRESS","IL","2005","NONE","VAN/MINI-VAN","PERSONAL","W","SLOW/STOP IN TRAFFIC",,,"1",,,,,,,,,,,,,,,,,,"FRONT-LEFT",,,,,,,,,,,,,,,,,,,,,,,,,,,,,,,,,
"1302915","fa1662e4f56c203c0bb51eaf42db2fd6c101a4bddc8712b7480aaa22e7908b156b6dee196d471502633baf1acc041d4d12a2e751b6630ea65c755eb311238fce",,"2022-03-21T20:58:00.000","1","DRIVER",,"1237334",,"TOYOTA","CAMRY","IL","2009","NONE","PASSENGER","PERSONAL","NE","BACKING",,,"1",,,,,,,,,,"Y",,,,,,"N",,"REAR-LEFT",,,,,,,,,,,,,,,,,,,,,,,,,,,,,,,,,
"1302916","fa1662e4f56c203c0bb51eaf42db2fd6c101a4bddc8712b7480aaa22e7908b156b6dee196d471502633baf1acc041d4d12a2e751b6630ea65c755eb311238fce",,"2022-03-21T20:58:00.000","2","PARKED",,"1237337",,"CHEVROLET","TRAIL BLAZER","IL","2008","NONE","SPORT UTILITY VEHICLE (SUV)","PERSONAL","W","PARKED",,,"0",,,,,,,,,,,,,,,,"Y",,"OTHER",,,,,,,,,,,,,,,,,,,,,,,,,,,,,,,,,
"1302901","c5d6fa6acdb6d0359a06168fa9275eda8265c1f8caed2f7f2696799fa986623a270c7cb8ba59f71d333d276707f19377bd8b65154c28475151b8832d39aa0369",,"2022-03-21T20:55:00.000","1","DRIVER",,"1237321",,"CHEVROLET","MALIBU","IL","2011","UNKNOWN","PASSENGER","PERSONAL","W","STRAIGHT AHEAD",,,"1",,,,"Y",,,,,,,,,,,,,,"UNKNOWN",,,,,,,,,,,,,,,,,,,,,,,,,,,,,,,,,
"1302902","c5d6fa6acdb6d0359a06168fa9275eda8265c1f8caed2f7f2696799fa986623a270c7cb8ba59f71d333d276707f19377bd8b65154c28475151b8832d39aa0369",,"2022-03-21T20:55:00.000","2","DRIVER",,"1237323",,"CHEVROLET","ASTRO","IL","2002","NONE","VAN/MINI-VAN","PERSONAL","W","SLOW/STOP IN TRAFFIC",,,"1",,,,"Y",,,,,,,,,,,,,"N","UNKNOWN",,,,,,,,,,,,,,,,,,,,,,,,,,,,,,,,,
"1302905","f70ce9f50ab3e1cedec8d3db662d7f7597ddf30556439c23c77c4e77403739b8d7052c188a5cb3555932ae37e6c6a933cbe7cb93e3cc728faeef6778e7fac5c1",,"2022-03-21T20:50:00.000","1","DRIVER",,"1237329",,"BUICK","ENCLAVE","IL","2010","NONE","PASSENGER","PERSONAL","N","STRAIGHT AHEAD",,,"1",,,,,,,,,,,,"Y",,,,,,"FRONT-LEFT",,,,,,,,,,,,,,,,,,,,,,,,,,,,,,,,,
"1302906","f70ce9f50ab3e1cedec8d3db662d7f7597ddf30556439c23c77c4e77403739b8d7052c188a5cb3555932ae37e6c6a933cbe7cb93e3cc728faeef6778e7fac5c1",,"2022-03-21T20:50:00.000","2","DRIVER",,"1237336",,"KIA","OPTIMA / K5","IL","2022","NONE","PASSENGER","PERSONAL","S","STRAIGHT AHEAD",,,"1",,,,,,,,,,,,,,,,,,"SIDE-LEFT",,,,,,,,,,,,,,,,,,,,,,,,,,,,,,,,,
"1302911","61130d53ffdc698adb039b978d9fbd9666add080bcfcadaf3f1597fc5edf7a4f7ee425c3fa46dc779464a45133a161fceaf738e01f082280fdaf2eeca13b52ab",,"2022-03-21T20:48:00.000","1","PEDESTRIAN",,,,,,,,,,,,,,,,,,,,,,,,,,,,,,,,,,,,,,,,,,,,,,,,,,,,,,,,,,,,,,,,,,
"1302912","61130d53ffdc698adb039b978d9fbd9666add080bcfcadaf3f1597fc5edf7a4f7ee425c3fa46dc779464a45133a161fceaf738e01f082280fdaf2eeca13b52ab",,"2022-03-21T20:48:00.000","2","DRIVER",,"1237330",,"VOLKSWAGEN","OTHER (EXPLAIN IN NARRATIVE)",,,"UNKNOWN","PASSENGER","UNKNOWN/NA","W","STRAIGHT AHEAD",,,"1",,,,,,,,,,,,,,,,,"Y","UNKNOWN",,,,,,,,,,,,,,,,,,,,,,,,,,,,,,,,,
"1302897","639ccde5762afb2b54e3e42ad8c3d1a06f9492ae6ee3c3ad977387dcbdd62bc66c72b4a7615d82e9c3c07741e68276097b34a78378baebc0b8deb969646ad937",,"2022-03-21T20:30:00.000","1","DRIVER","1","1237322",,"TOYOTA","RAV4","IL","2017","NONE","SPORT UTILITY VEHICLE (SUV)","PERSONAL","N","STRAIGHT AHEAD",,,"2",,,,,"Y",,,,,,,,,,,,,"FRONT",,,,,,,,,,,,,,,,,,,,,,,,,,,,,,,,,
"1302898","639ccde5762afb2b54e3e42ad8c3d1a06f9492ae6ee3c3ad977387dcbdd62bc66c72b4a7615d82e9c3c07741e68276097b34a78378baebc0b8deb969646ad937",,"2022-03-21T20:30:00.000","2","PARKED",,"1237332",,"TOYOTA","VENZA","IL","2015","NONE","SPORT UTILITY VEHICLE (SUV)","PERSONAL","N","PARKED",,,"0",,,,,,,,,,,"Y",,,,,,,"SIDE-LEFT",,,,,,,,,,,,,,,,,,,,,,,,,,,,,,,,,
"1302899","673a071ccb9eabab547e07408df2b46cbc16d0cb3beca27fb4d0c26ffb78edaf5e2ccdb3a7876c392a597f2881ab99d78c29bd01673f31e4295b984e73c828e6",,"2022-03-21T20:24:00.000","1","DRIVER",,"1237342",,"UNKNOWN","MOTORIZED",,,"UNKNOWN","UNKNOWN/NA","UNKNOWN/NA","E","UNKNOWN/NA",,,"1",,,,,,,,,,,,,,,,,"Y","SIDE-RIGHT",,,,,,,,,,,,,,,,,,,,,,,,,,,,,,,,,
"1302900","673a071ccb9eabab547e07408df2b46cbc16d0cb3beca27fb4d0c26ffb78edaf5e2ccdb3a7876c392a597f2881ab99d78c29bd01673f31e4295b984e73c828e6",,"2022-03-21T20:24:00.000","2","DRIVER",,"1237345",,"CHRYSLER","200","GA",,"UNKNOWN","OTHER","PERSONAL","E","STRAIGHT AHEAD",,,"1",,,,,"Y",,,,,,,,,,"Y","Y",,"ROOF",,,,,,,,,,,,,,,,,,,,,,,,,,,,,,,,,
"1302926","f505a84a091590b84ffecda63e0a2c34b7881b45ff10043a56dec1a9fe630b0e1a649223d5c458e30ee6da45c46f9ca7b14a4a1ac26bcf28ed097f62f26500bb",,"2022-03-21T20:19:00.000","1","DRIVER",,"1237349",,"UNKNOWN","OTHER (EXPLAIN IN NARRATIVE)","IL",,"NONE","PASSENGER","PERSONAL","E","STRAIGHT AHEAD",,,"1",,,,,,,,,,,,,,,,,,"UNKNOWN",,,,,,,,,,,,,,,,,,,,,,,,,,,,,,,,,
"1302927","f505a84a091590b84ffecda63e0a2c34b7881b45ff10043a56dec1a9fe630b0e1a649223d5c458e30ee6da45c46f9ca7b14a4a1ac26bcf28ed097f62f26500bb",,"2022-03-21T20:19:00.000","2","PARKED",,"1237350",,"NISSAN","ROGUE","IL","2022","NONE","PASSENGER","PERSONAL","E","PARKED",,,"0",,,,,,,,,,,"Y",,,,"Y",,,"OTHER",,,,,,,,,,,,,,,,,,,,,,,,,,,,,,,,,
"1303232","55817956385aa6e01b27bcc8f58270e7fac1a2b8c9914f917d54317474cbdf780fcdbdb2a76a7186d21adab937229d8afefb070613ed305f9f868b9dd1d90baa",,"2022-03-21T20:14:00.000","1","DRIVER",,"1237641",,"LINCOLN","AVIATOR","OH","2003","NONE","SPORT UTILITY VEHICLE (SUV)","PERSONAL","UNKNOWN","STRAIGHT AHEAD",,,"1",,,,,,,,,,,,,,,"Y","Y",,"OTHER",,,,,,,,,,,,,,,,,,,,,,,,,,,,,,,,,
"1303233","55817956385aa6e01b27bcc8f58270e7fac1a2b8c9914f917d54317474cbdf780fcdbdb2a76a7186d21adab937229d8afefb070613ed305f9f868b9dd1d90baa",,"2022-03-21T20:14:00.000","2","DRIVER","3","1237642",,"DODGE","CHARGER","IL","2018","NONE","PASSENGER","PERSONAL","UNKNOWN","STRAIGHT AHEAD",,,"4",,,,,,,,,,"Y","Y","Y","Y","Y","Y",,,"REAR-LEFT",,,,,,,,,,,,,,,,,,,,,,,,,,,,,,,,,
"1302919","9c63e9a61aff42b8ac62fb7bce2d8767ec02980fbc7b79c87fb8040d87f4fc47842cbe307c0e7502f1b0359cdd4daf991483c3f40b328c4d1db4ac0696939aef",,"2022-03-21T20:10:00.000","1","DRIVER",,"1237348",,"FORD","OTHER (EXPLAIN IN NARRATIVE)","IL",,"UNKNOWN","UNKNOWN/NA","UNKNOWN/NA","E","STRAIGHT AHEAD",,,"1",,,,,,,,,,,,,,,,"Y",,"OTHER",,,,,,,,,,,,,,,,,,,,,,,,,,,,,,,,,
"1302920","9c63e9a61aff42b8ac62fb7bce2d8767ec02980fbc7b79c87fb8040d87f4fc47842cbe307c0e7502f1b0359cdd4daf991483c3f40b328c4d1db4ac0696939aef",,"2022-03-21T20:10:00.000","2","DRIVER",,"1237351",,"HONDA","ACCORD","IL","2015","NONE","PASSENGER","PERSONAL","E","STRAIGHT AHEAD",,,"1",,,,,,,,,,,"Y",,,,,,,"REAR-LEFT",,,,,,,,,,,,,,,,,,,,,,,,,,,,,,,,,
"1302913","bcde2ed9495e8f1bf6c52c5c978302ab4158d910949ccce0436682de4032d2919ff9058c28bb085f610836979845b70bbc5ad80b9c740e876ae613e61ab672a6",,"2022-03-21T19:57:00.000","1","DRIVER",,"1237333",,"CHEVROLET","OTHER (EXPLAIN IN NARRATIVE)","IL","2003","UNKNOWN","PASSENGER","UNKNOWN/NA","W","STRAIGHT AHEAD",,,"1",,,,,,,,,,,,,,,,,"Y","OTHER",,,,,,,,,,,,,,,,,,,,,,,,,,,,,,,,,
"1302914","bcde2ed9495e8f1bf6c52c5c978302ab4158d910949ccce0436682de4032d2919ff9058c28bb085f610836979845b70bbc5ad80b9c740e876ae613e61ab672a6",,"2022-03-21T19:57:00.000","2","DRIVER","2","1237339",,"DODGE","AVENGER","IL","2011","NONE","PASSENGER","PERSONAL","W","STRAIGHT AHEAD",,,"3",,,,,,,,,"Y","Y","Y",,,,,,,"REAR-LEFT",,,,,,,,,,,,,,,,,,,,,,,,,,,,,,,,,
"1303095","9685603c2426211f8671097d9e1c74853c83b1166693a5b55f3442b8ee5959e1319a3a3461ff3c0a068fd8da65b934a9d40b555c55bdf379ba4f8ed65e71c347",,"2022-03-21T19:55:00.000","1","DRIVER",,"1237513",,"TOYOTA","OTHER (EXPLAIN IN NARRATIVE)","IL","2020","UNKNOWN","UNKNOWN/NA","TAXI/FOR HIRE","N","STRAIGHT AHEAD",,,"1",,,,,,,,,,,,,,,,,"Y","UNKNOWN",,,,,,,,,,,,,,,,,,,,,,,,,,,,,,,,,