"crash_unit_id","crash_record_id","rd_no","crash_date","unit_no","unit_type","num_passengers","vehicle_id","cmrc_veh_i","make","model","lic_plate_state","vehicle_year","vehicle_defect","vehicle_type","vehicle_use","travel_direction","maneuver","towed_i","fire_i","occupant_cnt","exceed_speed_limit_i","towed_by","towed_to","area_00_i","area_01_i","area_02_i","area_03_i","area_04_i","area_05_i","area_06_i","area_07_i","area_08_i","area_09_i","area_10_i","area_11_i","area_12_i","area_99_i","first_contact_point","cmv_id","usdot_no","ccmc_no","ilcc_no","commercial_src","gvwr","carrier_name","carrier_state","carrier_city","hazmat_placards_i","hazmat_name","un_no","hazmat_present_i","hazmat_report_i","hazmat_report_no","mcs_report_i","mcs_report_no","hazmat_vio_cause_crash_i","mcs_vio_cause_crash_i","idot_permit_no","wide_load_i","trailer1_width","trailer2_width","trailer1_length","trailer2_length","total_vehicle_length","axle_cnt","vehicle_config","cargo_body_type","load_type","hazmat_out_of_service_i","mcs_out_of_service_i","hazmat_class"
"1303096","9685603c2426211f8671097d9e1c74853c83b1166693a5b55f3442b8ee5959e1319a3a3461ff3c0a068fd8da65b934a9d40b555c55bdf379ba4f8ed65e71c347",,"2022-03-21T19:55:00.000","2","DRIVER",,"1237517",,"TOYOTA","CAMRY","IL","2016","UNKNOWN","UNKNOWN/NA","TAXI/FOR HIRE","N","TURNING LEFT",,,"1",,,,,,,,,,,"Y",,,,,,,"FRONT-LEFT",,,,,,,,,,,,,,,,,,,,,,,,,,,,,,,,,
"1302890","89353422224ce5f24e2c54ec7179cee2a59f18fbcbc488a1218f9ea3043cf204c2354cf45ffcd557c1c5fa41796e738d1ee2c38519a4d663f6fd905c71d01e8b",,"2022-03-21T19:52:00.000","1","DRIVER",,"1237315",,"MITSUBISHI","ECLIPSE","IL","2006","NONE","PASSENGER","PERSONAL","E","STRAIGHT AHEAD",,,"1",,,,,,,"Y",,,,,,,,,,,"FRONT-RIGHT",,,,,,,,,,,,,,,,,,,,,,,,,,,,,,,,,
"1302891","89353422224ce5f24e2c54ec7179cee2a59f18fbcbc488a1218f9ea3043cf204c2354cf45ffcd557c1c5fa41796e738d1ee2c38519a4d663f6fd905c71d01e8b",,"2022-03-21T19:52:00.000","2","PARKED",,"1237319",,"NOVA BUS","OTHER (EXPLAIN IN NARRATIVE)","IL","2014","NONE","BUS OVER 15 PASS.","CTA","E","PARKED",,,"0",,,,,,,,,,,"Y",,,,,,,"SIDE-LEFT",,,,,,,,,,,,,,,,,,,,,,,,,,,,,,,,,
"1303475","4331f11978aa1e0b3e82ed293da7b47aea0ac62a21bbc262ab12de1947f16453088f52562ef948842827931ed5af950ca7ca3f165bcee7c13309c4d0266eba5f",,"2022-03-21T19:50:00.000","1","DRIVER","3","1237884",,"CHEVROLET","TAHOE","IL","2003","UNKNOWN","PASSENGER","PERSONAL","E","PASSING/OVERTAKING","Y","Y","4",,,,,,,,,,,,,,,,,,"SIDE-RIGHT",,,,,,,,,,,,,,,,,,,,,,,,,,,,,,,,,
"1303476","4331f11978aa1e0b3e82ed293da7b47aea0ac62a21bbc262ab12de1947f16453088f52562ef948842827931ed5af950ca7ca3f165bcee7c13309c4d0266eba5f",,"2022-03-21T19:50:00.000","2","DRIVER",,"1237885",,"CHRYSLER","200","IL","2012","NONE","PASSENGER","PERSONAL","E","STRAIGHT AHEAD","Y",,"1",,"PRIVATE TOW",,,,,,,,,,"Y","Y","Y",,,,"ROOF",,,,,,,,,,,,,,,,,,,,,,,,,,,,,,,,,
"1302871","7ce1e63882e5efa19ca912654fc0c6e3b9a1a0914bc7ec2a82b99ead33c2e0b8e6ed9360ff212d68346520d461492a3f20080bf6d790c5ad65d0a53800dbd108",,"2022-03-21T19:41:00.000","1","DRIVER",,"1237296",,"HONDA","CIVIC","IL","2006","NONE","PASSENGER","PERSONAL","W","STRAIGHT AHEAD",,,"1",,,,,"Y",,,,,,,,,,"Y","Y",,"OTHER",,,,,,,,,,,,,,,,,,,,,,,,,,,,,,,,,
"1302872","7ce1e63882e5efa19ca912654fc0c6e3b9a1a0914bc7ec2a82b99ead33c2e0b8e6ed9360ff212d68346520d461492a3f20080bf6d790c5ad65d0a53800dbd108",,"2022-03-21T19:41:00.000","2","DRIVER",,"1237305",,"MITSUBISHI","OTHER (EXPLAIN IN NARRATIVE)","IL","2017","NONE","PASSENGER","PERSONAL","W","STRAIGHT AHEAD",,,"1",,,,,"Y",,,,"Y","Y","Y",,,,"Y","Y",,"REAR-LEFT",,,,,,,,,,,,,,,,,,,,,,,,,,,,,,,,,
"1302873","7ce1e63882e5efa19ca912654fc0c6e3b9a1a0914bc7ec2a82b99ead33c2e0b8e6ed9360ff212d68346520d461492a3f20080bf6d790c5ad65d0a53800dbd108",,"2022-03-21T19:41:00.000","3","DRIVER",,"1237308",,"CADILLAC","OTHER (EXPLAIN IN NARRATIVE)","IL","2018","NONE","PASSENGER","UNKNOWN/NA","W","STRAIGHT AHEAD",,,"1",,,,,,,,,"Y","Y","Y",,,,,,,"REAR-LEFT",,,,,,,,,,,,,,,,,,,,,,,,,,,,,,,,,
"1302876","ba6cca939ffb3553ac815bc94513a23fb0bf83da060431ee8e55e4a1f9c9bb6c116c9ebb6411b7e1840a5bf0f5766578ed9a098021e22d52bae10b352408c4fd",,"2022-03-21T19:40:00.000","1","DRIVER","1","1237300",,"LINCOLN","TOWNCAR","IL","2011","UNKNOWN","PASSENGER","PERSONAL","N","STRAIGHT AHEAD",,,"2",,,,,"Y","Y","Y","Y","Y",,"N","N","N","N","N",,,"FRONT",,,,,,,,,,,,,,,,,,,,,,,,,,,,,,,,,
"1302877","ba6cca939ffb3553ac815bc94513a23fb0bf83da060431ee8e55e4a1f9c9bb6c116c9ebb6411b7e1840a5bf0f5766578ed9a098021e22d52bae10b352408c4fd",,"2022-03-21T19:40:00.000","2","PARKED","3","1237309","N","FORD","EXPLORER","IL","2016","NONE","SPORT UTILITY VEHICLE (SUV)","POLICE","N","PARKED",,,"3",,,,,,,,,,,,,,,"Y",,,"TOTAL (ALL AREAS)",,,,,,,,,,,,,,,,,,,,,,,,,,,,,,,,,
"1302887","39561b59ee396843f06b50c769fd6fef6ae5f2e536012bb50124ea852a3dc1257582cd00cec0ce7b50174f2266eb1c1c5ae7251c2179314d62ba758289e18e1e",,"2022-03-21T19:30:00.000","1","DRIVER",,"1237307",,"TOYOTA","CAMRY","IL","2019","NONE","PASSENGER","RIDESHARE SERVICE","W","BACKING",,,"1",,,,,,,"Y","Y","Y",,,,,,,,,"SIDE-RIGHT",,,,,,,,,,,,,,,,,,,,,,,,,,,,,,,,,
"1302888","39561b59ee396843f06b50c769fd6fef6ae5f2e536012bb50124ea852a3dc1257582cd00cec0ce7b50174f2266eb1c1c5ae7251c2179314d62ba758289e18e1e",,"2022-03-21T19:30:00.000","2","DRIVER",,"1237317",,"FORD","OTHER (EXPLAIN IN NARRATIVE)","IL","2020","NONE","VAN/MINI-VAN","OTHER","W","OTHER",,,"1",,,,,,,,"Y","Y",,,,,,,,,"REAR-RIGHT",,,,,,,,,,,,,,,,,,,,,,,,,,,,,,,,,
"1302953","7c1225e259547a862c3314107680d53062bda790752a0a0370ef66d284eed3e9d01094a9e57d494b99a09a5101a8c3cb590cf27fae29502b3ca854fda15cf4fb",,"2022-03-21T19:30:00.000","1","DRIVER",,"1237369",,"DODGE","RAM 1500 PU","TX",,"UNKNOWN","PICKUP","PERSONAL","S","BACKING",,,"1",,,,,,,,,"Y","Y","Y",,,,,,,"REAR-LEFT",,,,,,,,,,,,,,,,,,,,,,,,,,,,,,,,,
"1302954","7c1225e259547a862c3314107680d53062bda790752a0a0370ef66d284eed3e9d01094a9e57d494b99a09a5101a8c3cb590cf27fae29502b3ca854fda15cf4fb",,"2022-03-21T19:30:00.000","2","PARKED",,"1237371",,"CHEVROLET","IMPALA","IL","2017","NONE","PASSENGER","NOT IN USE","N","PARKED",,,"0",,,,,"Y",,,,,,,,,,"Y","Y",,"OTHER",,,,,,,,,,,,,,,,,,,,,,,,,,,,,,,,,
"1302903","a66df9531501204a6d75fbab54fe2f2a3434c7dc6c9dd3ffe387d66efe3613b2b7d1cf16b44bc493abbd383be119eac1ac73a640ea8a4beb658832652951f28b",,"2022-03-21T19:30:00.000","1","DRIVER",,"1237327",,"CHEVROLET","TRAIL BLAZER","IL","2005","UNKNOWN","UNKNOWN/NA","UNKNOWN/NA","S","STRAIGHT AHEAD",,,"1",,,,,,,,,,,,,,,"Y",,,"TOTAL (ALL AREAS)",,,,,,,,,,,,,,,,,,,,,,,,,,,,,,,,,
"1302904","a66df9531501204a6d75fbab54fe2f2a3434c7dc6c9dd3ffe387d66efe3613b2b7d1cf16b44bc493abbd383be119eac1ac73a640ea8a4beb658832652951f28b",,"2022-03-21T19:30:00.000","2","DRIVER",,"1237328",,"NISSAN","SENTRA","IL","2015","NONE","PASSENGER","PERSONAL","S","STRAIGHT AHEAD",,,"1",,,,,,,,,"Y",,,,,,,,,"REAR",,,,,,,,,,,,,,,,,,,,,,,,,,,,,,,,,
"1302854","a3df163f0a023c1c1844331e09445f2ecd8ab8f6c27f9900134c3399507b137986b03a4ac371b869c4ee7486841848ea33fd276db1aa92db6290c21e37511172",,"2022-03-21T19:20:00.000","1","DRIVER",,"1237280",,"UNKNOWN","OTHER (EXPLAIN IN NARRATIVE)","IL","2021","UNKNOWN","UNKNOWN/NA","UNKNOWN/NA","UNKNOWN","UNKNOWN/NA",,,"1",,,,,,,,,,,,,,,,,"Y","UNKNOWN",,,,,,,,,,,,,,,,,,,,,,,,,,,,,,,,,
"1302855","a3df163f0a023c1c1844331e09445f2ecd8ab8f6c27f9900134c3399507b137986b03a4ac371b869c4ee7486841848ea33fd276db1aa92db6290c21e37511172",,"2022-03-21T19:20:00.000","2","PARKED",,"1237285",,"MERCEDES-BENZ","C-CLASS","IL","2011","UNKNOWN","UNKNOWN/NA","UNKNOWN/NA","UNKNOWN","PARKED",,,"0",,,,,,,,,,,,,,,,"Y",,"OTHER",,,,,,,,,,,,,,,,,,,,,,,,,,,,,,,,,
"1302803","200bc7f041cb8198a2dd23e85b461bddf8b4ab2c1c398f8ebc81d0fa5b1ef1fa8120a06704ef5dafb0a7e19be718afa02bebf6bb8dae2e6605a48fe23d5f8f45",,"2022-03-21T19:10:00.000","1","DRIVER",,"1237218",,"UNKNOWN","OTHER (EXPLAIN IN NARRATIVE)",,,"UNKNOWN","UNKNOWN/NA","UNKNOWN/NA","UNKNOWN","UNKNOWN/NA",,,"1",,,,,,,,,,,,,,,,,"Y","UNKNOWN",,,,,,,,,,,,,,,,,,,,,,,,,,,,,,,,,
"1302804","200bc7f041cb8198a2dd23e85b461bddf8b4ab2c1c398f8ebc81d0fa5b1ef1fa8120a06704ef5dafb0a7e19be718afa02bebf6bb8dae2e6605a48fe23d5f8f45",,"2022-03-21T19:10:00.000","2","PARKED",,"1237223",,"FORD","ESCAPE","IL",,"NONE","PASSENGER","NOT IN USE","W","PARKED",,,"0",,,,,,,,,,"Y",,,,,,,,"REAR-LEFT",,,,,,,,,,,,,,,,,,,,,,,,,,,,,,,,,
"1302839","ddc6398b8573d27e79b99c7c418aa489598c253a39f9bf8befb6954a234397c29a99814c208a9d23de6ded8236038ebf69f05271d8088ac54a08b6013745d142",,"2022-03-21T19:04:00.000","1","DRIVER",,"1237257",,"CHEVROLET","IMPALA","IL","2001","NONE","PASSENGER","PERSONAL","W","STRAIGHT AHEAD",,,"1",,,,,"Y",,,,,,,,,,"Y","Y",,"OTHER",,,,,,,,,,,,,,,,,,,,,,,,,,,,,,,,,
"1302840","ddc6398b8573d27e79b99c7c418aa489598c253a39f9bf8befb6954a234397c29a99814c208a9d23de6ded8236038ebf69f05271d8088ac54a08b6013745d142",,"2022-03-21T19:04:00.000","2","DRIVER","1","1237261",,"BMW","OTHER (EXPLAIN IN NARRATIVE)","IL","2016","NONE","SPORT UTILITY VEHICLE (SUV)","PERSONAL","W","SLOW/STOP IN TRAFFIC",,,"2",,,,,,,,,"Y","Y","Y",,,,,,,"REAR-LEFT",,,,,,,,,,,,,,,,,,,,,,,,,,,,,,,,,
"1303208","b0659a5a6c466c30ccf65eb3a15a558174bb19144b92662b431288166d498ac45c38074a50ebfdabc2dd15ea9e0647437c9db38496469317b1f684ba7fb6a110",,"2022-03-21T19:00:00.000","1","DRIVER",,"1237613",,"UNKNOWN","MOTORIZED",,,"UNKNOWN","UNKNOWN/NA","UNKNOWN/NA","UNKNOWN","UNKNOWN/NA",,,"1",,,,,,,,,,,,,,,,,,"UNKNOWN",,,,,,,,,,,,,,,,,,,,,,,,,,,,,,,,,
"1303209","b0659a5a6c466c30ccf65eb3a15a558174bb19144b92662b431288166d498ac45c38074a50ebfdabc2dd15ea9e0647437c9db38496469317b1f684ba7fb6a110",,"2022-03-21T19:00:00.000","2","PARKED",,"1237615",,"TOYOTA","YARIS","IL","2019","NONE","PASSENGER","NOT IN USE","S","PARKED",,,"0",,,,,,,,,,,,"Y","Y","Y",,,,"ROOF",,,,,,,,,,,,,,,,,,,,,,,,,,,,,,,,,
"1302862","d93573800537cc1be49a4bff70c0a5a9f937aa235c312a8dd36a65c815ec4939c53e62b4155a520d83fad52ce79dced4f7057755e0d3538a2f776d7d5279c9f8",,"2022-03-21T19:00:00.000","1","DRIVER",,"1237291",,"FORD","FOCUS","IL","2009","NONE","PASSENGER","PERSONAL","S","STRAIGHT AHEAD",,,"1",,,,,,,,,,,,,,,,"Y",,"OTHER",,,,,,,,,,,,,,,,,,,,,,,,,,,,,,,,,
"1302863","d93573800537cc1be49a4bff70c0a5a9f937aa235c312a8dd36a65c815ec4939c53e62b4155a520d83fad52ce79dced4f7057755e0d3538a2f776d7d5279c9f8",,"2022-03-21T19:00:00.000","2","DRIVER",,"1237594",,"TOYOTA","CAMRY","IL","2021","NONE","PASSENGER","PERSONAL","S","SLOW/STOP IN TRAFFIC",,,"1",,,,,,,,,,"Y",,,,,,,,"REAR-LEFT",,,,,,,,,,,,,,,,,,,,,,,,,,,,,,,,,
"1302856","5f486a148664cf8480bb12d139767939e75f86721b0b8f6dd64d2757bc46c6b47032d447282081d9b68dd5ada19e5f09cc84c89c48ddfa318f63d24db7f50297",,"2022-03-21T18:48:00.000","1","DRIVER",,"1237277",,"UNKNOWN","OTHER (EXPLAIN IN NARRATIVE)",,,"UNKNOWN","UNKNOWN/NA","UNKNOWN/NA","S","UNKNOWN/NA",,,"1",,,,,,,,,,,,,,,,,"Y","UNKNOWN",,,,,,,,,,,,,,,,,,,,,,,,,,,,,,,,,
"1302857","5f486a148664cf8480bb12d139767939e75f86721b0b8f6dd64d2757bc46c6b47032d447282081d9b68dd5ada19e5f09cc84c89c48ddfa318f63d24db7f50297",,"2022-03-21T18:48:00.000","2","PARKED",,"1237281",,"DODGE","JOURNEY","IL","2016","NONE","SPORT UTILITY VEHICLE (SUV)","NOT IN USE","S","PARKED",,,"0",,,,,,,,,,"Y","Y",,,,,,,"REAR-LEFT",,,,,,,,,,,,,,,,,,,,,,,,,,,,,,,,,
"1302835","74dad3a204c305fd3ebc330c2c7dd58dafe6b1716ac54479b1259f0dc803fa6abf52d776d32bfe5fa7ad805898ecbcfbb7b3a555ab653f2f51415c2610111dd7",,"2022-03-21T18:43:00.000","1","DRIVER",,"1237256",,"BMW","535 SERIES","IL","2008","UNKNOWN","PASSENGER","PERSONAL","S","PASSING/OVERTAKING","Y",,"1",,"on the scene recovery",,,"Y","Y","Y",,,,,,,,,"Y",,"FRONT",,,,,,,,,,,,,,,,,,,,,,,,,,,,,,,,,
"1302836","74dad3a204c305fd3ebc330c2c7dd58dafe6b1716ac54479b1259f0dc803fa6abf52d776d32bfe5fa7ad805898ecbcfbb7b3a555ab653f2f51415c2610111dd7",,"2022-03-21T18:43:00.000","2","PARKED",,"1237264",,"CHEVROLET","IMPALA","IL","1996","UNKNOWN","PASSENGER","PERSONAL","S","PARKED",,,"0",,,,,,,,,,,"Y","Y","N",,,,,"SIDE-LEFT",,,,,,,,,,,,,,,,,,,,,,,,,,,,,,,,,
"1302933","3217fcb92074e6ae6419becbc1bb85d65a99609a61576ec601cafa10ed59a96cc19e2bc822ce6e584bc365f8d8dc731b8194db7865daef16833bd124ce8e685e",,"2022-03-21T18:40:00.000","1","DRIVER",,"1237354",,"FORD","TRANSIT","IL","2015","UNKNOWN","VAN/MINI-VAN","PERSONAL","W","ENTERING TRAFFIC LANE FROM PARKING",,,"1",,,,,,,,,,,,,,"Y","Y","Y",,"TOTAL (ALL AREAS)",,,,,,,,,,,,,,,,,,,,,,,,,,,,,,,,,
"1302934","3217fcb92074e6ae6419becbc1bb85d65a99609a61576ec601cafa10ed59a96cc19e2bc822ce6e584bc365f8d8dc731b8194db7865daef16833bd124ce8e685e",,"2022-03-21T18:40:00.000","2","DRIVER",,"1237359",,"NISSAN","MAXIMA","IL","2004","NONE","PASSENGER","PERSONAL","W","STRAIGHT AHEAD","Y",,"1",,,,,"Y","Y","Y","Y","Y",,,,,,,,,"SIDE-RIGHT",,,,,,,,,,,,,,,,,,,,,,,,,,,,,,,,,
"1302778","4646b8d1ae099320398aaa6af8f504a73b380e6f17cdf0006b8fab0794d8146bd1ea3500a489d866b12cd167fbfaebf8e79feca2bfe8b4e37d7a55cbfdf81f18",,"2022-03-21T18:33:00.000","1","DRIVER",,"1237201",,"UNKNOWN","OTHER (EXPLAIN IN NARRATIVE)","CA",,"NONE","PASSENGER","UNKNOWN/NA","N","STRAIGHT AHEAD",,,"1",,,,,,,,,,,,,,,,"Y",,"OTHER",,,,,,,,,,,,,,,,,,,,,,,,,,,,,,,,,
"1302779","4646b8d1ae099320398aaa6af8f504a73b380e6f17cdf0006b8fab0794d8146bd1ea3500a489d866b12cd167fbfaebf8e79feca2bfe8b4e37d7a55cbfdf81f18",,"2022-03-21T18:33:00.000","2","DRIVER",,"1237210",,"LEXUS","RX350","IL","2014","NONE","PASSENGER","PERSONAL","N","SLOW/STOP IN TRAFFIC",,,"1",,,,,,,,,,"Y",,,,,,,,"REAR-LEFT",,,,,,,,,,,,,,,,,,,,,,,,,,,,,,,,,
"1302858","06b72e7293809f072ce8375c84e1e99edf92853d1588620184d6f1e8ae5758b0547b644f34917f0b723578de56e134c96448370a015de2fc273a385a95fc1ef6",,"2022-03-21T18:30:00.000","1","DRIVER",,"1237283",,"VOLKSWAGEN","JETTA",,"2019","NONE","PASSENGER","PERSONAL","N","STRAIGHT AHEAD",,,"1",,,,,"Y",,,,,,,,,,"Y","Y",,"OTHER",,,,,,,,,,,,,,,,,,,,,,,,,,,,,,,,,
"1302859","06b72e7293809f072ce8375c84e1e99edf92853d1588620184d6f1e8ae5758b0547b644f34917f0b723578de56e134c96448370a015de2fc273a385a95fc1ef6",,"2022-03-21T18:30:00.000","2","DRIVER",,"1237287",,"CHEVROLET","SILVERADO",,,"NONE","PICKUP","UNKNOWN/NA","N","STRAIGHT AHEAD",,,"1",,,,,,,,,"Y","Y","Y",,,,,,,"REAR-LEFT",,,,,,,,,,,,,,,,,,,,,,,,,,,,,,,,,
"1302874","309e17b48f60a218cadf3c834d9dc72a45903388bc7ef15aa28be348a254f1149d08e4c61960d17946e089db86b4ae5d562c1ff2c51ac85ee4a51371ce6ff1f8",,"2022-03-21T18:15:00.000","1","DRIVER",,"1237294",,"CHEVROLET","OTHER (EXPLAIN IN NARRATIVE)","IL","2006","UNKNOWN","UNKNOWN/NA","UNKNOWN/NA","E","STRAIGHT AHEAD",,,"1",,,,,,,,,,,,,,,,,"Y","UNKNOWN",,,,,,,,,,,,,,,,,,,,,,,,,,,,,,,,,
"1302875","309e17b48f60a218cadf3c834d9dc72a45903388bc7ef15aa28be348a254f1149d08e4c61960d17946e089db86b4ae5d562c1ff2c51ac85ee4a51371ce6ff1f8",,"2022-03-21T18:15:00.000","2","PARKED",,"1237297",,"TOYOTA","OTHER (EXPLAIN IN NARRATIVE)","IL","2011","NONE","PASSENGER","PERSONAL","W","PARKED",,,"0",,,,,"N",,,,"Y","Y","Y",,,,"N","N",,"REAR-LEFT",,,,,,,,,,,,,,,,,,,,,,,,,,,,,,,,,
"1302790","cae237be73af6d5d7b86dfed5dd6f654e577ad5a67a479b58c6ef7455f8b8025819a5d88a50cdd4d44b1395c9bf7fa598c997041cf9d44c9edf3badb79f6658d",,"2022-03-21T18:15:00.000","1","DRIVER",,"1237217",,"HONDA","CR-V","IL","2007","UNKNOWN","PASSENGER","PERSONAL","W","STRAIGHT AHEAD",,,"1",,,,,,,,,,,,,,,,"Y",,"OTHER",,,,,,,,,,,,,,,,,,,,,,,,,,,,,,,,,
"1302791","cae237be73af6d5d7b86dfed5dd6f654e577ad5a67a479b58c6ef7455f8b8025819a5d88a50cdd4d44b1395c9bf7fa598c997041cf9d44c9edf3badb79f6658d",,"2022-03-21T18:15:00.000","2","DRIVER",,"1237233",,"TOYOTA","RAV4","IL","2014","UNKNOWN","PASSENGER","PERSONAL","W","STRAIGHT AHEAD",,,"1",,,,,,,,,,"Y",,,,,,,,"REAR-LEFT",,,,,,,,,,,,,,,,,,,,,,,,,,,,,,,,,
"1302773","add477688186ca3ca2f18e0d16c8f18609756a3c18982a3abd261495bd91cbdc8188c972ab29d37d58b189683b239123648e629a5040ae1a9f1b5b6fd3f109da",,"2022-03-21T18:13:00.000","1","DRIVER",,"1237193",,"UNKNOWN","OTHER (EXPLAIN IN NARRATIVE)",,,"UNKNOWN","SPORT UTILITY VEHICLE (SUV)","UNKNOWN/NA","W","AVOIDING VEHICLES/OBJECTS",,,"1",,,,,,,,,,,,,,,,,"Y","FRONT",,,,,,,,,,,,,,,,,,,,,,,,,,,,,,,,,
"1302774","add477688186ca3ca2f18e0d16c8f18609756a3c18982a3abd261495bd91cbdc8188c972ab29d37d58b189683b239123648e629a5040ae1a9f1b5b6fd3f109da",,"2022-03-21T18:13:00.000","2","PARKED",,"1237195",,"FORD","ESCAPE","IL","2014","UNKNOWN","PASSENGER","PERSONAL","W","PARKED",,,"0",,,,,,,,,,,,,,"Y","Y",,,"TOTAL (ALL AREAS)",,,,,,,,,,,,,,,,,,,,,,,,,,,,,,,,,
"1302865","408b320b1f090a4e5f752d2dd7b707d3a9fc655858a9c2959bbab8a1bb295f47a4d108d2a22488ed0f26560c8e6d9ff2b7d851a6434531e4048c8cd0a6e6664a",,"2022-03-21T18:00:00.000","2","PARKED",,"1237314",,"NISSAN","ALTIMA","IL","2017","UNKNOWN","PASSENGER","PERSONAL","N","PARKED","Y",,"0",,"MAGIC CITY TOWING","TOW YARD",,,,,,,,"Y",,,,,,,"FRONT-LEFT",,,,,,,,,,,,,,,,,,,,,,,,,,,,,,,,,
"1302868","408b320b1f090a4e5f752d2dd7b707d3a9fc655858a9c2959bbab8a1bb295f47a4d108d2a22488ed0f26560c8e6d9ff2b7d851a6434531e4048c8cd0a6e6664a",,"2022-03-21T18:00:00.000","1","DRIVER",,"1237288",,"DODGE","JOURNEY","IL","2010","UNKNOWN","PASSENGER","PERSONAL","N","STRAIGHT AHEAD",,,"1",,,,,"Y",,,,,,,,,,,,,"FRONT",,,,,,,,,,,,,,,,,,,,,,,,,,,,,,,,,
"1302837","7670222ca78a434d4e0c57d4d110138279f1ea2e4b16180cfe188e7d58c417c072a3d213ec7d31a1971391f7eaa99a7e89401be3f776678ed52e548e639e2e35",,"2022-03-21T18:00:00.000","1","DRIVER",,"1237254",,"UNKNOWN","OTHER (EXPLAIN IN NARRATIVE)","IL",,"UNKNOWN","UNKNOWN/NA","UNKNOWN/NA","S","STRAIGHT AHEAD",,,"1",,,,,"Y","Y",,,,,,,,,,,,"FRONT",,,,,,,,,,,,,,,,,,,,,,,,,,,,,,,,,
"1302838","7670222ca78a434d4e0c57d4d110138279f1ea2e4b16180cfe188e7d58c417c072a3d213ec7d31a1971391f7eaa99a7e89401be3f776678ed52e548e639e2e35",,"2022-03-21T18:00:00.000","2","DRIVER",,"1237259",,"NEW FLYER","OTHER (EXPLAIN IN NARRATIVE)","IL","2012","NONE","BUS OVER 15 PASS.","CTA","S","STRAIGHT AHEAD",,,"1",,,,,,,,,,,,,,"Y","N",,,"UNDER CARRIAGE",,,,,,,,,,,,,,,,,,,,,,,,,,,,,,,,,
"1302805","a37e0a618b8a3aa302deb99da8fcaf52af90e14d4e9ea5f3ceaf0f85cf4db6f5430fc8a9d82b98f38c9f13b42e9d29239c3d4fb62b09ab6c76452965be38529b",,"2022-03-21T18:00:00.000","1","DRIVER",,"1237228","Y","UNKNOWN","MOTORIZED","IL",,"UNKNOWN","TRUCK - SINGLE UNIT","UNKNOWN/NA","S","STRAIGHT AHEAD",,,"1",,,,,,,,,,,,,,,,,"Y","UNKNOWN",,,,,,,,,,,,,,,,,,,,,,,,,,,,,,,,,
"1302806","a37e0a618b8a3aa302deb99da8fcaf52af90e14d4e9ea5f3ceaf0f85cf4db6f5430fc8a9d82b98f38c9f13b42e9d29239c3d4fb62b09ab6c76452965be38529b",,"2022-03-21T18:00:00.000","2","PARKED",,"1237235",,"TOYOTA","RAV4","IL","2004","NONE","PASSENGER","NOT IN USE","UNKNOWN","PARKED",,,"0",,,,,,,,,,,,,,,"Y",,,"TOTAL (ALL AREAS)",,,,,,,,,,,,,,,,,,,,,,,,,,,,,,,,,
"1302769","2a23d6911f77414e5e2e6d277650973ccd2b44c543326f2b2813e6164d3f10bb099c11e00d7a5f3fa474b0e9b68686ca79d8d67e5b05380b9bedd2bde5a35dc7",,"2022-03-21T17:55:00.000","1","DRIVER",,"1237197","N","PETERBILT MOTORS COMPANY (DIVISION OF PACCAR, INC.)","OTHER (EXPLAIN IN NARRATIVE)","IL","1998","NONE","TRACTOR W/ SEMI-TRAILER","COMMERCIAL - SINGLE UNIT","E","TURNING RIGHT",,,"1",,,,,,,,,,,"Y",,,,,,,"SIDE-LEFT",,,,,,,,,,,,,,,,,,,,,,,,,,,,,,,,,
"1302770","2a23d6911f77414e5e2e6d277650973ccd2b44c543326f2b2813e6164d3f10bb099c11e00d7a5f3fa474b0e9b68686ca79d8d67e5b05380b9bedd2bde5a35dc7",,"2022-03-21T17:55:00.000","2","PARKED",,"1237212",,"GENERAL MOTORS CORPORATION (GMC)","ENVOY","IL","2006","UNKNOWN","PASSENGER","NOT IN USE","W","PARKED",,,"0",,,,,,,,,,,,"Y",,,,,,"FRONT-LEFT",,,,,,,,,,,,,,,,,,,,,,,,,,,,,,,,,
"1302776","5227115248a491151e1b2aaa3cbeea48607c24cf8f3343e8f3883188699e6376c477a5805274725a4b75c4619896a07bcd4a8b2b9f533702d479ad8391e186f6",,"2022-03-21T17:51:00.000","1","DRIVER",,"1237203",,"UNKNOWN","MOTORIZED","IL",,"UNKNOWN","PICKUP","UNKNOWN/NA","E","PASSING/OVERTAKING",,,"1",,,,,,,"Y",,,,,,,,,,,"FRONT-RIGHT",,,,,,,,,,,,,,,,,,,,,,,,,,,,,,,,,
"1302777","5227115248a491151e1b2aaa3cbeea48607c24cf8f3343e8f3883188699e6376c477a5805274725a4b75c4619896a07bcd4a8b2b9f533702d479ad8391e186f6",,"2022-03-21T17:51:00.000","2","DRIVER",,"1237198","Y","NEW FLYER","D40LF","IL","2008","NONE","BUS OVER 15 PASS.","CTA","E","TURNING RIGHT",,,"1",,,,,,,,,,,,,,,"Y",,,"UNDER CARRIAGE","14278",,,,,"3","CHICAGO TRANSIT AUTHORITY","IL","CHICAGO",,,,"N","N",,"N",,"N","N",,,,,,,,"2","BUS","BUS","OTHER","N","N",