"crash_unit_id","crash_record_id","rd_no","crash_date","unit_no","unit_type","num_passengers","vehicle_id","cmrc_veh_i","make","model","lic_plate_state","vehicle_year","vehicle_defect","vehicle_type","vehicle_use","travel_direction","maneuver","towed_i","fire_i","occupant_cnt","exceed_speed_limit_i","towed_by","towed_to","area_00_i","area_01_i","area_02_i","area_03_i","area_04_i","area_05_i","area_06_i","area_07_i","area_08_i","area_09_i","area_10_i","area_11_i","area_12_i","area_99_i","first_contact_point","cmv_id","usdot_no","ccmc_no","ilcc_no","commercial_src","gvwr","carrier_name","carrier_state","carrier_city","hazmat_placards_i","hazmat_name","un_no","hazmat_present_i","hazmat_report_i","hazmat_report_no","mcs_report_i","mcs_report_no","hazmat_vio_cause_crash_i","mcs_vio_cause_crash_i","idot_permit_no","wide_load_i","trailer1_width","trailer2_width","trailer1_length","trailer2_length","total_vehicle_length","axle_cnt","vehicle_config","cargo_body_type","load_type","hazmat_out_of_service_i","mcs_out_of_service_i","hazmat_class"
"1302792","4c92bbedd679a24dad41911d01941e7824da05b7f21319325008430803ee8280d2cbf145ed2c7f96bc4c90e576281c3d3c14fed75ec784095af14d6d411b951a",,"2022-03-21T17:50:00.000","1","DRIVER",,"1237213","Y","PETERBILT MOTORS COMPANY (DIVISION OF PACCAR, INC.)","OTHER (EXPLAIN IN NARRATIVE)","IL","2011","UNKNOWN","TRACTOR W/O SEMI-TRAILER","COMMERCIAL - SINGLE UNIT","W","SLOW/STOP IN TRAFFIC",,,"1",,,,,,,,,,,,,,"Y",,,,"ROOF","14276","2517181","873499",,"SIDE OF TRUCK","3","AMA TRANSPORT LLC","NC","CHARLOTTE","N",,,"N","N",,"N",,"N","N",,,,,,,,,"TRUCK/TRACTOR","OTHER","OTHER","N","N",
"1302793","4c92bbedd679a24dad41911d01941e7824da05b7f21319325008430803ee8280d2cbf145ed2c7f96bc4c90e576281c3d3c14fed75ec784095af14d6d411b951a",,"2022-03-21T17:50:00.000","2","DRIVER",,"1237238",,"BUICK","ENCORE","IL","2018","UNKNOWN","PASSENGER","PERSONAL","W","PASSING/OVERTAKING",,,"1",,,,,,"N","Y","Y",,,,,,,,,,"SIDE-RIGHT",,,,,,,,,,,,,,,,,,,,,,,,,,,,,,,,,
"1302866","2fe93d1f7fb04ed8ce201484c07782b05b3c81c02a904d5ad5347e2733b42f3bb0cecce07ffe36ee7697e7ea15e1a8f5c635874712803b9a342dfeacac8fb68a",,"2022-03-21T17:45:00.000","1","DRIVER",,"1237301",,"MAZDA","CX-5","IL","2021","UNKNOWN","SPORT UTILITY VEHICLE (SUV)","PERSONAL","S","STRAIGHT AHEAD",,,"1",,,,,,,,,,,,,,,,"Y",,"OTHER",,,,,,,,,,,,,,,,,,,,,,,,,,,,,,,,,
"1302867","2fe93d1f7fb04ed8ce201484c07782b05b3c81c02a904d5ad5347e2733b42f3bb0cecce07ffe36ee7697e7ea15e1a8f5c635874712803b9a342dfeacac8fb68a",,"2022-03-21T17:45:00.000","2","PEDESTRIAN",,,,,,,,,,,,,,,,,,,,,,,,,,,,,,,,,,,,,,,,,,,,,,,,,,,,,,,,,,,,,,,,,,
"1303376","4701e4ae96fd61e418975f8104e412c5392461a4f28fb57463b414a72ece89b61714131a1abd578ac109073262bb8c5364c0b30e4568023941ca303fa18fdea9",,"2022-03-21T17:45:00.000","1","DRIVER",,"1237783",,"HONDA","OTHER (EXPLAIN IN NARRATIVE)","IL","1999","NONE","PASSENGER","PERSONAL","S","STRAIGHT AHEAD",,,"1",,,,,"Y",,,,,,,,,,"Y","Y",,"OTHER",,,,,,,,,,,,,,,,,,,,,,,,,,,,,,,,,
"1303377","4701e4ae96fd61e418975f8104e412c5392461a4f28fb57463b414a72ece89b61714131a1abd578ac109073262bb8c5364c0b30e4568023941ca303fa18fdea9",,"2022-03-21T17:45:00.000","2","PARKED",,"1237787",,"NISSAN","ROGUE","IL","2016","NONE","SPORT UTILITY VEHICLE (SUV)","NOT IN USE","S","PARKED","Y",,"0",,"PRIVATE",,,,,,,,"Y","Y",,,,,,,"REAR-LEFT",,,,,,,,,,,,,,,,,,,,,,,,,,,,,,,,,
"1302753","4675d844084042d4e7f5e7cf828b434860c2370104d696739434b4ef7a8a5a7f958509a384291aafadbf583e968b9a4479efc0f0d3e1f7153b2c2354ee362f29",,"2022-03-21T17:43:00.000","1","DRIVER",,"1237187",,"HYUNDAI","OTHER (EXPLAIN IN NARRATIVE)","IL","2011","NONE","PASSENGER","PERSONAL","W","BACKING",,,"1",,,,,,,,,"Y","Y",,,,,,,,"REAR",,,,,,,,,,,,,,,,,,,,,,,,,,,,,,,,,
"1302754","4675d844084042d4e7f5e7cf828b434860c2370104d696739434b4ef7a8a5a7f958509a384291aafadbf583e968b9a4479efc0f0d3e1f7153b2c2354ee362f29",,"2022-03-21T17:43:00.000","2","DRIVER",,"1237222",,"CHEVROLET","SILVERADO","IL","2011","NONE","PICKUP","PERSONAL","N","STRAIGHT AHEAD",,,"1",,,,,,"Y","Y",,,,,,,,,,,"SIDE-RIGHT",,,,,,,,,,,,,,,,,,,,,,,,,,,,,,,,,
"1302823","04e62736c34ded11b206ac2827a603266bfef712d7bf2944a9eb6df427ccd301b924ad3dd28d072b839a7ce3c4a5adfdb14105eb10185e3bcc07bc5dcb2546f5",,"2022-03-21T17:40:00.000","1","DRIVER",,"1237246",,"HYUNDAI","SANTA FE","IL","2017","UNKNOWN","SPORT UTILITY VEHICLE (SUV)","PERSONAL","E","STRAIGHT AHEAD",,,"1",,,,,"Y",,,,,,,,,,"Y","Y",,"OTHER",,,,,,,,,,,,,,,,,,,,,,,,,,,,,,,,,
"1302824","04e62736c34ded11b206ac2827a603266bfef712d7bf2944a9eb6df427ccd301b924ad3dd28d072b839a7ce3c4a5adfdb14105eb10185e3bcc07bc5dcb2546f5",,"2022-03-21T17:40:00.000","2","DRIVER",,"1237251",,"NISSAN","VERSA","IL","2019","UNKNOWN","PASSENGER","UNKNOWN/NA","E","STRAIGHT AHEAD",,,"1",,,,,,,,,"Y","Y","Y",,,,,,,"REAR-LEFT",,,,,,,,,,,,,,,,,,,,,,,,,,,,,,,,,
"1302825","04e62736c34ded11b206ac2827a603266bfef712d7bf2944a9eb6df427ccd301b924ad3dd28d072b839a7ce3c4a5adfdb14105eb10185e3bcc07bc5dcb2546f5",,"2022-03-21T17:40:00.000","3","DRIVER",,"1237258",,"HONDA","ODYSSEY","IL","2005","UNKNOWN","SPORT UTILITY VEHICLE (SUV)","UNKNOWN/NA","E","STRAIGHT AHEAD",,,"1",,,,,,,,,,"Y",,,,,,,,"REAR-LEFT",,,,,,,,,,,,,,,,,,,,,,,,,,,,,,,,,
"1303293","5f8e1199bd86533a69dff9d47c558378f6f7033147e4dc70c6a4390e03826f2c013c51e577c295a70db88a0465348cc7530cc6b88315bcdf816ba8da14bd3464",,"2022-03-21T17:35:00.000","1","DRIVER",,"1237698",,"CHEVROLET","TAHOE","IL",,"UNKNOWN","SPORT UTILITY VEHICLE (SUV)","UNKNOWN/NA","W","UNKNOWN/NA",,,"1",,,,,,,,,,,,,,,,,"Y","UNKNOWN",,,,,,,,,,,,,,,,,,,,,,,,,,,,,,,,,
"1303294","5f8e1199bd86533a69dff9d47c558378f6f7033147e4dc70c6a4390e03826f2c013c51e577c295a70db88a0465348cc7530cc6b88315bcdf816ba8da14bd3464",,"2022-03-21T17:35:00.000","2","DRIVER",,"1237703",,"KIA","SELTOS","IL",,"UNKNOWN","SPORT UTILITY VEHICLE (SUV)","PERSONAL","S","STARTING IN TRAFFIC","Y",,"1",,"private",,,"Y",,,,,,,,,,"Y","Y",,"OTHER",,,,,,,,,,,,,,,,,,,,,,,,,,,,,,,,,
"1302757","7ba48a741d047158d7d0494a8841dd7fbc3cbd04d9ab60f5cc53d5d3c1cfa05c86053bdb0c62a981f8c87de00666a4ea37ced9e43e207b1da32031ca4d5aee68",,"2022-03-21T17:30:00.000","1","DRIVER","1","1237191",,"TOYOTA","RAV4","IL","2004","UNKNOWN","PASSENGER","UNKNOWN/NA","E","OTHER",,,"2",,,,,,,,,,,,,,,"Y",,,"UNDER CARRIAGE",,,,,,,,,,,,,,,,,,,,,,,,,,,,,,,,,
"1302758","7ba48a741d047158d7d0494a8841dd7fbc3cbd04d9ab60f5cc53d5d3c1cfa05c86053bdb0c62a981f8c87de00666a4ea37ced9e43e207b1da32031ca4d5aee68",,"2022-03-21T17:30:00.000","2","DRIVER",,"1237185",,"KIA","SPORTAGE","IL","2000","UNKNOWN","PASSENGER","OTHER","W","STRAIGHT AHEAD",,,"1",,,,,,,,,,,"Y","Y","Y",,,,,"ROOF",,,,,,,,,,,,,,,,,,,,,,,,,,,,,,,,,
"1303391","e19472feb573becb89d064755dddc78d71e6c9a1060ad75816e0a6e9974797948023a6d50089899dc07f7de3df9b4d97b988f42448b6cdb6be39b540e9b26652",,"2022-03-21T17:30:00.000","1","DRIVER",,"1237796",,"HYUNDAI","SONATA","IL","2017","NONE","PASSENGER","PERSONAL","E","STRAIGHT AHEAD",,,"1",,,,,"Y","Y",,,,,,,,,,,,,,,,,,,,,,,,,,,,,,,,,,,,,,,,,,,,,
"1302767","397bc927b82a3072972733c8b625514cb5d2b4f487ebaaa044bc5086ae886bffe22aa33aad9f5655cb2cf696e97e29d2c4a9c9dc3497d659ad260ae3c225aff3",,"2022-03-21T17:25:00.000","1","DRIVER","1","1237190",,"CHRYSLER","PACIFICA","IL","2007","UNKNOWN","VAN/MINI-VAN","PERSONAL","N","TURNING RIGHT",,,"2",,,,,,,,,,,,,,,,"Y",,"OTHER",,,,,,,,,,,,,,,,,,,,,,,,,,,,,,,,,
"1302768","397bc927b82a3072972733c8b625514cb5d2b4f487ebaaa044bc5086ae886bffe22aa33aad9f5655cb2cf696e97e29d2c4a9c9dc3497d659ad260ae3c225aff3",,"2022-03-21T17:25:00.000","2","PEDESTRIAN",,,,,,,,,,,,,,,,,,,,,,,,,,,,,,,,,,,,,,,,,,,,,,,,,,,,,,,,,,,,,,,,,,
"1302789","397bc927b82a3072972733c8b625514cb5d2b4f487ebaaa044bc5086ae886bffe22aa33aad9f5655cb2cf696e97e29d2c4a9c9dc3497d659ad260ae3c225aff3",,"2022-03-21T17:25:00.000","3","PEDESTRIAN",,,,,,,,,,,,,,,,,,,,,,,,,,,,,,,,,,,,,,,,,,,,,,,,,,,,,,,,,,,,,,,,,,
"1302785","67db659d64caefb3b6edd234211192dfdc6ba3b1200594a35694dd2653d81f7af1077e1627057b05bbf6a4089ba9df98965c625cce121c40356ad454d3bb442e",,"2022-03-21T17:16:00.000","1","DRIVER",,"1237199",,"UNKNOWN","OTHER (EXPLAIN IN NARRATIVE)",,,"UNKNOWN","UNKNOWN/NA","UNKNOWN/NA","UNKNOWN","UNKNOWN/NA",,,"1",,,,,,,,,,,,,,,,,"Y","UNKNOWN",,,,,,,,,,,,,,,,,,,,,,,,,,,,,,,,,
"1302786","67db659d64caefb3b6edd234211192dfdc6ba3b1200594a35694dd2653d81f7af1077e1627057b05bbf6a4089ba9df98965c625cce121c40356ad454d3bb442e",,"2022-03-21T17:16:00.000","2","PARKED",,"1237204",,"ACURA","TLX","IL","2017","UNKNOWN","PASSENGER","PERSONAL","N","PARKED",,,"0",,,,,,,,,,,"Y",,,,,,,"SIDE-LEFT",,,,,,,,,,,,,,,,,,,,,,,,,,,,,,,,,
"1302811","443578bb71569f8441d1465c3be4b5cff6d2368a31160c848f3fe2611cb3909bf384ddeb52b6975a89316adf1ff45d785641663ed311f91af2022d0cd2f871bc",,"2022-03-21T17:15:00.000","1","DRIVER","2","1237249",,"TOYOTA","PRIUS","IL","2011","UNKNOWN","PASSENGER","RIDESHARE SERVICE","W","PASSING/OVERTAKING",,,"3",,,,,"Y","Y","Y","Y",,,,,,,,,,"FRONT",,,,,,,,,,,,,,,,,,,,,,,,,,,,,,,,,
"1302812","443578bb71569f8441d1465c3be4b5cff6d2368a31160c848f3fe2611cb3909bf384ddeb52b6975a89316adf1ff45d785641663ed311f91af2022d0cd2f871bc",,"2022-03-21T17:15:00.000","2","DRIVER",,"1237289",,"AUDI","TT","IL","2002","UNKNOWN","PASSENGER","PERSONAL","W","PASSING/OVERTAKING",,,"1",,,,,,,,,,,,,,,"Y",,,"TOTAL (ALL AREAS)",,,,,,,,,,,,,,,,,,,,,,,,,,,,,,,,,
"1302714","c6c8eeae3f2bfa0a6898e173eb6bc59cf72de0ffadc5f9bdfc470c11768fd77488edaa1e9f404bb61e3c780ebf9721c971e00a65009f82bd584f00b5efba6f17",,"2022-03-21T17:10:00.000","1","DRIVER",,"1237133",,"UNKNOWN","OTHER (EXPLAIN IN NARRATIVE)",,,"NONE","SPORT UTILITY VEHICLE (SUV)","UNKNOWN/NA","E","TURNING LEFT",,,"1",,,,,,,,"Y","Y",,,,,,,,,"REAR",,,,,,,,,,,,,,,,,,,,,,,,,,,,,,,,,
"1302715","c6c8eeae3f2bfa0a6898e173eb6bc59cf72de0ffadc5f9bdfc470c11768fd77488edaa1e9f404bb61e3c780ebf9721c971e00a65009f82bd584f00b5efba6f17",,"2022-03-21T17:10:00.000","2","DRIVER",,"1237138",,"ACURA","RLX","IL","2011","NONE","SPORT UTILITY VEHICLE (SUV)","PERSONAL","N","STRAIGHT AHEAD",,,"1",,,,,"Y",,,,,,,,,,,"Y",,"FRONT",,,,,,,,,,,,,,,,,,,,,,,,,,,,,,,,,
"1302725","43aea703e7986949018a79853cbf4c7fe18a0d4a050a7d1c812dc0e1fb968e6a72e3dd6284d7b14b0a83acc5ba2cf9332cdb963de39efbddc71a82c01c65c7e8",,"2022-03-21T17:05:00.000","1","DRIVER",,"1237154",,"BUICK","RENDEZVOUS","IL","2003","UNKNOWN","SPORT UTILITY VEHICLE (SUV)","PERSONAL","S","PASSING/OVERTAKING",,,"1",,,,,"N",,,,,,,,,,"N","Y",,"OTHER",,,,,,,,,,,,,,,,,,,,,,,,,,,,,,,,,
"1302726","43aea703e7986949018a79853cbf4c7fe18a0d4a050a7d1c812dc0e1fb968e6a72e3dd6284d7b14b0a83acc5ba2cf9332cdb963de39efbddc71a82c01c65c7e8",,"2022-03-21T17:05:00.000","2","DRIVER","1","1237162",,"SUBARU","CROSSTREK","IL","2019","UNKNOWN","SPORT UTILITY VEHICLE (SUV)","PERSONAL","NW","STRAIGHT AHEAD",,,"2",,,,,"Y","Y","Y",,,,,,,,,,,"SIDE-RIGHT",,,,,,,,,,,,,,,,,,,,,,,,,,,,,,,,,
"1302833","dfd6c394f73f98b7eb13b47e8faac806742765c9445567424beea540839a32e4065cf5eea6e956e2a9ef5cf43b48db5048b1048f3d6b110f586107b45329c008",,"2022-03-21T17:02:00.000","1","DRIVER",,"1237282",,"VOLKSWAGEN","OTHER (EXPLAIN IN NARRATIVE)","IL","2017","UNKNOWN","UNKNOWN/NA","UNKNOWN/NA","W","STRAIGHT AHEAD",,,"1",,,,,,,,,,,,,,,,,"Y","UNKNOWN",,,,,,,,,,,,,,,,,,,,,,,,,,,,,,,,,
"1302834","dfd6c394f73f98b7eb13b47e8faac806742765c9445567424beea540839a32e4065cf5eea6e956e2a9ef5cf43b48db5048b1048f3d6b110f586107b45329c008",,"2022-03-21T17:02:00.000","2","DRIVER",,"1237286",,"NISSAN","ALTIMA","IL","2012","NONE","PASSENGER","PERSONAL","W","SLOW/STOP IN TRAFFIC",,,"1",,,,,,,,,"Y","Y","Y",,,,,,,"REAR-LEFT",,,,,,,,,,,,,,,,,,,,,,,,,,,,,,,,,
"1302735","936cef59aed8e3652b22031f733ebde04dc65228eca1399057b90bf3b56b314e9e3a96033471ead59bfa447b5fcc0961291e9d2d83fbf99da32882b593b6d7c9",,"2022-03-21T17:00:00.000","1","DRIVER",,"1237164",,"GENERAL MOTORS CORPORATION (GMC)","OTHER (EXPLAIN IN NARRATIVE)","IL","2014","UNKNOWN","VAN/MINI-VAN","COMMERCIAL - SINGLE UNIT","UNKNOWN","BACKING",,,"1",,,,,,,,,,"Y",,,,,,,,"REAR-LEFT",,,,,,,,,,,,,,,,,,,,,,,,,,,,,,,,,
"1302736","936cef59aed8e3652b22031f733ebde04dc65228eca1399057b90bf3b56b314e9e3a96033471ead59bfa447b5fcc0961291e9d2d83fbf99da32882b593b6d7c9",,"2022-03-21T17:00:00.000","2","DRIVER","1","1237156",,"HONDA","CR-V","IL","2013","UNKNOWN","PASSENGER","PERSONAL","UNKNOWN","UNKNOWN/NA",,,"2",,,,,,"Y","Y","Y","Y",,,,,,,,,"SIDE-RIGHT",,,,,,,,,,,,,,,,,,,,,,,,,,,,,,,,,
"1302831","99bfcdd81245540bb645c325e5d9cfb9036547ebd59fcd90aa83185ee04de3d19405397ac80631dc41d7acb0006aa3d87954227516924e6e917014f04c0bb775",,"2022-03-21T17:00:00.000","1","DRIVER",,"1237245",,"UTILITY TRAILER","UTILITY TRAILER","IL","2016","UNKNOWN","TRACTOR W/ SEMI-TRAILER","UNKNOWN/NA","W","STRAIGHT AHEAD",,,"1",,,,,,,,,,,,,,,,,"Y","UNKNOWN",,,,,,,,,,,,,,,,,,,,,,,,,,,,,,,,,
"1302832","99bfcdd81245540bb645c325e5d9cfb9036547ebd59fcd90aa83185ee04de3d19405397ac80631dc41d7acb0006aa3d87954227516924e6e917014f04c0bb775",,"2022-03-21T17:00:00.000","2","DRIVER",,"1237260",,"CHRYSLER","PACIFICA","IL","2020","NONE","SPORT UTILITY VEHICLE (SUV)","PERSONAL","W","STRAIGHT AHEAD",,,"1",,,,,"Y","Y","Y","Y","Y",,,,,,,,,"SIDE-RIGHT",,,,,,,,,,,,,,,,,,,,,,,,,,,,,,,,,
"1302704","9c30916e6ebb6dca75b404fd2228f3cdf3aa823d1f9e33e616a8b95bc68eb3f0f5c40dfa70bf6d348f88b20218ea752af4aa3235d9dd7d66967e287c29ff6540",,"2022-03-21T17:00:00.000","1","DRIVER",,"1237128",,"CHRYSLER","OTHER (EXPLAIN IN NARRATIVE)","IL","2004","UNKNOWN","PASSENGER","PERSONAL","S","MERGING",,,"1",,,,,,,,,,,,,,"Y","Y",,"N","TOTAL (ALL AREAS)",,,,,,,,,,,,,,,,,,,,,,,,,,,,,,,,,
"1302705","9c30916e6ebb6dca75b404fd2228f3cdf3aa823d1f9e33e616a8b95bc68eb3f0f5c40dfa70bf6d348f88b20218ea752af4aa3235d9dd7d66967e287c29ff6540",,"2022-03-21T17:00:00.000","2","DRIVER",,"1237137",,"UNKNOWN","OTHER (EXPLAIN IN NARRATIVE)","IL","2017","UNKNOWN","PASSENGER","PERSONAL","S","STRAIGHT AHEAD",,,"1",,,,,,,,,,,,,,"N","N",,"Y","UNKNOWN",,,,,,,,,,,,,,,,,,,,,,,,,,,,,,,,,
"1302894","7c0ebbe345b4a50c03301fffe3afb4a257c7a6678937ba4bd9b9b5890f5afa0ce4e8e670e2bb2eeeddad0f334f2b892cb354932b79d57817385dc0021ddce6ed",,"2022-03-21T16:58:00.000","1","DRIVER",,"1237311",,"JEEP","LIBERTY","IL","2007","UNKNOWN","SPORT UTILITY VEHICLE (SUV)","UNKNOWN/NA","E","TURNING LEFT",,,"1",,,,,,,,,,,,,,,,"Y",,"OTHER",,,,,,,,,,,,,,,,,,,,,,,,,,,,,,,,,
"1302895","7c0ebbe345b4a50c03301fffe3afb4a257c7a6678937ba4bd9b9b5890f5afa0ce4e8e670e2bb2eeeddad0f334f2b892cb354932b79d57817385dc0021ddce6ed",,"2022-03-21T16:58:00.000","2","DRIVER",,"1237312",,"LEXUS","ES330","IL","2004","UNKNOWN","PASSENGER","PERSONAL","W","STRAIGHT AHEAD",,,"1",,,,,,,,,,,,,,,"Y",,,"TOTAL (ALL AREAS)",,,,,,,,,,,,,,,,,,,,,,,,,,,,,,,,,
"1302815","a2c5f5d0be6bd547498f9ee4d24f77e6ff0f8725bc4a8afb69f4b2631399ce1b768365c6d6059ba6eaf060673c651b30d7328cadfee76dc0242abfc0092d9636",,"2022-03-21T16:45:00.000","1","DRIVER",,"1237247",,"FORD","EDGE","IL","2012","UNKNOWN","SPORT UTILITY VEHICLE (SUV)","UNKNOWN/NA","W","ENTERING TRAFFIC LANE FROM PARKING",,,"1",,,,,,,,,,,,,,,"Y",,,"TOTAL (ALL AREAS)",,,,,,,,,,,,,,,,,,,,,,,,,,,,,,,,,
"1302816","a2c5f5d0be6bd547498f9ee4d24f77e6ff0f8725bc4a8afb69f4b2631399ce1b768365c6d6059ba6eaf060673c651b30d7328cadfee76dc0242abfc0092d9636",,"2022-03-21T16:45:00.000","2","DRIVER",,"1237250",,"NISSAN","ALTIMA","IL","2010","NONE","PASSENGER","PERSONAL","W","STRAIGHT AHEAD",,,"1",,,,,,"Y","Y","Y",,,,"N","N","N",,,,"SIDE-RIGHT",,,,,,,,,,,,,,,,,,,,,,,,,,,,,,,,,
"1302727","7589654ea4e043b43be7ce37f07c20c282ccd8be6130680fe9de8bbef35e0a704fdfdb7e616bd9d5dd8cf69af5d2096914e644e190f91324cb431564c329b40c",,"2022-03-21T16:40:00.000","1","DRIVER","1","1237151",,"SUZUKI","KIZASHI","IL","2011","UNKNOWN","PASSENGER","PERSONAL","W","BACKING",,,"2",,,,,,,,,,"N","N",,,,,,"N","REAR-LEFT",,,,,,,,,,,,,,,,,,,,,,,,,,,,,,,,,
"1302728","7589654ea4e043b43be7ce37f07c20c282ccd8be6130680fe9de8bbef35e0a704fdfdb7e616bd9d5dd8cf69af5d2096914e644e190f91324cb431564c329b40c",,"2022-03-21T16:40:00.000","2","DRIVER",,"1237163",,"FORD","ESCAPE","IL","2018","UNKNOWN","SPORT UTILITY VEHICLE (SUV)","PERSONAL","W","STRAIGHT AHEAD",,,"1",,,,,,,,,,,,,,,,,,"OTHER",,,,,,,,,,,,,,,,,,,,,,,,,,,,,,,,,
"1302721","a609bbb0b9b525bafdc6072858200711ea102fa8403e66f270343be7e1a1a9dd4352cf0456db912f509b936af7b81665b5d14eac03d14dbfa0535bd09595b3a3",,"2022-03-21T16:40:00.000","1","DRIVER",,"1237149",,"RANGE ROVER OF NORTH AMERICA","RANGE ROVER OF NORTH AMERICA","IL","2016","NONE","PASSENGER","PERSONAL","N","TURNING RIGHT",,,"1",,,,,"Y",,,,,,,,,,,,,"FRONT",,,,,,,,,,,,,,,,,,,,,,,,,,,,,,,,,
"1302722","a609bbb0b9b525bafdc6072858200711ea102fa8403e66f270343be7e1a1a9dd4352cf0456db912f509b936af7b81665b5d14eac03d14dbfa0535bd09595b3a3",,"2022-03-21T16:40:00.000","2","DRIVER",,"1237158",,"BMW","320I","IL","2014","NONE","PASSENGER","PERSONAL","N","TURNING RIGHT",,,"1",,,,,,,,,,,,,,,"Y",,,"TOTAL (ALL AREAS)",,,,,,,,,,,,,,,,,,,,,,,,,,,,,,,,,
"1302787","af1ba8377c584554c03ade58f8dc794779b5ae5523b6fd30346fb4ebb4564609c316adc4be7667db57a022eaa83f4ba6385e52084e718913c08c2175c083ccac",,"2022-03-21T16:40:00.000","1","DRIVER",,"1237205",,"FORD","ESCAPE","IL","2009","UNKNOWN","SPORT UTILITY VEHICLE (SUV)","UNKNOWN/NA","W","STRAIGHT AHEAD",,,"1",,,,,,,,,,,,,,,,,"Y","OTHER",,,,,,,,,,,,,,,,,,,,,,,,,,,,,,,,,
"1302788","af1ba8377c584554c03ade58f8dc794779b5ae5523b6fd30346fb4ebb4564609c316adc4be7667db57a022eaa83f4ba6385e52084e718913c08c2175c083ccac",,"2022-03-21T16:40:00.000","2","DRIVER",,"1237211",,"KIA","SEDONA","IL","2009","NONE","VAN/MINI-VAN","PERSONAL","W","SLOW/STOP IN TRAFFIC",,,"1",,,,,,,,,"Y","Y","Y",,,,,,,"REAR-LEFT",,,,,,,,,,,,,,,,,,,,,,,,,,,,,,,,,
"1302668","cbdb969e8eedf1f2b9b69d61e9d3d7d3db86794ce6dcce9b724f3260dc372349fcd38b2f034bd0e084c07186f95f68c5063c7b0e750d320196cdb981ff9aa984",,"2022-03-21T16:40:00.000","1","DRIVER",,"1237094",,"CHEVROLET","IMPALA","IL","2007","NONE","PASSENGER","PERSONAL","S","STRAIGHT AHEAD",,,"1",,,,,"Y",,,,,,,,,,"Y","Y",,"OTHER",,,,,,,,,,,,,,,,,,,,,,,,,,,,,,,,,
"1302669","cbdb969e8eedf1f2b9b69d61e9d3d7d3db86794ce6dcce9b724f3260dc372349fcd38b2f034bd0e084c07186f95f68c5063c7b0e750d320196cdb981ff9aa984",,"2022-03-21T16:40:00.000","2","DRIVER",,"1237099",,"JEEP","LIBERTY","IL","2009","NONE","SPORT UTILITY VEHICLE (SUV)","PERSONAL","S","SLOW/STOP IN TRAFFIC",,,"1",,,,,,,,,"Y","Y","Y",,,,,,,"REAR-LEFT",,,,,,,,,,,,,,,,,,,,,,,,,,,,,,,,,
"1302737","296f880c3ae202e82ec6e8129299931366dab96a163708793e099a379c59fbc16b19e3a9ce21d210eebaf0884c4619ff765863b70852199318bfd2392fc75f32",,"2022-03-21T16:34:00.000","1","DRIVER",,"1237176",,"NISSAN","SENTRA","IL","2015","OTHER","PASSENGER","PERSONAL","E","STRAIGHT AHEAD",,,"1",,,,,"Y",,,,,,,,,,"Y","Y",,"OTHER",,,,,,,,,,,,,,,,,,,,,,,,,,,,,,,,,
"1302738","296f880c3ae202e82ec6e8129299931366dab96a163708793e099a379c59fbc16b19e3a9ce21d210eebaf0884c4619ff765863b70852199318bfd2392fc75f32",,"2022-03-21T16:34:00.000","2","DRIVER",,"1237186",,"NISSAN","OTHER (EXPLAIN IN NARRATIVE)","IL","2012","NONE","PASSENGER","PERSONAL","E","SLOW/STOP IN TRAFFIC",,,"1",,,,,,,,,"Y","Y","Y",,,,,,,"REAR-LEFT",,,,,,,,,,,,,,,,,,,,,,,,,,,,,,,,,
"1302771","0449c963d1411029076b02adecad9ae9109b38ba39a47d1ddfdf1394bbcb239d46b45af0ad031283e8f5a3c717101b890555640b65ce710840ded853f5da54e9",,"2022-03-21T16:30:00.000","1","DRIVER","1","1237232",,"JEEP","CHEROKEE","IL","2018","UNKNOWN","SPORT UTILITY VEHICLE (SUV)","UNKNOWN/NA","W","STRAIGHT AHEAD","Y",,"2",,"E & R TOWING",,,"Y","Y","Y","Y",,"Y","N","N","N","Y","Y","Y",,"FRONT",,,,,,,,,,,,,,,,,,,,,,,,,,,,,,,,,
"1302717","2f0391e1fa9225fd51fbb890b135d7aa1b2e43fc982876a976fb7d2374a6b2617aae64ff1873d499eaa28d2645d10e7822ef7cda1e873d6fb7756aa8d01dcaad",,"2022-03-21T16:30:00.000","1","DRIVER",,"1237135",,"GENERAL MOTORS CORPORATION (GMC)","SIERRA","IL",,"NONE","PICKUP","PERSONAL","W","CHANGING LANES",,,"1",,,,,"Y","Y","Y","Y","Y",,,,,,,,,"SIDE-RIGHT",,,,,,,,,,,,,,,,,,,,,,,,,,,,,,,,,
"1302718","2f0391e1fa9225fd51fbb890b135d7aa1b2e43fc982876a976fb7d2374a6b2617aae64ff1873d499eaa28d2645d10e7822ef7cda1e873d6fb7756aa8d01dcaad",,"2022-03-21T16:30:00.000","2","DRIVER",,"1237141",,"TOYOTA","COROLLA",,,"NONE","PASSENGER","PERSONAL","W","STRAIGHT AHEAD",,,"1",,,,,,,,,,,,"Y","Y","Y",,,,"ROOF",,,,,,,,,,,,,,,,,,,,,,,,,,,,,,,,,
"1302798","894193bddb8f063846e7d4de99bc5d5939bfea963966a5abfd5c546b3a1feb69dc444b303747ad90a50118dcc61ad73b7b10bbedd7d4651219b9b8cc57f96803",,"2022-03-21T16:30:00.000","1","DRIVER",,"1237224",,"NISSAN","ROGUE","IL","2017","UNKNOWN","SPORT UTILITY VEHICLE (SUV)","PERSONAL","E","UNKNOWN/NA",,,"1",,,,,"Y",,,,,,,,,,"Y","Y",,"OTHER",,,,,,,,,,,,,,,,,,,,,,,,,,,,,,,,,