"crash_unit_id","crash_record_id","rd_no","crash_date","unit_no","unit_type","num_passengers","vehicle_id","cmrc_veh_i","make","model","lic_plate_state","vehicle_year","vehicle_defect","vehicle_type","vehicle_use","travel_direction","maneuver","towed_i","fire_i","occupant_cnt","exceed_speed_limit_i","towed_by","towed_to","area_00_i","area_01_i","area_02_i","area_03_i","area_04_i","area_05_i","area_06_i","area_07_i","area_08_i","area_09_i","area_10_i","area_11_i","area_12_i","area_99_i","first_contact_point","cmv_id","usdot_no","ccmc_no","ilcc_no","commercial_src","gvwr","carrier_name","carrier_state","carrier_city","hazmat_placards_i","hazmat_name","un_no","hazmat_present_i","hazmat_report_i","hazmat_report_no","mcs_report_i","mcs_report_no","hazmat_vio_cause_crash_i","mcs_vio_cause_crash_i","idot_permit_no","wide_load_i","trailer1_width","trailer2_width","trailer1_length","trailer2_length","total_vehicle_length","axle_cnt","vehicle_config","cargo_body_type","load_type","hazmat_out_of_service_i","mcs_out_of_service_i","hazmat_class"
"1302799","894193bddb8f063846e7d4de99bc5d5939bfea963966a5abfd5c546b3a1feb69dc444b303747ad90a50118dcc61ad73b7b10bbedd7d4651219b9b8cc57f96803",,"2022-03-21T16:30:00.000","2","DRIVER",,"1237231",,"NISSAN","ROGUE","IL","2017","UNKNOWN","SPORT UTILITY VEHICLE (SUV)","PERSONAL","E","UNKNOWN/NA",,,"1",,,,,,,,,"Y","Y","Y",,,,,,,"REAR-LEFT",,,,,,,,,,,,,,,,,,,,,,,,,,,,,,,,,
"1302672","e2ff52934001d0767bd730dc5d2570fae6f9c91ef2e3e2653d86f73127c6f8e2afe0e475257a4bb5446c4a768af44904dfc5f3c309622199e5e478a9ed92e6d3",,"2022-03-21T16:30:00.000","1","DRIVER",,"1237152",,"CADILLAC","OTHER (EXPLAIN IN NARRATIVE)","IL","2006","UNKNOWN","PASSENGER","UNKNOWN/NA","N","BACKING",,,"1",,,,,,,,,,"Y",,,,,,,,"REAR-LEFT",,,,,,,,,,,,,,,,,,,,,,,,,,,,,,,,,
"1302673","e2ff52934001d0767bd730dc5d2570fae6f9c91ef2e3e2653d86f73127c6f8e2afe0e475257a4bb5446c4a768af44904dfc5f3c309622199e5e478a9ed92e6d3",,"2022-03-21T16:30:00.000","2","DRIVER","1","1237160",,"CHEVROLET","MALIBU","IL","2017","UNKNOWN","PASSENGER","UNKNOWN/NA","N","OTHER",,,"2",,,,,"Y",,,,,,,,,,,"Y",,"OTHER",,,,,,,,,,,,,,,,,,,,,,,,,,,,,,,,,
"1302720","03ca3e40e0483483d3ad40add4480a5601eaed109dee516eeab02253de1b8f010ef701252686b77c3e97d1e7fc408c6bf18a93879dd62ba3b374f94108617e4b",,"2022-03-21T16:24:00.000","1","DRIVER",,"1237148","Y","KENWORTH MOTOR TRUCK COMPANY","KENWORTH MOTOR TRUCK CO.","IA","2017","UNKNOWN","TRACTOR W/ SEMI-TRAILER","COMMERCIAL - MULTI-UNIT","E","TURNING LEFT","Y",,"1",,"private tow","13000 s indiana","N",,,,,"Y","Y","Y",,,,,,,"REAR-LEFT","14275","3491609",,,"SIDE OF TRUCK","3","MONTECORP LLC","IA","BETTENDORF",,,,"N","N",,"N",,"N","N",,,,,,,,,"TRACTOR/SEMI-TRAILER","VAN/ENCLOSED BOX","UNKNOWN","N","N",
"1302696","cde5a1d530d288ffad10e22deb48c306844a9bbcd39a31892066fe2f56486e1ca1a69c751c2982bd537fbd6edfb8e856e34f5fce15afe8182fb1acec43ce81fc",,"2022-03-21T16:23:00.000","1","DRIVER",,"1237117",,"BUICK","CENTURY","IL","1994","NONE","PASSENGER","PERSONAL","W","CHANGING LANES","Y",,"1",,"PRIVATE TOW","UNKNOWN",,"Y",,,,,,,,,,"Y","Y",,"TOTAL (ALL AREAS)",,,,,,,,,,,,,,,,,,,,,,,,,,,,,,,,,
"1302697","cde5a1d530d288ffad10e22deb48c306844a9bbcd39a31892066fe2f56486e1ca1a69c751c2982bd537fbd6edfb8e856e34f5fce15afe8182fb1acec43ce81fc",,"2022-03-21T16:23:00.000","2","DRIVER","3","1237125",,"ACURA","ILX","IL","2012","NONE","PASSENGER","PERSONAL","W","STRAIGHT AHEAD",,,"4",,,,,,,,"Y","Y",,,,,,,,,"REAR",,,,,,,,,,,,,,,,,,,,,,,,,,,,,,,,,
"1302826","49d7b1817269817480b4d43ae53379b95d018e753a531ac5bdad685a05abefa6904ea8df6a88d4d57b409373d722aefb55ce4f161f505dde65f9282c78433d38",,"2022-03-21T16:22:00.000","1","DRIVER",,"1237253",,"KIA","CARNIVAL","IL","2004","NONE","VAN/MINI-VAN","PERSONAL","E","PASSING/OVERTAKING","N",,"1",,,,,"Y","Y","N",,,,,,,,,,,"FRONT",,,,,,,,,,,,,,,,,,,,,,,,,,,,,,,,,
"1302827","49d7b1817269817480b4d43ae53379b95d018e753a531ac5bdad685a05abefa6904ea8df6a88d4d57b409373d722aefb55ce4f161f505dde65f9282c78433d38",,"2022-03-21T16:22:00.000","2","PARKED",,"1237263",,"NISSAN","PATHFINDER","IL","2009","NONE","PASSENGER","PERSONAL","E","PARKED",,,"0",,,,,,,,,,,"Y","Y","Y","Y",,,,"FRONT-LEFT",,,,,,,,,,,,,,,,,,,,,,,,,,,,,,,,,
"1302828","49d7b1817269817480b4d43ae53379b95d018e753a531ac5bdad685a05abefa6904ea8df6a88d4d57b409373d722aefb55ce4f161f505dde65f9282c78433d38",,"2022-03-21T16:22:00.000","3","PARKED",,"1237275",,"INFINITI","FX35","IL","2005","NONE","PASSENGER","PERSONAL","E","PARKED",,,"0",,,,,,,,,,,,,,"Y",,,,"ROOF",,,,,,,,,,,,,,,,,,,,,,,,,,,,,,,,,
"1302690","8582f5e87ecb2f9ea26848a68a8061730db4ab97befbdc0e3e755962a7673f5ee0ae0425041d000b242c130cf24ceed10be125e801bf6782d606863f603882a0",,"2022-03-21T16:21:00.000","2","DRIVER",,"1237145",,"CHEVROLET","EQUINOX","IL","2018","UNKNOWN","SPORT UTILITY VEHICLE (SUV)","PERSONAL","W","STRAIGHT AHEAD","Y",,"1",,,,,,,,,,,"Y","Y","Y","Y","Y",,,"TOTAL (ALL AREAS)",,,,,,,,,,,,,,,,,,,,,,,,,,,,,,,,,
"1302691","8582f5e87ecb2f9ea26848a68a8061730db4ab97befbdc0e3e755962a7673f5ee0ae0425041d000b242c130cf24ceed10be125e801bf6782d606863f603882a0",,"2022-03-21T16:21:00.000","1","DRIVER",,"1237120",,"NISSAN","CUBE","IL","2010","UNKNOWN","PASSENGER","PERSONAL","E","SKIDDING/CONTROL LOSS","Y",,"1",,,,,"Y","Y",,,,,,,,"Y","Y","Y",,"TOTAL (ALL AREAS)",,,,,,,,,,,,,,,,,,,,,,,,,,,,,,,,,
"1302682","1a76419e45afe698d463417048a29594421ab987236e86145353065e41b57e30babbfff911162e422b294635934b6cd463b9a34184671886f36f90568dbdfc5a",,"2022-03-21T16:00:00.000","2","PARKED",,"1237105",,"TOYOTA","CAMRY","IL","2012","NONE","PASSENGER","NOT IN USE","N","PARKED",,,"0",,,,,"N",,,,"Y","Y","Y",,,,"N","N","Y","REAR-LEFT",,,,,,,,,,,,,,,,,,,,,,,,,,,,,,,,,
"1302710","1a76419e45afe698d463417048a29594421ab987236e86145353065e41b57e30babbfff911162e422b294635934b6cd463b9a34184671886f36f90568dbdfc5a",,"2022-03-21T16:00:00.000","1","DRIVER",,"1237127",,"UNKNOWN","OTHER (EXPLAIN IN NARRATIVE)",,,"UNKNOWN","UNKNOWN/NA","UNKNOWN/NA","N","UNKNOWN/NA",,,"1",,,,,"Y",,,,,,,,,,"Y","Y","Y","OTHER",,,,,,,,,,,,,,,,,,,,,,,,,,,,,,,,,
"1302711","3d6d1035663638dbd66146165afa7abbce3245d75b67c354466cc45b351ed7b4e9acb525c6f9411281af89eec0cab7ccf15f61241985d6372d1a18e9c6ff5b6e",,"2022-03-21T16:00:00.000","1","DRIVER",,"1237136",,"FORD","OTHER (EXPLAIN IN NARRATIVE)","IL","2007","UNKNOWN","PICKUP","UNKNOWN/NA","N","STRAIGHT AHEAD",,,"1",,,,,,,,,,,,,,,,,"Y","UNKNOWN",,,,,,,,,,,,,,,,,,,,,,,,,,,,,,,,,
"1302712","3d6d1035663638dbd66146165afa7abbce3245d75b67c354466cc45b351ed7b4e9acb525c6f9411281af89eec0cab7ccf15f61241985d6372d1a18e9c6ff5b6e",,"2022-03-21T16:00:00.000","2","DRIVER",,"1237144",,"HONDA","ODYSSEY","IL","2001","UNKNOWN","VAN/MINI-VAN","PERSONAL","N","STRAIGHT AHEAD",,,"1",,,,,"Y",,,,"Y","Y","Y",,,,"Y","Y","Y","UNKNOWN",,,,,,,,,,,,,,,,,,,,,,,,,,,,,,,,,
"1302713","3d6d1035663638dbd66146165afa7abbce3245d75b67c354466cc45b351ed7b4e9acb525c6f9411281af89eec0cab7ccf15f61241985d6372d1a18e9c6ff5b6e",,"2022-03-21T16:00:00.000","3","DRIVER",,"1237147",,"CHEVROLET","OTHER (EXPLAIN IN NARRATIVE)","IL","2002","UNKNOWN","UNKNOWN/NA","UNKNOWN/NA","N","STRAIGHT AHEAD",,,"1",,,,,,,,,,,,,,,,,"Y","UNKNOWN",,,,,,,,,,,,,,,,,,,,,,,,,,,,,,,,,
"1302678","c00ca8e60de79ae79ad248078b0eab4cd681ea733caf6e7e481e2226a61b5e2582ff2a1a900d4b7b7d0b0cae30ce90eefa165692ccf0af795bbf3f751a187689",,"2022-03-21T16:00:00.000","1","DRIVER",,"1237104",,"CHEVROLET","EXPRESS","IL",,"NONE","VAN/MINI-VAN","UNKNOWN/NA","N","STRAIGHT AHEAD",,,"1",,,,,,,,,,,,,,,,"Y",,"OTHER",,,,,,,,,,,,,,,,,,,,,,,,,,,,,,,,,
"1302679","c00ca8e60de79ae79ad248078b0eab4cd681ea733caf6e7e481e2226a61b5e2582ff2a1a900d4b7b7d0b0cae30ce90eefa165692ccf0af795bbf3f751a187689",,"2022-03-21T16:00:00.000","2","DRIVER",,"1237108",,"CHEVROLET","SILVERADO",,,"NONE","PICKUP","PERSONAL","N","SLOW/STOP IN TRAFFIC",,,"1",,,,,,,,,,"Y",,,,,,,,"REAR-LEFT",,,,,,,,,,,,,,,,,,,,,,,,,,,,,,,,,
"1302670","f475372c43ddc850d2b318c9b3b731d759997c518bde0a4ab7913397d55ab930c45dbc7a4e994de9702f1bc9d145f42cd62c54f4950dc16979d38bc1f358aef4",,"2022-03-21T16:00:00.000","1","DRIVER",,"1237095",,"UNKNOWN","MOTORIZED",,,"UNKNOWN","PASSENGER","UNKNOWN/NA","S","STRAIGHT AHEAD",,,"1",,,,,,,,,,,,,,,,,"Y","UNKNOWN",,,,,,,,,,,,,,,,,,,,,,,,,,,,,,,,,
"1302671","f475372c43ddc850d2b318c9b3b731d759997c518bde0a4ab7913397d55ab930c45dbc7a4e994de9702f1bc9d145f42cd62c54f4950dc16979d38bc1f358aef4",,"2022-03-21T16:00:00.000","2","DRIVER",,"1237097",,"TOYOTA","COROLLA","IL","2004","NONE","PASSENGER","PERSONAL","S","STRAIGHT AHEAD",,,"1",,,,,,,,"Y","Y","Y",,,,,,,,"REAR",,,,,,,,,,,,,,,,,,,,,,,,,,,,,,,,,
"1302723","6544ca9ec090e1e78aa6e48979f90e1d1847e0db39be8724dcc158fa269872897a882476ba88a12bfef5725aa708cd440cc502e61c01e74dfb38e0eda6289476",,"2022-03-21T15:57:00.000","1","DRIVER",,"1237157",,"NEW FLYER","DE60LFR","IL","2008","UNKNOWN","BUS OVER 15 PASS.","CTA","E","STRAIGHT AHEAD",,,"1",,,,,,,"Y","Y","Y",,,,,,,,,"SIDE-RIGHT",,,,,,,,,,,,,,,,,,,,,,,,,,,,,,,,,
"1302724","6544ca9ec090e1e78aa6e48979f90e1d1847e0db39be8724dcc158fa269872897a882476ba88a12bfef5725aa708cd440cc502e61c01e74dfb38e0eda6289476",,"2022-03-21T15:57:00.000","2","PARKED",,"1237166",,"JEEP","WRANGLER","NM","2013","UNKNOWN","PASSENGER","UNKNOWN/NA","E","PARKED",,,"0",,,,,,,,,,,,,,"Y","Y",,,"TOTAL (ALL AREAS)",,,,,,,,,,,,,,,,,,,,,,,,,,,,,,,,,
"1302733","f416c194cbcf51e707645d694050bb468462db4746a57bc3933c07945b5e10d4179c44085506a9d7dbfa2d1c09a5cba01535ad6a0e509d340968a499d524812e",,"2022-03-21T15:50:00.000","1","DRIVER",,"1237168",,"NISSAN","ROGUE","FL",,"UNKNOWN","UNKNOWN/NA","UNKNOWN/NA","W","STRAIGHT AHEAD","Y",,"1",,"PRIVATE TOW","UNK",,"Y",,,,,,,,,,"Y","Y",,"OTHER",,,,,,,,,,,,,,,,,,,,,,,,,,,,,,,,,
"1302734","f416c194cbcf51e707645d694050bb468462db4746a57bc3933c07945b5e10d4179c44085506a9d7dbfa2d1c09a5cba01535ad6a0e509d340968a499d524812e",,"2022-03-21T15:50:00.000","2","DRIVER",,"1237183",,"NISSAN","FRONTIER","IL",,"UNKNOWN","PICKUP","PERSONAL","N","STRAIGHT AHEAD","Y",,"1",,"private",,,"Y","Y","Y","Y","Y",,,,,,,,,"SIDE-RIGHT",,,,,,,,,,,,,,,,,,,,,,,,,,,,,,,,,
"1302706","05ce5348ccffe397f2546d68d15508b8b2ca8161fa5f2d43bd474565d58f2407597c740d7b7adf88097c7a833ffa296028682034a6c70168516a09e7fd22af63",,"2022-03-21T15:39:00.000","1","DRIVER","1","1237169",,"NISSAN","ALTIMA","IL",,"UNKNOWN","PASSENGER","UNKNOWN/NA","S","STRAIGHT AHEAD",,,"2",,,,,,,,,,,,,,,,"Y",,"OTHER",,,,,,,,,,,,,,,,,,,,,,,,,,,,,,,,,
"1302707","05ce5348ccffe397f2546d68d15508b8b2ca8161fa5f2d43bd474565d58f2407597c740d7b7adf88097c7a833ffa296028682034a6c70168516a09e7fd22af63",,"2022-03-21T15:39:00.000","2","DRIVER","1","1237139",,"BMW","328I",,"2013","UNKNOWN","PASSENGER","PERSONAL","S","STRAIGHT AHEAD",,,"2",,,,,,,,,,,,,,,,,,"REAR-LEFT",,,,,,,,,,,,,,,,,,,,,,,,,,,,,,,,,
"1302796","047df41297f6c124c706a6f57ec7dd4c76957c107358451338f1c8d1e7b3a1f900d7cc3076df82ecf1b0d56151714f10a9eadfaf4a80556b36966a631f0ccbc5",,"2022-03-21T15:35:00.000","1","DRIVER",,"1237209",,"CHRYSLER","300","IL","2007","UNKNOWN","PASSENGER","UNKNOWN/NA","N","BACKING",,,"1",,,,,,,,,"Y","Y","Y",,,,,,,"REAR-LEFT",,,,,,,,,,,,,,,,,,,,,,,,,,,,,,,,,
"1302797","047df41297f6c124c706a6f57ec7dd4c76957c107358451338f1c8d1e7b3a1f900d7cc3076df82ecf1b0d56151714f10a9eadfaf4a80556b36966a631f0ccbc5",,"2022-03-21T15:35:00.000","2","DRIVER",,"1237216",,"VOLVO","XC90","IL","2020","UNKNOWN","PASSENGER","UNKNOWN/NA","E","STRAIGHT AHEAD",,,"1",,,,,"Y","Y","Y",,,,,,,,,,,"SIDE-RIGHT",,,,,,,,,,,,,,,,,,,,,,,,,,,,,,,,,
"1302653","2f7746196a535911b042d9a9f59686066c4bd1118186590c827d3f4e1e58d0cfe1e403d672a7c154286dc4622c04baff66663a719fc4553553fdd95d305e6103",,"2022-03-21T15:35:00.000","1","DRIVER",,"1237085",,"JEEP","CHEROKEE","IL","2008","NONE","PASSENGER","PERSONAL","N","BACKING",,,"1",,,,,,,,,,,,,,,,,,"REAR-LEFT",,,,,,,,,,,,,,,,,,,,,,,,,,,,,,,,,
"1302654","2f7746196a535911b042d9a9f59686066c4bd1118186590c827d3f4e1e58d0cfe1e403d672a7c154286dc4622c04baff66663a719fc4553553fdd95d305e6103",,"2022-03-21T15:35:00.000","2","DRIVER","1","1237091",,"NISSAN","ARMADA","IL","2017","NONE","PASSENGER","PERSONAL","E","STRAIGHT AHEAD","N",,"2",,,,,,,,,,,,,,,"Y",,,"ROOF",,,,,,,,,,,,,,,,,,,,,,,,,,,,,,,,,
"1302625","e14c338dca8f7072eea0b73dabda0cb1cddb68e991bf5200e645e5aa66e9576a5d7d95231c620b7bcdd783251f7260facf0d4d3b43aad3d6ffa15b3f9530e2ce",,"2022-03-21T15:25:00.000","1","DRIVER","1","1237055","N","FORD","ECONOLINE E150","IL","2004","NONE","PASSENGER","OTHER","W","STRAIGHT AHEAD",,,"2",,,,,"Y",,,,,,,,,,"Y","Y",,"OTHER",,,,,,,,,,,,,,,,,,,,,,,,,,,,,,,,,
"1302626","e14c338dca8f7072eea0b73dabda0cb1cddb68e991bf5200e645e5aa66e9576a5d7d95231c620b7bcdd783251f7260facf0d4d3b43aad3d6ffa15b3f9530e2ce",,"2022-03-21T15:25:00.000","2","DRIVER",,"1237061",,"TOYOTA","PRIUS","IL","2012","NONE","PASSENGER","PERSONAL","W","STRAIGHT AHEAD",,,"1",,,,,,,,,"Y","Y","Y",,,,,,,"REAR-LEFT",,,,,,,,,,,,,,,,,,,,,,,,,,,,,,,,,
"1302633","01ba1936cedb02445c720edd09cb53e283f6ea8a21a123ba78c21911eb789e4494793406099bdb5aec17893d35637d0dce57bb5cf1469fc56d645470724a0822",,"2022-03-21T15:23:00.000","1","DRIVER",,"1237058","N","FREIGHTLINER CORPORATION","FREIGHTLINER CORP.","IN","2016","NONE","TRUCK - SINGLE UNIT","COMMERCIAL - SINGLE UNIT","W","STRAIGHT AHEAD",,,"1",,,,,"Y","Y",,,,,,,,,,,,"SIDE-RIGHT",,,,,,,,,,,,,,,,,,,,,,,,,,,,,,,,,
"1302634","01ba1936cedb02445c720edd09cb53e283f6ea8a21a123ba78c21911eb789e4494793406099bdb5aec17893d35637d0dce57bb5cf1469fc56d645470724a0822",,"2022-03-21T15:23:00.000","2","DRIVER",,"1237066",,"FORD","F550","IL","2019","NONE","VAN/MINI-VAN","OTHER","W","STRAIGHT AHEAD",,,"1",,,,,,,,,,,,,,"Y","Y",,,"ROOF",,,,,,,,,,,,,,,,,,,,,,,,,,,,,,,,,
"1302692","735dbf06a8530d25e2794e4481bf5d655020acd5e8c9271163edcf0ce39ad05fffde6d1dfebf8ba10abcb370fca747946f519cff6b94bc7a69b8cd4655fa8549",,"2022-03-21T15:23:00.000","1","DRIVER","1","1237131",,"LEXUS","SC400","IL","1995","NONE","PASSENGER","PERSONAL","W","TURNING LEFT","Y",,"2",,"private","unknown",,,,,,,,,,,,,"Y",,"OTHER",,,,,,,,,,,,,,,,,,,,,,,,,,,,,,,,,
"1302693","735dbf06a8530d25e2794e4481bf5d655020acd5e8c9271163edcf0ce39ad05fffde6d1dfebf8ba10abcb370fca747946f519cff6b94bc7a69b8cd4655fa8549",,"2022-03-21T15:23:00.000","2","DRIVER",,"1237142",,"MAZDA","MAZDA6","IL","2011","NONE","PASSENGER","PERSONAL","E","TURNING LEFT",,,"1",,,,,,,,"Y",,,,,,,,,,"SIDE-RIGHT",,,,,,,,,,,,,,,,,,,,,,,,,,,,,,,,,
"1302674","ee15c7d26188f6f077467811df6413d8f4040a0ec02b4c7697ce2770c94f80e178f9f0477c18b14e9ecc0426011ac2b0190a9219ced3a3f8c11d0879d4569c3d",,"2022-03-21T15:23:00.000","2","DRIVER","1","1237126",,"CHRYSLER","SEBRING","IL","2008","UNKNOWN","PASSENGER","PERSONAL","N","STRAIGHT AHEAD","Y",,"2",,"PRIVET TO","UNK",,"Y","Y","Y","Y","N",,"Y","Y","Y","Y","Y","Y",,"TOTAL (ALL AREAS)",,,,,,,,,,,,,,,,,,,,,,,,,,,,,,,,,
"1302719","ee15c7d26188f6f077467811df6413d8f4040a0ec02b4c7697ce2770c94f80e178f9f0477c18b14e9ecc0426011ac2b0190a9219ced3a3f8c11d0879d4569c3d",,"2022-03-21T15:23:00.000","1","DRIVER",,"1237140",,"UNKNOWN","OTHER (EXPLAIN IN NARRATIVE)","XX",,"UNKNOWN","VAN/MINI-VAN","UNKNOWN/NA","N","PASSING/OVERTAKING",,,"1",,,,,"Y",,,,,,,,,,,,,"FRONT",,,,,,,,,,,,,,,,,,,,,,,,,,,,,,,,,
"1302629","cea04cf4f58e8c00f4d985dffdd09a5c31f7d13b198e2d8ac1c2be154d5ba00041a6fabfacd83c1b9907e1bb6f087e48964bfcdcb4570d70dc359d2d8702c059",,"2022-03-21T15:20:00.000","1","DRIVER",,"1237054",,"CHEVROLET","TRAVERSE",,,"UNKNOWN","PASSENGER","PERSONAL","N","CHANGING LANES",,,"1",,,,,,,,,,,"Y","Y","Y","N","N",,,"ROOF",,,,,,,,,,,,,,,,,,,,,,,,,,,,,,,,,
"1302630","cea04cf4f58e8c00f4d985dffdd09a5c31f7d13b198e2d8ac1c2be154d5ba00041a6fabfacd83c1b9907e1bb6f087e48964bfcdcb4570d70dc359d2d8702c059",,"2022-03-21T15:20:00.000","2","DRIVER",,"1237064",,"GENERAL MOTORS CORPORATION (GMC)","DENALI","IL","2015","NONE","PASSENGER","PERSONAL","N","STRAIGHT AHEAD",,,"1",,,,,"Y","Y","Y",,,,,,,,,,,"TOTAL (ALL AREAS)",,,,,,,,,,,,,,,,,,,,,,,,,,,,,,,,,
"1302702","f70aec1bd531b5561181fc99b41820a15531e6a999226f9e66e9a6205e22395b0b410361c34d395c8383aa95cf2af8058aa64c51e1faf99917ffff3ba5e72f1f",,"2022-03-21T15:20:00.000","1","DRIVER",,"1237118",,"UNKNOWN","OTHER (EXPLAIN IN NARRATIVE)",,,"UNKNOWN","PASSENGER","UNKNOWN/NA","E","STRAIGHT AHEAD",,,"1",,,,,,"Y",,,,,,,,,,,,"FRONT-RIGHT",,,,,,,,,,,,,,,,,,,,,,,,,,,,,,,,,
"1302703","f70aec1bd531b5561181fc99b41820a15531e6a999226f9e66e9a6205e22395b0b410361c34d395c8383aa95cf2af8058aa64c51e1faf99917ffff3ba5e72f1f",,"2022-03-21T15:20:00.000","2","DRIVER","1","1237122",,"NISSAN","ALTIMA","IL",,"NONE","PASSENGER","PERSONAL","E","STRAIGHT AHEAD",,,"2",,,,,,,,,,,,"Y",,,,,,"FRONT-LEFT",,,,,,,,,,,,,,,,,,,,,,,,,,,,,,,,,
"1302684","5c1c90a47ad0e5e4db63fb87d46db122996a0967989f1b6b7e5168f0b43e179a93f61f3e0a4ffc0ca78047c733f34294168d40167b7a752c8f62061618c07ab6",,"2022-03-21T15:15:00.000","2","PARKED",,"1237112",,"NISSAN","VERSA","IL","2019","NONE","PASSENGER","PERSONAL","E","PARKED","Y",,"0",,"PRIVATE",,,"Y",,,,"Y","Y","Y",,,,"Y","Y",,"OTHER",,,,,,,,,,,,,,,,,,,,,,,,,,,,,,,,,
"1302685","5c1c90a47ad0e5e4db63fb87d46db122996a0967989f1b6b7e5168f0b43e179a93f61f3e0a4ffc0ca78047c733f34294168d40167b7a752c8f62061618c07ab6",,"2022-03-21T15:15:00.000","1","DRIVER",,"1237109",,"UNKNOWN","OTHER (EXPLAIN IN NARRATIVE)",,,"NONE","TRUCK - SINGLE UNIT","PERSONAL","W","STRAIGHT AHEAD",,,"1",,,,,,,,,,,,,,,,"Y",,"OTHER",,,,,,,,,,,,,,,,,,,,,,,,,,,,,,,,,
"1302772","aaa47019c094b98bb58d1ba5e98cb48d66899b7b8da1ffa8b6ea4767b9ab7ee31a7f5285423e065e3c46bc99644bf7e95ba0b51d87476451aa460bfe5f8ef9bd",,"2022-03-21T15:15:00.000","1","DRIVER",,"1237215",,"FORD","OTHER (EXPLAIN IN NARRATIVE)","IL","2005","UNKNOWN","PASSENGER","UNKNOWN/NA","S","STRAIGHT AHEAD",,,"1",,,,,,,,,,,,,,,,,"Y","UNKNOWN",,,,,,,,,,,,,,,,,,,,,,,,,,,,,,,,,
"1302800","aaa47019c094b98bb58d1ba5e98cb48d66899b7b8da1ffa8b6ea4767b9ab7ee31a7f5285423e065e3c46bc99644bf7e95ba0b51d87476451aa460bfe5f8ef9bd",,"2022-03-21T15:15:00.000","2","DRIVER",,"1237221",,"MERCEDES-BENZ","OTHER (EXPLAIN IN NARRATIVE)","IL","2016","NONE","PASSENGER","PERSONAL","E","STRAIGHT AHEAD",,,"1",,,,,,,,,,,"Y","Y","Y","Y","Y",,,"ROOF",,,,,,,,,,,,,,,,,,,,,,,,,,,,,,,,,
"1302645","c41b74a7b8e1068b07ab6e9e38359885524c0e0ed0db13c81eef44cf0ae00e112c3457fa15db404e37caa59726e7e906158622126d4e5a5b3984d8d5f5ce1c37",,"2022-03-21T15:15:00.000","1","DRIVER",,"1237075",,"HONDA","ODYSSEY","IL","2006","NONE","VAN/MINI-VAN","PERSONAL","N","STRAIGHT AHEAD","Y",,"1",,"OWNER/PRIVATE TOW",,,,,,,,,,,,,,"Y",,"OTHER",,,,,,,,,,,,,,,,,,,,,,,,,,,,,,,,,
"1302646","c41b74a7b8e1068b07ab6e9e38359885524c0e0ed0db13c81eef44cf0ae00e112c3457fa15db404e37caa59726e7e906158622126d4e5a5b3984d8d5f5ce1c37",,"2022-03-21T15:15:00.000","2","DRIVER","1","1237087",,"JEEP","CHEROKEE","IL","2018","NONE","SPORT UTILITY VEHICLE (SUV)","PERSONAL","N","STRAIGHT AHEAD","Y",,"2",,"OWNER/PRIVATE TOW",,,,,,,,"Y",,,,,,"Y",,"REAR-LEFT",,,,,,,,,,,,,,,,,,,,,,,,,,,,,,,,,
"1302647","c41b74a7b8e1068b07ab6e9e38359885524c0e0ed0db13c81eef44cf0ae00e112c3457fa15db404e37caa59726e7e906158622126d4e5a5b3984d8d5f5ce1c37",,"2022-03-21T15:15:00.000","3","DRIVER",,"1237098",,"JEEP","CHEROKEE","IL","2014","NONE","SPORT UTILITY VEHICLE (SUV)","PERSONAL","N","STRAIGHT AHEAD",,,"1",,,,,,,,,,"Y",,,,,,,,"REAR-LEFT",,,,,,,,,,,,,,,,,,,,,,,,,,,,,,,,,
"1302641","0060b3610e8080f0761bb3c3373fd4880dd6798bc5c15fb82c81728be8603486b68c6064c65ae06fd77cd45df0b64d21543b2edf3acee9ec87b745e071cac2fb",,"2022-03-21T15:12:00.000","1","DRIVER",,"1237067",,"UNKNOWN","OTHER (EXPLAIN IN NARRATIVE)","IL",,"UNKNOWN","PASSENGER","PERSONAL","S","STRAIGHT AHEAD",,,"1",,,,,,,,,,,,,,,,,"Y","TOTAL (ALL AREAS)",,,,,,,,,,,,,,,,,,,,,,,,,,,,,,,,,
"1302642","0060b3610e8080f0761bb3c3373fd4880dd6798bc5c15fb82c81728be8603486b68c6064c65ae06fd77cd45df0b64d21543b2edf3acee9ec87b745e071cac2fb",,"2022-03-21T15:12:00.000","2","DRIVER",,"1237076",,"HONDA","MOTORCYCLE","IL","2019","NONE","MOPED OR MOTORIZED BICYCLE","PERSONAL","S","STRAIGHT AHEAD",,,"1",,,,,"Y","Y",,,,,,,,"N","N",,,"FRONT",,,,,,,,,,,,,,,,,,,,,,,,,,,,,,,,,
"1303065","27ca70bda4b59d23ac664d1000a810428b024b2b6774d2c46a42a73de18af290811dcfe30f6d3b4b1f118a22f0ca6ab8ae961ea3f9e85492f494311d6aa15e9f",,"2022-03-21T15:10:00.000","1","DRIVER","1","1237482",,"INFINITI","OTHER (EXPLAIN IN NARRATIVE)","IL","2008","UNKNOWN","PASSENGER","UNKNOWN/NA","W","BACKING",,,"2",,,,,,,,,,,"Y",,,,,,,"UNKNOWN",,,,,,,,,,,,,,,,,,,,,,,,,,,,,,,,,