"crash_unit_id","crash_record_id","rd_no","crash_date","unit_no","unit_type","num_passengers","vehicle_id","cmrc_veh_i","make","model","lic_plate_state","vehicle_year","vehicle_defect","vehicle_type","vehicle_use","travel_direction","maneuver","towed_i","fire_i","occupant_cnt","exceed_speed_limit_i","towed_by","towed_to","area_00_i","area_01_i","area_02_i","area_03_i","area_04_i","area_05_i","area_06_i","area_07_i","area_08_i","area_09_i","area_10_i","area_11_i","area_12_i","area_99_i","first_contact_point","cmv_id","usdot_no","ccmc_no","ilcc_no","commercial_src","gvwr","carrier_name","carrier_state","carrier_city","hazmat_placards_i","hazmat_name","un_no","hazmat_present_i","hazmat_report_i","hazmat_report_no","mcs_report_i","mcs_report_no","hazmat_vio_cause_crash_i","mcs_vio_cause_crash_i","idot_permit_no","wide_load_i","trailer1_width","trailer2_width","trailer1_length","trailer2_length","total_vehicle_length","axle_cnt","vehicle_config","cargo_body_type","load_type","hazmat_out_of_service_i","mcs_out_of_service_i","hazmat_class"
"1303066","27ca70bda4b59d23ac664d1000a810428b024b2b6774d2c46a42a73de18af290811dcfe30f6d3b4b1f118a22f0ca6ab8ae961ea3f9e85492f494311d6aa15e9f",,"2022-03-21T15:10:00.000","2","DRIVERLESS",,"1237488",,"CHEVROLET","EQUINOX","IL","2018","NONE","PASSENGER","NOT IN USE","N","PARKED",,,"0",,,,,,,,,,,,,"Y",,,,,"ROOF",,,,,,,,,,,,,,,,,,,,,,,,,,,,,,,,,
"1302821","cab5275ca3543976d72e25698655cc015f57a89c478c556828d3f1da3b798a50650057e7967b182d76992d5e4548882bf8f8ed25e6e9d03720c8740c1b602db4",,"2022-03-21T15:10:00.000","1","DRIVER",,"1237240",,"DODGE","RAM 1500 PU","IL","2015","NONE","PICKUP","PERSONAL","E","TURNING RIGHT",,,"1",,,,,,"Y","Y","Y",,,,,,,,,,"SIDE-RIGHT",,,,,,,,,,,,,,,,,,,,,,,,,,,,,,,,,
"1302822","cab5275ca3543976d72e25698655cc015f57a89c478c556828d3f1da3b798a50650057e7967b182d76992d5e4548882bf8f8ed25e6e9d03720c8740c1b602db4",,"2022-03-21T15:10:00.000","2","PARKED",,"1237243",,"CHRYSLER","300","IL","2019","NONE","PASSENGER","PERSONAL","E","PARKED","Y",,"0",,"PRIVATE",,,,,,,,,,,,"Y","Y","Y",,"TOTAL (ALL AREAS)",,,,,,,,,,,,,,,,,,,,,,,,,,,,,,,,,
"1303017","fceb98dbca7afde53366ee1d5fc5d31fe5969a8f661eec72af41245e29925d0af6763dbd42ec0092e0c41a9ee10186e56e4c6b1142cdd6da3694538e1a6eed0b",,"2022-03-21T15:10:00.000","1","DRIVER",,"1237430",,"GENERAL MOTORS CORPORATION (GMC)","OTHER (EXPLAIN IN NARRATIVE)",,,"UNKNOWN","SPORT UTILITY VEHICLE (SUV)","UNKNOWN/NA","N","STRAIGHT AHEAD",,,"1",,,,,,,,,,,,,,,,,"Y","UNKNOWN",,,,,,,,,,,,,,,,,,,,,,,,,,,,,,,,,
"1303018","fceb98dbca7afde53366ee1d5fc5d31fe5969a8f661eec72af41245e29925d0af6763dbd42ec0092e0c41a9ee10186e56e4c6b1142cdd6da3694538e1a6eed0b",,"2022-03-21T15:10:00.000","2","DRIVER",,"1237436",,"SUBARU","OUTBACK","IL","2017","NONE","PASSENGER","PERSONAL","N","STRAIGHT AHEAD",,,"1",,,,,,,,,,,,,"Y",,,,,"ROOF",,,,,,,,,,,,,,,,,,,,,,,,,,,,,,,,,
"1302688","447aa7829b3e6013f34c813744ec91451a9c01183ebec60afcaa0b22e756ee811faf28d4ef6021dd4bda37f0c055b41686227fac6a626d604ba81048edbdefb0",,"2022-03-21T15:00:00.000","1","DRIVER",,"1237119",,"UNKNOWN","OTHER (EXPLAIN IN NARRATIVE)",,,"UNKNOWN","UNKNOWN/NA","UNKNOWN/NA","UNKNOWN","UNKNOWN/NA",,,"1",,,,,,,,,,,,,,,,,"Y","UNKNOWN",,,,,,,,,,,,,,,,,,,,,,,,,,,,,,,,,
"1302689","447aa7829b3e6013f34c813744ec91451a9c01183ebec60afcaa0b22e756ee811faf28d4ef6021dd4bda37f0c055b41686227fac6a626d604ba81048edbdefb0",,"2022-03-21T15:00:00.000","2","PARKED",,"1237124",,"JEEP","CHEROKEE","IL","2012","NONE","SPORT UTILITY VEHICLE (SUV)","NOT IN USE","N","PARKED",,,"0",,,,,,,,"Y","Y",,,,,,,,,"REAR",,,,,,,,,,,,,,,,,,,,,,,,,,,,,,,,,
"1302618","b1dace6e9ac467a099f376b7f3b86e3690ca2aa8d040b9c48b16df3f11b7efab074ba7408a534d9a8e4248e318bd7cdb15da9c3b749b2c4a0c069c5ebd7e22bc",,"2022-03-21T15:00:00.000","1","DRIVER",,"1237048",,"HYUNDAI","OTHER (EXPLAIN IN NARRATIVE)","IL","2014","UNKNOWN","OTHER","UNKNOWN/NA","N","STRAIGHT AHEAD",,,"1",,,,,"N",,,,,,,,,,,"Y",,"OTHER",,,,,,,,,,,,,,,,,,,,,,,,,,,,,,,,,
"1302619","b1dace6e9ac467a099f376b7f3b86e3690ca2aa8d040b9c48b16df3f11b7efab074ba7408a534d9a8e4248e318bd7cdb15da9c3b749b2c4a0c069c5ebd7e22bc",,"2022-03-21T15:00:00.000","2","DRIVER","1","1237053",,"HONDA","HR-V","IL","2017","NONE","OTHER","PERSONAL","N","STRAIGHT AHEAD",,,"2",,,,,,,,,"N","Y",,,,,,,,"REAR-LEFT",,,,,,,,,,,,,,,,,,,,,,,,,,,,,,,,,
"1303119","c6d953b62894cd47b7cdd537b1dff75bc01a17c1bdf05c5dcacb16933ea966998df2a30b1d7699811bd8ce7d5f84b940e30755d5caafe5c1d2ea19c6c2019a2d",,"2022-03-21T15:00:00.000","1","DRIVER",,"1237531",,"UNKNOWN","MOTORIZED",,,"UNKNOWN","UNKNOWN/NA","UNKNOWN/NA","UNKNOWN","UNKNOWN/NA",,,"1",,,,,,,,,,,,,,,,,"Y","UNKNOWN",,,,,,,,,,,,,,,,,,,,,,,,,,,,,,,,,
"1303120","c6d953b62894cd47b7cdd537b1dff75bc01a17c1bdf05c5dcacb16933ea966998df2a30b1d7699811bd8ce7d5f84b940e30755d5caafe5c1d2ea19c6c2019a2d",,"2022-03-21T15:00:00.000","2","PARKED",,"1237538",,"ACURA","TLX","IL",,"UNKNOWN","SPORT UTILITY VEHICLE (SUV)","PERSONAL","UNKNOWN","PARKED",,,"0",,,,,"Y","Y","Y","Y","Y",,,,,,,,,"UNKNOWN",,,,,,,,,,,,,,,,,,,,,,,,,,,,,,,,,
"1302676","f3655fe083f989121a623673aafed6ca5aec5c2a1b468d200e7b1330ae7bb0eb8e1c8545de5eba1f44d11a6fffc6d161e03de7ac15fa1becbe2604af202b3009",,"2022-03-21T15:00:00.000","1","DRIVER",,"1237102",,"JEEP","GRAND CHEROKEE","IL","2019","UNKNOWN","SPORT UTILITY VEHICLE (SUV)","PERSONAL","N","UNKNOWN/NA",,,"1",,,,,"Y",,,,,,,,,,,"Y",,"FRONT",,,,,,,,,,,,,,,,,,,,,,,,,,,,,,,,,
"1302677","f3655fe083f989121a623673aafed6ca5aec5c2a1b468d200e7b1330ae7bb0eb8e1c8545de5eba1f44d11a6fffc6d161e03de7ac15fa1becbe2604af202b3009",,"2022-03-21T15:00:00.000","2","BICYCLE",,,,,,,,,,,,,,,,,,,,,,,,,,,,,,,,,,,,,,,,,,,,,,,,,,,,,,,,,,,,,,,,,,
"1302666","f386d12452e62b8114b225521a625ca43b6a0a91e6f61a91fe343ac56d43d807f197fe71033f3baaa77f6f89fc16f381caa0dceb59f1b41b17d36151539c9a46",,"2022-03-21T15:00:00.000","1","DRIVER",,"1237093",,"TOYOTA","RAV4","IL","2019","UNKNOWN","PASSENGER","PERSONAL","E","STRAIGHT AHEAD",,,"1",,,,,,,,,,,,,,"Y","Y",,,"UNDER CARRIAGE",,,,,,,,,,,,,,,,,,,,,,,,,,,,,,,,,
"1302667","f386d12452e62b8114b225521a625ca43b6a0a91e6f61a91fe343ac56d43d807f197fe71033f3baaa77f6f89fc16f381caa0dceb59f1b41b17d36151539c9a46",,"2022-03-21T15:00:00.000","2","DRIVER",,"1237107",,"INFINITI","M35",,"2007","UNKNOWN","PASSENGER","PERSONAL","S","STRAIGHT AHEAD","Y",,"1",,"unknown","unknown",,"Y","Y",,,,,,,,,,,,"FRONT-RIGHT",,,,,,,,,,,,,,,,,,,,,,,,,,,,,,,,,
"1302622","033df6362274c01ee7cf0e80bbceb4a2ef20bb57b965b1d6850320b518cfc30d35856febf4a07c5f62d7dea1bc903c66688c3459b94a07e82d4965060bf3d810",,"2022-03-21T14:50:00.000","1","DRIVER",,"1237056",,"NISSAN","ALTIMA","IL","2005","UNKNOWN","PASSENGER","PERSONAL","W","STRAIGHT AHEAD","Y",,"1",,,,,"Y",,,,,,,,,,"Y","Y",,"OTHER",,,,,,,,,,,,,,,,,,,,,,,,,,,,,,,,,
"1302623","033df6362274c01ee7cf0e80bbceb4a2ef20bb57b965b1d6850320b518cfc30d35856febf4a07c5f62d7dea1bc903c66688c3459b94a07e82d4965060bf3d810",,"2022-03-21T14:50:00.000","2","DRIVER",,"1237062",,"HYUNDAI","ELANTRA","IL","2015","UNKNOWN","PASSENGER","PERSONAL","W","SLOW/STOP IN TRAFFIC",,,"1",,,,,"Y",,,,"Y","Y","Y",,,,"Y","Y",,"REAR-LEFT",,,,,,,,,,,,,,,,,,,,,,,,,,,,,,,,,
"1302624","033df6362274c01ee7cf0e80bbceb4a2ef20bb57b965b1d6850320b518cfc30d35856febf4a07c5f62d7dea1bc903c66688c3459b94a07e82d4965060bf3d810",,"2022-03-21T14:50:00.000","3","DRIVER",,"1237070",,"JEEP","LIBERTY","IL","2005","UNKNOWN","SPORT UTILITY VEHICLE (SUV)","PERSONAL","W","SLOW/STOP IN TRAFFIC",,,"1",,,,,,,,,"Y","Y","Y",,,,,,,"REAR-LEFT",,,,,,,,,,,,,,,,,,,,,,,,,,,,,,,,,
"1302744","7677e826899093e45e4a98433dba437c992b142d8da136bab4864bf1a624a6c2a5dc6ff2f95a8e9cbf56aaeb719bb47ee4e89f95049da486af0b9d15d74eabad",,"2022-03-21T14:45:00.000","1","DRIVER",,"1237171",,"CHEVROLET","IMPALA","IL","2015","UNKNOWN","UNKNOWN/NA","UNKNOWN/NA","UNKNOWN","UNKNOWN/NA",,,"1",,,,,,,,,,,,,,,,"Y",,"FRONT",,,,,,,,,,,,,,,,,,,,,,,,,,,,,,,,,
"1302745","7677e826899093e45e4a98433dba437c992b142d8da136bab4864bf1a624a6c2a5dc6ff2f95a8e9cbf56aaeb719bb47ee4e89f95049da486af0b9d15d74eabad",,"2022-03-21T14:45:00.000","2","DRIVER",,"1237177",,"PONTIAC","GRAND AM","IL","2003","UNKNOWN","UNKNOWN/NA","UNKNOWN/NA","UNKNOWN","UNKNOWN/NA",,,"1",,,,,,,,,,,,,"Y","Y",,,,"ROOF",,,,,,,,,,,,,,,,,,,,,,,,,,,,,,,,,
"1302614","0dacb7a52570812a41fe60827019ae80c4eee1703566079c0a306402ffcd65f975255930f9ad6c1b5829cb00beb5dc778199f3bc7d9e87b617ec0f63315e2631",,"2022-03-21T14:40:00.000","1","DRIVER","1","1237047",,"HONDA","ACCORD","IL","2011","UNKNOWN","PASSENGER","PERSONAL","N","ENTERING TRAFFIC LANE FROM PARKING",,,"2",,,,,,,,,,,,,,,"Y","N",,"TOTAL (ALL AREAS)",,,,,,,,,,,,,,,,,,,,,,,,,,,,,,,,,
"1302615","0dacb7a52570812a41fe60827019ae80c4eee1703566079c0a306402ffcd65f975255930f9ad6c1b5829cb00beb5dc778199f3bc7d9e87b617ec0f63315e2631",,"2022-03-21T14:40:00.000","2","DRIVER","1","1237063",,"SUBARU","OUTBACK","IL","2019","NONE","PASSENGER","PERSONAL","N","STRAIGHT AHEAD",,,"2",,,,,,"Y","Y",,,,,,,,,,,"SIDE-RIGHT",,,,,,,,,,,,,,,,,,,,,,,,,,,,,,,,,
"1302597","cc48f64d7cd53e5a432dd0992a074214f8ab8c3cfaa49c70426950a3717191499eb426490030e1275199d9c9013e41550e4c24326e463416021900e42dab4297",,"2022-03-21T14:40:00.000","1","DRIVER",,"1237036",,"UNKNOWN","MOTORIZED",,,"UNKNOWN","UNKNOWN/NA","UNKNOWN/NA","N","STRAIGHT AHEAD",,,"1",,,,,,,,,,,,,,,,,,"UNKNOWN",,,,,,,,,,,,,,,,,,,,,,,,,,,,,,,,,
"1302598","cc48f64d7cd53e5a432dd0992a074214f8ab8c3cfaa49c70426950a3717191499eb426490030e1275199d9c9013e41550e4c24326e463416021900e42dab4297",,"2022-03-21T14:40:00.000","2","DRIVER",,"1237038",,"JEEP","WRANGLER","IL","2021","NONE","PASSENGER","PERSONAL","N","STRAIGHT AHEAD",,,"1",,,,,,,,,"Y","Y",,,,,,,,"REAR",,,,,,,,,,,,,,,,,,,,,,,,,,,,,,,,,
"1302739","37f35ffbd9e84d90c68ee4187b170dc9bf8ba9ad8c8cb5f9ee1c3eb1b9777fc3e81f1c0ae95ea4852b7381ad6e3c6907e0101964071b0493a9df6372eeccb106",,"2022-03-21T14:27:00.000","1","DRIVER",,"1237167",,"CHEVROLET","SILVERADO","IL","2004","UNKNOWN","TRUCK - SINGLE UNIT","UNKNOWN/NA","S","BACKING",,,"1",,,,,"N",,,,,,,,,,"N","N","Y","REAR-LEFT",,,,,,,,,,,,,,,,,,,,,,,,,,,,,,,,,
"1302740","37f35ffbd9e84d90c68ee4187b170dc9bf8ba9ad8c8cb5f9ee1c3eb1b9777fc3e81f1c0ae95ea4852b7381ad6e3c6907e0101964071b0493a9df6372eeccb106",,"2022-03-21T14:27:00.000","2","PARKED","1","1237172",,"KIA","FORTE","IL","2021","UNKNOWN","PASSENGER","UNKNOWN/NA","N","PARKED",,,"1",,,,,"Y",,,,,,,,,,"Y","Y",,"OTHER",,,,,,,,,,,,,,,,,,,,,,,,,,,,,,,,,
"1302616","5090623ac750a577fc379ecdfbd01adaee9f72c570e7a7c77b489b1498119f43b66ae8722824355455af5235e72fca2affb2f12607892157d777d8b4d9fa9001",,"2022-03-21T14:26:00.000","1","DRIVER",,"1237049",,"DODGE","CARAVAN","IL","2010","UNKNOWN","VAN/MINI-VAN","PERSONAL","W","STRAIGHT AHEAD",,,"1",,,,,"Y",,,,,,,,,,"Y","Y",,"OTHER",,,,,,,,,,,,,,,,,,,,,,,,,,,,,,,,,
"1302617","5090623ac750a577fc379ecdfbd01adaee9f72c570e7a7c77b489b1498119f43b66ae8722824355455af5235e72fca2affb2f12607892157d777d8b4d9fa9001",,"2022-03-21T14:26:00.000","2","DRIVER",,"1237065",,"HYUNDAI","ACCENT","IL","2019","UNKNOWN","PASSENGER","PERSONAL","W","STRAIGHT AHEAD",,,"1",,,,,,,,,"Y","Y","Y",,,,,,,"REAR-LEFT",,,,,,,,,,,,,,,,,,,,,,,,,,,,,,,,,
"1302686","6a5024b2e65430d5b564322eeaaf9c340ebd7f42a7dc78451ff5546d8972c5c62c150196fd0799669bedc63a87663f442f7a6dc318a873caa49a215a7d253d04",,"2022-03-21T14:25:00.000","1","DRIVER",,"1237123",,"CADILLAC","ESCALADE","IL","2003","UNKNOWN","PICKUP","PERSONAL","N","TURNING LEFT","Y",,"1",,"UNK","UNK",,"Y","Y",,,,,,,,"Y","Y","Y",,"OTHER",,,,,,,,,,,,,,,,,,,,,,,,,,,,,,,,,
"1302687","6a5024b2e65430d5b564322eeaaf9c340ebd7f42a7dc78451ff5546d8972c5c62c150196fd0799669bedc63a87663f442f7a6dc318a873caa49a215a7d253d04",,"2022-03-21T14:25:00.000","2","DRIVER","2","1237134",,"CADILLAC","XT5","IL","2019","UNKNOWN","SPORT UTILITY VEHICLE (SUV)","UNKNOWN/NA","E","STRAIGHT AHEAD","Y",,"3",,"B&R TOWING","CRESTWOOD PD",,"Y","Y","Y","Y","Y",,,,,,,,,"SIDE-RIGHT",,,,,,,,,,,,,,,,,,,,,,,,,,,,,,,,,
"1302660","962b78e6d293f6983c580db9fdf525a6d2e7ada4387d21ecbc4faa08c2215146573cc0183ec3d154788af27deabd66c71c7dc6f09cc530b74becefe91e8cd656",,"2022-03-21T14:25:00.000","1","DRIVER",,"1237092",,"DODGE","400","IL","2010","NONE","PASSENGER","PERSONAL","E","PASSING/OVERTAKING","Y",,"1",,"PRIVATE COMPANY",,,"Y","Y",,,,,,"Y","Y","Y","Y",,,"TOTAL (ALL AREAS)",,,,,,,,,,,,,,,,,,,,,,,,,,,,,,,,,
"1302661","962b78e6d293f6983c580db9fdf525a6d2e7ada4387d21ecbc4faa08c2215146573cc0183ec3d154788af27deabd66c71c7dc6f09cc530b74becefe91e8cd656",,"2022-03-21T14:25:00.000","2","DRIVER","2","1237101",,"FORD","FUSION","IL","2017","NONE","PASSENGER","PERSONAL","E","TURNING RIGHT",,,"3",,,,,"Y","Y","Y","Y","Y",,,,,,,,,"SIDE-RIGHT",,,,,,,,,,,,,,,,,,,,,,,,,,,,,,,,,
"1302578","92bf7d607015532b9f222e78af72626f88be439d6977214e6eef18c35c60ca4d5a1addc0d1d843f8dc5bc7f78f93e2c3cb1c597de6489a35fc5ace1cedaf0a52",,"2022-03-21T14:15:00.000","1","DRIVER","1","1237017",,"KIA","SORENTO","IL","2019","NONE","SPORT UTILITY VEHICLE (SUV)","PERSONAL","N","ENTERING TRAFFIC LANE FROM PARKING",,,"2",,,,,,,,,"Y",,"N",,,,,,,"REAR-RIGHT",,,,,,,,,,,,,,,,,,,,,,,,,,,,,,,,,
"1302579","92bf7d607015532b9f222e78af72626f88be439d6977214e6eef18c35c60ca4d5a1addc0d1d843f8dc5bc7f78f93e2c3cb1c597de6489a35fc5ace1cedaf0a52",,"2022-03-21T14:15:00.000","2","DRIVER",,"1237024",,"HONDA","FIT","IL","2013","NONE","PASSENGER","PERSONAL","S","ENTERING TRAFFIC LANE FROM PARKING",,,"1",,,,,,,,,,,"Y",,,,,,,"FRONT-LEFT",,,,,,,,,,,,,,,,,,,,,,,,,,,,,,,,,
"1302582","57689cea1e467d7b5bdff5aadb397547548257d90a1642c00bdfd675b604bab56ded3123a0e5c4adde1ff7736c31fbf14e5cf7cc94690ba54f1daa01ceaa58fb",,"2022-03-21T14:00:00.000","1","DRIVER",,"1237019",,"HONDA","ACCORD","IL","2019","NONE","PASSENGER","PERSONAL","S","STRAIGHT AHEAD",,,"1",,,,,,,,,,,,,,,"Y",,,"TOTAL (ALL AREAS)",,,,,,,,,,,,,,,,,,,,,,,,,,,,,,,,,
"1302583","57689cea1e467d7b5bdff5aadb397547548257d90a1642c00bdfd675b604bab56ded3123a0e5c4adde1ff7736c31fbf14e5cf7cc94690ba54f1daa01ceaa58fb",,"2022-03-21T14:00:00.000","2","DRIVER",,"1237022",,"UNKNOWN","MOTORIZED","IL","2013","NONE","PASSENGER","PERSONAL","W","STRAIGHT AHEAD",,,"1",,,,"Y",,,,,,,,,,,,,,"NONE",,,,,,,,,,,,,,,,,,,,,,,,,,,,,,,,,
"1302639","7ddfa1f9e2c6fd0351caef9d59be78569b354a9cbd7a9d70614b06208f74dcebc8c9eec5f28ff662c533a534fbec6f6bd9f10602f4ce18df886f7f585628b1f8",,"2022-03-21T14:00:00.000","1","DRIVER",,"1237069",,"HONDA","CIVIC","IL","2003","UNKNOWN","UNKNOWN/NA","UNKNOWN/NA","N","STRAIGHT AHEAD",,,"1",,,,,"Y","Y",,,,,,,,,,,,"FRONT",,,,,,,,,,,,,,,,,,,,,,,,,,,,,,,,,
"1302640","7ddfa1f9e2c6fd0351caef9d59be78569b354a9cbd7a9d70614b06208f74dcebc8c9eec5f28ff662c533a534fbec6f6bd9f10602f4ce18df886f7f585628b1f8",,"2022-03-21T14:00:00.000","2","PARKED",,"1237077",,"FORD","FUSION","IL","2018","UNKNOWN","PASSENGER","PERSONAL","N","PARKED",,,"0",,,,,,,,,,,,,,"Y",,,,"TOTAL (ALL AREAS)",,,,,,,,,,,,,,,,,,,,,,,,,,,,,,,,,
"1302664","8cb350f196bd5dcb116ba9cc2b8a5d7df2847a0548efa4030a3cfeb3967a2764c328ff3b0859575db6b12a9083b6b0804fc5638a543b29bf2a4d8f558a8da7f0",,"2022-03-21T14:00:00.000","1","DRIVER","1","1237096",,"GENERAL MOTORS CORPORATION (GMC)","TERRAIN","IN","2015","NONE","SPORT UTILITY VEHICLE (SUV)","PERSONAL","E","STRAIGHT AHEAD",,,"2",,,,,"Y",,,,,,,,,,,"Y",,"FRONT",,,,,,,,,,,,,,,,,,,,,,,,,,,,,,,,,
"1302665","8cb350f196bd5dcb116ba9cc2b8a5d7df2847a0548efa4030a3cfeb3967a2764c328ff3b0859575db6b12a9083b6b0804fc5638a543b29bf2a4d8f558a8da7f0",,"2022-03-21T14:00:00.000","2","DRIVER","1","1237116",,"PONTIAC","GRAND PRIX","IL","2003","UNKNOWN","PASSENGER","PERSONAL","E","SLOW/STOP IN TRAFFIC","Y",,"2",,,,,,,,,,"Y","Y",,,,,,,"SIDE-LEFT",,,,,,,,,,,,,,,,,,,,,,,,,,,,,,,,,
"1302620","ad05093f8635b236e0798a98676e0aa41d90e9a9a8f846e688512bd9ad8869ca282b24cad9c7530811726cd945f8f04f91feae6ce17218256671aaa9061b4cab",,"2022-03-21T14:00:00.000","1","DRIVER",,"1237052",,"JEEP","JEEP","IL","2018","NONE","PASSENGER","PERSONAL","W","STRAIGHT AHEAD",,,"1",,,,,,,,,"N","N","N",,,,,,"Y","UNKNOWN",,,,,,,,,,,,,,,,,,,,,,,,,,,,,,,,,
"1302621","ad05093f8635b236e0798a98676e0aa41d90e9a9a8f846e688512bd9ad8869ca282b24cad9c7530811726cd945f8f04f91feae6ce17218256671aaa9061b4cab",,"2022-03-21T14:00:00.000","2","DRIVER",,"1237059",,"BUICK","OTHER (EXPLAIN IN NARRATIVE)","IL","2010","NONE","PASSENGER","PERSONAL","W","STRAIGHT AHEAD",,,"1",,,,,,,,,"Y","Y","Y",,,,,,,"REAR-LEFT",,,,,,,,,,,,,,,,,,,,,,,,,,,,,,,,,
"1302611","0f0095071b014df7d39dcf045a6060401fe19a39e22555f2a7332e0d6fe095c350ab28c560d1e427e7e063ac8ec6760bfbc00462bbcbf0ed09e616aff9602d33",,"2022-03-21T13:55:00.000","2","DRIVER",,"1237042",,"TOYOTA","CAMRY","IL","1999","UNKNOWN","PASSENGER","PERSONAL","W","STRAIGHT AHEAD",,,"1",,,,,,,"Y","Y","Y",,,,,,,,,"UNKNOWN",,,,,,,,,,,,,,,,,,,,,,,,,,,,,,,,,
"1302612","0f0095071b014df7d39dcf045a6060401fe19a39e22555f2a7332e0d6fe095c350ab28c560d1e427e7e063ac8ec6760bfbc00462bbcbf0ed09e616aff9602d33",,"2022-03-21T13:55:00.000","1","DRIVER",,"1237044",,"UNKNOWN","OTHER (EXPLAIN IN NARRATIVE)","XX",,"UNKNOWN","OTHER","UNKNOWN/NA","S","STRAIGHT AHEAD",,,"1",,,,,,,,,,,,,,,,,"Y","UNKNOWN",,,,,,,,,,,,,,,,,,,,,,,,,,,,,,,,,
"1302655","cff3e80ed95338873b88b6e77e6da3c6d7c6e8826abf25283999ab6405d55f84bce12e6d24b4de9da169a25f91b341b720727ebae4f34cecdb092f03d76b54fe",,"2022-03-21T13:51:00.000","1","DRIVER",,"1237090",,"CHEVROLET","EQUINOX","IN","2004","NONE","SPORT UTILITY VEHICLE (SUV)","PERSONAL","N","STRAIGHT AHEAD","Y",,"1",,"OWNER","UNKNOWN",,"Y",,,,,,,,,,"Y","Y",,"OTHER",,,,,,,,,,,,,,,,,,,,,,,,,,,,,,,,,
"1302656","cff3e80ed95338873b88b6e77e6da3c6d7c6e8826abf25283999ab6405d55f84bce12e6d24b4de9da169a25f91b341b720727ebae4f34cecdb092f03d76b54fe",,"2022-03-21T13:51:00.000","2","DRIVER",,"1237103",,"FORD","F150","IL","2008","NONE","PICKUP","CONSTRUCTION/MAINTENANCE","N","SLOW/STOP IN TRAFFIC","Y",,"1",,"DRIVER","UNKNOWN",,"Y","Y",,"Y","Y","Y",,"Y",,,,,,"REAR",,,,,,,,,,,,,,,,,,,,,,,,,,,,,,,,,
"1302657","cff3e80ed95338873b88b6e77e6da3c6d7c6e8826abf25283999ab6405d55f84bce12e6d24b4de9da169a25f91b341b720727ebae4f34cecdb092f03d76b54fe",,"2022-03-21T13:51:00.000","3","DRIVER",,"1237111",,"VOLVO","XC60","IL","2012","NONE","SPORT UTILITY VEHICLE (SUV)","PERSONAL","N","SLOW/STOP IN TRAFFIC",,,"1",,,,,,,,,"Y",,,,,,,,,"REAR",,,,,,,,,,,,,,,,,,,,,,,,,,,,,,,,,
"1302562","50bcc48a29751799103a062113084c71edba68c7b5ea4a4bdfa4176fb63ce382f525ecf3fbec5b09ecabe2e5efedaeee2500c3cf8fd77010ce7a8eea7f666936",,"2022-03-21T13:47:00.000","1","DRIVER",,"1237001",,"UNKNOWN","OTHER (EXPLAIN IN NARRATIVE)","XX",,"UNKNOWN","UNKNOWN/NA","UNKNOWN/NA","N","UNKNOWN/NA",,,"1",,,,,,,,,,,,,,,,,"Y","SIDE-RIGHT",,,,,,,,,,,,,,,,,,,,,,,,,,,,,,,,,
"1302563","50bcc48a29751799103a062113084c71edba68c7b5ea4a4bdfa4176fb63ce382f525ecf3fbec5b09ecabe2e5efedaeee2500c3cf8fd77010ce7a8eea7f666936",,"2022-03-21T13:47:00.000","2","PARKED",,"1237004",,"DODGE","DURANGO","IL","2014","NONE","SPORT UTILITY VEHICLE (SUV)","PERSONAL","UNKNOWN","PARKED",,,"0",,,,,"Y","Y","Y","Y","Y",,,,,,,,,"SIDE-RIGHT",,,,,,,,,,,,,,,,,,,,,,,,,,,,,,,,,
"1302574","44e96dc4868b9a189a415af1c4da25a6803d6ee616cb2d673da3819ffd36ec5e2329b72452d2bb0f1ec1c399552ee5dc247e953c8e327c1c1c0db85f26c86f09",,"2022-03-21T13:45:00.000","1","DRIVER",,"1237013",,"KIA","SPORTAGE","IL","2009","NONE","PASSENGER","PERSONAL","W","TURNING LEFT",,,"1",,,,,,,,"Y",,,,,,,,"N",,"REAR-RIGHT",,,,,,,,,,,,,,,,,,,,,,,,,,,,,,,,,
"1302575","44e96dc4868b9a189a415af1c4da25a6803d6ee616cb2d673da3819ffd36ec5e2329b72452d2bb0f1ec1c399552ee5dc247e953c8e327c1c1c0db85f26c86f09",,"2022-03-21T13:45:00.000","2","DRIVER","1","1237023",,"TOYOTA","COROLLA","IL","2009","NONE","PASSENGER","PERSONAL","E","STRAIGHT AHEAD","Y",,"2",,"PRIVATE TOW",,,,,,,,,,,,,,"Y",,"OTHER",,,,,,,,,,,,,,,,,,,,,,,,,,,,,,,,,
"1302648","e8f174cd8b3f186a073e8bf1d0d68380ca4e81953c94e57a26dc957ef8df46144dd58ec630ff9357cd2253f729a238ba2de2e8babda5bdeaa6db5c541cf812c2",,"2022-03-21T13:45:00.000","1","DRIVER",,"1237078",,"SUBARU","IMPREZA","IL","2004","NONE","PASSENGER","PERSONAL","W","U-TURN","Y",,"1",,,,,,,,,,,,"Y","Y","Y","Y",,,"TOTAL (ALL AREAS)",,,,,,,,,,,,,,,,,,,,,,,,,,,,,,,,,
"1302649","e8f174cd8b3f186a073e8bf1d0d68380ca4e81953c94e57a26dc957ef8df46144dd58ec630ff9357cd2253f729a238ba2de2e8babda5bdeaa6db5c541cf812c2",,"2022-03-21T13:45:00.000","2","DRIVER",,"1237084",,"JEEP","WRANGLER","IL","2014","NONE","PASSENGER","PERSONAL","W","STRAIGHT AHEAD",,,"1",,,,,"Y","Y",,,,,,,,,,"Y",,"FRONT",,,,,,,,,,,,,,,,,,,,,,,,,,,,,,,,,