"crash_unit_id","crash_record_id","rd_no","crash_date","unit_no","unit_type","num_passengers","vehicle_id","cmrc_veh_i","make","model","lic_plate_state","vehicle_year","vehicle_defect","vehicle_type","vehicle_use","travel_direction","maneuver","towed_i","fire_i","occupant_cnt","exceed_speed_limit_i","towed_by","towed_to","area_00_i","area_01_i","area_02_i","area_03_i","area_04_i","area_05_i","area_06_i","area_07_i","area_08_i","area_09_i","area_10_i","area_11_i","area_12_i","area_99_i","first_contact_point","cmv_id","usdot_no","ccmc_no","ilcc_no","commercial_src","gvwr","carrier_name","carrier_state","carrier_city","hazmat_placards_i","hazmat_name","un_no","hazmat_present_i","hazmat_report_i","hazmat_report_no","mcs_report_i","mcs_report_no","hazmat_vio_cause_crash_i","mcs_vio_cause_crash_i","idot_permit_no","wide_load_i","trailer1_width","trailer2_width","trailer1_length","trailer2_length","total_vehicle_length","axle_cnt","vehicle_config","cargo_body_type","load_type","hazmat_out_of_service_i","mcs_out_of_service_i","hazmat_class"
"1302884","18a6f5989b8f6541d883ed381e3e95d652dd62a0f1816368a60b6d6916ecd171a8d4fcebbad1587c37862f157edb880b0c275e6d34eba9603b58841e4e9912bd",,"2022-03-21T13:40:00.000","1","DRIVER",,"1237302",,"LEXUS","OTHER (EXPLAIN IN NARRATIVE)","IL","2017","NONE","PASSENGER","UNKNOWN/NA","N","STRAIGHT AHEAD",,,"1",,,,,,,,,,,,,,,,"Y",,"OTHER",,,,,,,,,,,,,,,,,,,,,,,,,,,,,,,,,
"1302885","18a6f5989b8f6541d883ed381e3e95d652dd62a0f1816368a60b6d6916ecd171a8d4fcebbad1587c37862f157edb880b0c275e6d34eba9603b58841e4e9912bd",,"2022-03-21T13:40:00.000","2","DRIVER",,"1237303",,"JEEP","GRAND CHEROKEE","IL","2014","NONE","SPORT UTILITY VEHICLE (SUV)","PERSONAL","N","TURNING RIGHT",,,"1",,,,,,"Y","Y","Y",,,,,,,,,,"SIDE-RIGHT",,,,,,,,,,,,,,,,,,,,,,,,,,,,,,,,,
"1302608","9f019f96d6f915a6054c53f8dfa9b396eb204ae2fd0445cdace97036cabeb161fe27eeec443853169780798350b1f23fc87f17c5b9b4d88bdb9cafc230982631",,"2022-03-21T13:38:00.000","1","DRIVER",,"1237039",,"FORD","F450","IL","2019","UNKNOWN","TRUCK - SINGLE UNIT","OTHER","E","BACKING",,,"1",,,,,,,,,,"Y",,,,,,,,"REAR-LEFT",,,,,,,,,,,,,,,,,,,,,,,,,,,,,,,,,
"1302613","9f019f96d6f915a6054c53f8dfa9b396eb204ae2fd0445cdace97036cabeb161fe27eeec443853169780798350b1f23fc87f17c5b9b4d88bdb9cafc230982631",,"2022-03-21T13:38:00.000","2","PARKED",,"1237045",,"TOYOTA","OTHER (EXPLAIN IN NARRATIVE)","IL",,"OTHER","UNKNOWN/NA","UNKNOWN/NA","E","PARKED",,,"0",,,,,,,,,,,,,,,,"Y",,"OTHER",,,,,,,,,,,,,,,,,,,,,,,,,,,,,,,,,
"1302576","9e16318367fc7b2106d2c266f953e1b1718ad64f5671cfcff8b612de9df0c3478d9c3ed739c7bf2089d07dec8cc5e4d44c252c0b4de2608bad9cb22e4fb95806",,"2022-03-21T13:20:00.000","1","DRIVER",,"1237012",,"HYUNDAI","ELANTRA","IL","2015","UNKNOWN","PASSENGER","PERSONAL","E","TURNING RIGHT",,,"1",,,,"Y","N","Y","Y",,,,,,,,,,,"SIDE-RIGHT",,,,,,,,,,,,,,,,,,,,,,,,,,,,,,,,,
"1302577","9e16318367fc7b2106d2c266f953e1b1718ad64f5671cfcff8b612de9df0c3478d9c3ed739c7bf2089d07dec8cc5e4d44c252c0b4de2608bad9cb22e4fb95806",,"2022-03-21T13:20:00.000","2","DRIVER",,"1237014","N","UNKNOWN","OTHER (EXPLAIN IN NARRATIVE)","IL",,"UNKNOWN","BUS UP TO 15 PASS.","CTA","E","STRAIGHT AHEAD",,,"1",,,,"Y",,,,,,,,,,,"Y",,,"TOTAL (ALL AREAS)",,,,,,,,,,,,,,,,,,,,,,,,,,,,,,,,,
"1302572","706640333ad72bfdf252a1ce2c3f93bdde0f185aae85bbc74a559772d0c085de4a8d3d0378fa96acf9b8f4ba1fcff82eff463b445fdcf254d2a33b4466623707",,"2022-03-21T13:15:00.000","1","DRIVER",,"1237010",,"TOYOTA","4RUNNER","IL","2011","NONE","PASSENGER","PERSONAL","W","BACKING",,,"1",,,,,,,,,,,,,,,,,"Y","REAR-LEFT",,,,,,,,,,,,,,,,,,,,,,,,,,,,,,,,,
"1302573","706640333ad72bfdf252a1ce2c3f93bdde0f185aae85bbc74a559772d0c085de4a8d3d0378fa96acf9b8f4ba1fcff82eff463b445fdcf254d2a33b4466623707",,"2022-03-21T13:15:00.000","2","DRIVER",,"1237020",,"TOYOTA","CAMRY","IL","2013","NONE","PASSENGER","RIDESHARE SERVICE","S","SLOW/STOP IN TRAFFIC",,,"1",,,,,,,,,,,"Y","Y",,,,,,"SIDE-LEFT",,,,,,,,,,,,,,,,,,,,,,,,,,,,,,,,,
"1302558","d7a0fa8fad92d092c476ac500be056900bc84c463c3c9c5ffc72f2edd03445570d1b3ee8029472fc6490af54a674680d8c5790512c090a27e234dc5380ca7f5d",,"2022-03-21T13:15:00.000","1","DRIVER",,"1236993",,"NISSAN","ALTIMA","IL","2005","UNKNOWN","PASSENGER","PERSONAL","E","STRAIGHT AHEAD","Y",,"1",,"PRIVATE TOW",,,,,,,,,,"Y",,"Y","Y",,,"ROOF",,,,,,,,,,,,,,,,,,,,,,,,,,,,,,,,,
"1302549","f4147e53d7f26b917eecbf73299187c13b5978a0c82bacfe2fb8a9c17ca064b095e0e1b5c839ef504ef6665177782d19aa6f42dc2a7ada892c2007324ef53466",,"2022-03-21T13:15:00.000","1","DRIVER",,"1236991",,"TOYOTA","COROLLA","IL","2017","UNKNOWN","PASSENGER","PERSONAL","N","STRAIGHT AHEAD",,,"1",,,,,,,,,,,,,,,,"Y",,"OTHER",,,,,,,,,,,,,,,,,,,,,,,,,,,,,,,,,
"1302550","f4147e53d7f26b917eecbf73299187c13b5978a0c82bacfe2fb8a9c17ca064b095e0e1b5c839ef504ef6665177782d19aa6f42dc2a7ada892c2007324ef53466",,"2022-03-21T13:15:00.000","2","DRIVER",,"1236998",,"MERCEDES-BENZ","CLK320","IL","2008","UNKNOWN","PASSENGER","PERSONAL","N","STRAIGHT AHEAD",,,"1",,,,,,,,,,"Y",,,,,,,,"REAR-LEFT",,,,,,,,,,,,,,,,,,,,,,,,,,,,,,,,,
"1302591","84014791195597e6e7f6dbaf18b153de39e708b8958f83e60b3587bb08c3e76a1f28af3cb3ba58ee4b0902735c6b146039f74685bb5bee85375cdc0f3fce1867",,"2022-03-21T13:00:00.000","1","DRIVER",,"1237080",,"HONDA","CR-V","IL","2019","NONE","SPORT UTILITY VEHICLE (SUV)","PERSONAL","N","PASSING/OVERTAKING",,,"1",,,,,"Y","Y","Y","Y","Y",,,,,,,,,"SIDE-RIGHT",,,,,,,,,,,,,,,,,,,,,,,,,,,,,,,,,
"1302592","84014791195597e6e7f6dbaf18b153de39e708b8958f83e60b3587bb08c3e76a1f28af3cb3ba58ee4b0902735c6b146039f74685bb5bee85375cdc0f3fce1867",,"2022-03-21T13:00:00.000","2","DRIVER",,"1237143",,"FORD","TRANSIT","IL","2020","NONE","TRUCK - SINGLE UNIT","NOT IN USE","N","STRAIGHT AHEAD",,,"1",,,,,,,,,,"Y","Y","Y",,,,,,"SIDE-LEFT",,,,,,,,,,,,,,,,,,,,,,,,,,,,,,,,,
"1302568","9cdff916e212b74068af26b7d811b08417dd174611b5224ef55b5807f874361e793141d4ac1c5db85d41d0a0b10f299ab132642827f137582bf70e8538559487",,"2022-03-21T13:00:00.000","1","DRIVER",,"1237002",,"UNKNOWN","MOTORIZED",,,"UNKNOWN","PASSENGER","UNKNOWN/NA","S","PASSING/OVERTAKING",,,"1",,,,,,,,"Y","Y",,,,,,,,,"REAR-RIGHT",,,,,,,,,,,,,,,,,,,,,,,,,,,,,,,,,
"1302569","9cdff916e212b74068af26b7d811b08417dd174611b5224ef55b5807f874361e793141d4ac1c5db85d41d0a0b10f299ab132642827f137582bf70e8538559487",,"2022-03-21T13:00:00.000","2","DRIVER",,"1237006",,"CHEVROLET","EQUINOX","IL","2019","NONE","PASSENGER","PERSONAL","S","STRAIGHT AHEAD",,,"1",,,,,,,,,,,,,,,"Y",,,"TOTAL (ALL AREAS)",,,,,,,,,,,,,,,,,,,,,,,,,,,,,,,,,
"1302543","1c6c8e77bd6a30d79b1195875c0dffad398deef0efc08d6f1b41a98cf53ad9cc18e72bee98d069ef1c245ab30f9d831a60584c064e6909323565218c2797a2a2",,"2022-03-21T12:50:00.000","1","DRIVER",,"1236980",,"UNKNOWN","OTHER (EXPLAIN IN NARRATIVE)","IL",,"UNKNOWN","VAN/MINI-VAN","UNKNOWN/NA","S","PASSING/OVERTAKING",,,"1",,,,,,,,,,,,,,,,,"Y","UNKNOWN",,,,,,,,,,,,,,,,,,,,,,,,,,,,,,,,,
"1302544","1c6c8e77bd6a30d79b1195875c0dffad398deef0efc08d6f1b41a98cf53ad9cc18e72bee98d069ef1c245ab30f9d831a60584c064e6909323565218c2797a2a2",,"2022-03-21T12:50:00.000","2","PARKED",,"1236981",,"FORD","TRANSIT","IL","2018","NONE","VAN/MINI-VAN","COMMERCIAL - SINGLE UNIT","S","PARKED IN TRAFFIC LANE",,,"0",,,,,,,,,,,,,,"Y",,,,"ROOF",,,,,,,,,,,,,,,,,,,,,,,,,,,,,,,,,
"1302545","057a0e733c954b63d3b5014ccf7ba7bfb8d1aaffc79280836a58cf46cc79052a9a7b7b11ba95060df3ab1001f55b6a137484130cbc9f4f27ee89ae45bc57d36d",,"2022-03-21T12:40:00.000","1","DRIVER",,"1236983",,"NISSAN","OTHER (EXPLAIN IN NARRATIVE)","IL",,"UNKNOWN","UNKNOWN/NA","UNKNOWN/NA","UNKNOWN","TURNING LEFT",,,"1",,,,,,,,,,,,,,,,,"Y","OTHER",,,,,,,,,,,,,,,,,,,,,,,,,,,,,,,,,
"1302546","057a0e733c954b63d3b5014ccf7ba7bfb8d1aaffc79280836a58cf46cc79052a9a7b7b11ba95060df3ab1001f55b6a137484130cbc9f4f27ee89ae45bc57d36d",,"2022-03-21T12:40:00.000","2","PARKED",,"1236988",,"KIA","SELTOS","IL","2022","NONE","PASSENGER","PERSONAL","UNKNOWN","PARKED",,,"0",,,,,,,,,"Y","Y",,,,,,,,"REAR",,,,,,,,,,,,,,,,,,,,,,,,,,,,,,,,,
"1302539","d896c9f5edaef486d0f175d79d692d930c8156935c702b030bdc0262a23e6bbab1d428d6e476491c2bdbd73c28253bdde9f0933e3f3cfdd78f45c05589e19b3c",,"2022-03-21T12:40:00.000","1","DRIVER",,"1236977",,"PONTIAC","TORRENT","IL",,"UNKNOWN","PASSENGER","PERSONAL","N","STRAIGHT AHEAD",,,"1",,,,,,,,,,,,,,,,"Y",,"OTHER",,,,,,,,,,,,,,,,,,,,,,,,,,,,,,,,,
"1302540","d896c9f5edaef486d0f175d79d692d930c8156935c702b030bdc0262a23e6bbab1d428d6e476491c2bdbd73c28253bdde9f0933e3f3cfdd78f45c05589e19b3c",,"2022-03-21T12:40:00.000","2","DRIVER",,"1236986",,"FORD","FOCUS","IL",,"UNKNOWN","PASSENGER","PERSONAL","W","STRAIGHT AHEAD",,,"1",,,,,,,,,,,,,"Y","N",,,,"ROOF",,,,,,,,,,,,,,,,,,,,,,,,,,,,,,,,,
"1302547","ef5713de31238016cce57e636ce68ff98479b811a2aae3023a4bc7bb63a678cc0e9f99c3620d4062520f0f1104a120e22f768262987bedb5bc3b1e46fde3a41d",,"2022-03-21T12:40:00.000","1","DRIVER",,"1236987",,"CHEVROLET","MALIBU","IL","2011","UNKNOWN","PASSENGER","PERSONAL","W","STRAIGHT AHEAD","Y",,"1",,"UNKNOWN","UNKNOWN",,"Y",,,,,,,,,,"Y","Y",,"OTHER",,,,,,,,,,,,,,,,,,,,,,,,,,,,,,,,,
"1302548","ef5713de31238016cce57e636ce68ff98479b811a2aae3023a4bc7bb63a678cc0e9f99c3620d4062520f0f1104a120e22f768262987bedb5bc3b1e46fde3a41d",,"2022-03-21T12:40:00.000","2","DRIVER","1","1236989",,"HONDA","PILOT","IL","2008","UNKNOWN","SPORT UTILITY VEHICLE (SUV)","PERSONAL","W","SLOW/STOP IN TRAFFIC",,,"2",,,,,,,,,"Y",,"Y",,,,,,,"REAR-LEFT",,,,,,,,,,,,,,,,,,,,,,,,,,,,,,,,,
"1302586","29605573c80f693ebb3773a3b209127f60830b204f2b19c2e4d6034955de6cfe81aa760f62798efa6f27d2dd1097efd98082688da3bb94686dab31bc324da33d",,"2022-03-21T12:35:00.000","1","DRIVER",,"1237041",,"TOYOTA","COROLLA","IL","2016","UNKNOWN","PASSENGER","UNKNOWN/NA","E","PASSING/OVERTAKING",,,"1",,,,,"Y",,,,,,,,,,,,,"FRONT",,,,,,,,,,,,,,,,,,,,,,,,,,,,,,,,,
"1302587","29605573c80f693ebb3773a3b209127f60830b204f2b19c2e4d6034955de6cfe81aa760f62798efa6f27d2dd1097efd98082688da3bb94686dab31bc324da33d",,"2022-03-21T12:35:00.000","2","DRIVER",,"1237028",,"MERCEDES-BENZ","GLE","IL","2017","UNKNOWN","PASSENGER","PERSONAL","E","LEAVING TRAFFIC LANE TO PARK",,,"1",,,,,,,,,,,,"Y","Y","Y",,,,"ROOF",,,,,,,,,,,,,,,,,,,,,,,,,,,,,,,,,
"1302570","7ee31526fcb590a574d9503b3fdfa810cd0963feeccdca32e0850340370a2f35a74f7d669c927660c603e722bde386bfb9fe1c8b1aadee61f7708060b1ce3efb",,"2022-03-21T12:35:00.000","1","DRIVER",,"1237007",,"HYUNDAI","SONATA","IL","2011","NONE","PASSENGER","PERSONAL","W","TURNING LEFT",,,"1",,,,,"Y",,,,,,,,,,"Y","Y",,"OTHER",,,,,,,,,,,,,,,,,,,,,,,,,,,,,,,,,
"1302571","7ee31526fcb590a574d9503b3fdfa810cd0963feeccdca32e0850340370a2f35a74f7d669c927660c603e722bde386bfb9fe1c8b1aadee61f7708060b1ce3efb",,"2022-03-21T12:35:00.000","2","DRIVER",,"1237009",,"LEXUS","ES350","IL","2015","NONE","PASSENGER","PERSONAL","E","TURNING LEFT",,,"1",,,,,"Y",,,,,,,,,,"Y","Y",,"OTHER",,,,,,,,,,,,,,,,,,,,,,,,,,,,,,,,,
"1302708","e4d8934d039ce03280d553a613f84045a127f17250ac763e4918dd41681c29c811a1f912f3c49e2302896da0f99cc940a5016489ecdec3f5c7c22ae80b066b25",,"2022-03-21T12:30:00.000","1","DRIVER",,"1237132",,"CHEVROLET","ASTRO","IL","2003","UNKNOWN","VAN/MINI-VAN","UNKNOWN/NA","S","BACKING",,,"1",,,,,,,,,"Y","N","N",,,,,,,"REAR-RIGHT",,,,,,,,,,,,,,,,,,,,,,,,,,,,,,,,,
"1302709","e4d8934d039ce03280d553a613f84045a127f17250ac763e4918dd41681c29c811a1f912f3c49e2302896da0f99cc940a5016489ecdec3f5c7c22ae80b066b25",,"2022-03-21T12:30:00.000","2","DRIVER",,"1237146",,"FORD","EXPLORER","IL","2008","UNKNOWN","SPORT UTILITY VEHICLE (SUV)","UNKNOWN/NA","N","SLOW/STOP IN TRAFFIC",,,"1",,,,,,,,,,,,,,,"Y",,,"UNDER CARRIAGE",,,,,,,,,,,,,,,,,,,,,,,,,,,,,,,,,
"1302741","021996b50df739f3e6cc62d5c0fe896475e0aa9d0d444f099dd352a45c45c4c7114f69394a0f94f10bd148e734448f16bd0737eb06ded364d9aeca3bb381054b",,"2022-03-21T12:15:00.000","1","DRIVER",,"1237161",,"UNKNOWN","OTHER (EXPLAIN IN NARRATIVE)",,,"UNKNOWN","UNKNOWN/NA","UNKNOWN/NA","UNKNOWN","UNKNOWN/NA",,,"1",,,,,,,,,,,,,,,,,"Y","UNKNOWN",,,,,,,,,,,,,,,,,,,,,,,,,,,,,,,,,
"1302742","021996b50df739f3e6cc62d5c0fe896475e0aa9d0d444f099dd352a45c45c4c7114f69394a0f94f10bd148e734448f16bd0737eb06ded364d9aeca3bb381054b",,"2022-03-21T12:15:00.000","2","PARKED",,"1237165",,"NISSAN","ROGUE","IL","2017","UNKNOWN","PASSENGER","NOT IN USE","UNKNOWN","PARKED",,,"0",,,,,,,,,,,"Y",,,,,,,"SIDE-LEFT",,,,,,,,,,,,,,,,,,,,,,,,,,,,,,,,,
"1302541","b1e0dde0f8a98cf787ce58d1a3e56815ec402fa4f4a1856d99e7149694589933e20b0decbcc5ce435670e9e9ab964eafc8e2d9cc4fa984e0425732bb69f0cb7d",,"2022-03-21T12:15:00.000","1","DRIVER",,"1236978",,"HONDA","CR-V","IL","1999","UNKNOWN","PASSENGER","PERSONAL","E","STRAIGHT AHEAD","Y",,"1",,"owner","unk",,"Y",,,,,,,,,,,,,"FRONT",,,,,,,,,,,,,,,,,,,,,,,,,,,,,,,,,
"1302542","b1e0dde0f8a98cf787ce58d1a3e56815ec402fa4f4a1856d99e7149694589933e20b0decbcc5ce435670e9e9ab964eafc8e2d9cc4fa984e0425732bb69f0cb7d",,"2022-03-21T12:15:00.000","2","PARKED",,"1236984",,"AUTOCAR","AUTOCAR","IL","2019","UNKNOWN","OTHER","OTHER","UNKNOWN","PARKED",,,"0",,,,,,,,,,,"Y",,,,,,,"FRONT-LEFT",,,,,,,,,,,,,,,,,,,,,,,,,,,,,,,,,
"1303364","682a16789a9546934a092d686f6b1824bbc0accdf075e2415c867898889de8d645f2778cc9b5be1fc7817327dd5604e58590d943a26c9c5cfe7c44a3e6e59226",,"2022-03-21T12:00:00.000","1","DRIVER",,"1237773",,"UNKNOWN","OTHER (EXPLAIN IN NARRATIVE)",,,"UNKNOWN","UNKNOWN/NA","UNKNOWN/NA","UNKNOWN","UNKNOWN/NA",,,"1",,,,,,,,,,,,,,,,,"Y","UNKNOWN",,,,,,,,,,,,,,,,,,,,,,,,,,,,,,,,,
"1303365","682a16789a9546934a092d686f6b1824bbc0accdf075e2415c867898889de8d645f2778cc9b5be1fc7817327dd5604e58590d943a26c9c5cfe7c44a3e6e59226",,"2022-03-21T12:00:00.000","2","PARKED",,"1237777",,"ACURA","ILX","IL","2020","UNKNOWN","PASSENGER","PERSONAL","UNKNOWN","PARKED",,,"0",,,,,,,,,,"Y","Y","Y",,,,,,"FRONT-LEFT",,,,,,,,,,,,,,,,,,,,,,,,,,,,,,,,,
"1302765","dbec6835c1d5c47d74f06998b07c5370b5ab88d1b8026a7dd7ef09db5f303cce9380a995258b7274ff246de74a16af00f9efd3bd00a5efb1ae717125b32d0d6a",,"2022-03-21T12:00:00.000","1","DRIVER",,"1237189",,"BUICK","ENCORE","IL","2018","UNKNOWN","PASSENGER","UNKNOWN/NA","W","PASSING/OVERTAKING",,,"1",,,,,"Y",,,,,,,,,,,,,"FRONT",,,,,,,,,,,,,,,,,,,,,,,,,,,,,,,,,
"1302766","dbec6835c1d5c47d74f06998b07c5370b5ab88d1b8026a7dd7ef09db5f303cce9380a995258b7274ff246de74a16af00f9efd3bd00a5efb1ae717125b32d0d6a",,"2022-03-21T12:00:00.000","2","DRIVER",,"1237207",,"CHEVROLET","MALIBU","IN",,"UNKNOWN","PASSENGER","PERSONAL","W","STRAIGHT AHEAD",,,"1",,,,,,,,,,,,,,,"Y",,,"TOTAL (ALL AREAS)",,,,,,,,,,,,,,,,,,,,,,,,,,,,,,,,,
"1302559","7fa1b573ed770211007750ca846b55efc7fbfd2ddfa03460e21b44721a930c41d8f4a06d41270a0994fba407aaf827621c61b9b066eeddf67a211b11c54f002f",,"2022-03-21T11:59:00.000","1","DRIVER",,"1236995",,"PONTIAC","GRAND AM","IL","2004","NONE","PASSENGER","PERSONAL","S","PASSING/OVERTAKING","Y",,"1",,"personal choice","owner's choice",,"Y",,,,,,,,,,"Y","Y",,"OTHER",,,,,,,,,,,,,,,,,,,,,,,,,,,,,,,,,
"1302560","7fa1b573ed770211007750ca846b55efc7fbfd2ddfa03460e21b44721a930c41d8f4a06d41270a0994fba407aaf827621c61b9b066eeddf67a211b11c54f002f",,"2022-03-21T11:59:00.000","2","DRIVER",,"1237003",,"AUDI","A6","IL","2009","NONE","PASSENGER","PERSONAL","E","TURNING LEFT","Y",,"1",,"owner's choice","owner's choice",,,,,,,,,,,,"Y","Y",,"TOTAL (ALL AREAS)",,,,,,,,,,,,,,,,,,,,,,,,,,,,,,,,,
"1302566","9fd22bb5c1bf81158c16c5c1c3a0b69b423ca5e4a72ed04ed697dd2a87da9c6769829575c76c4a4980a6337accc2c19f2d27428192aa64937c183c794dc8f29d",,"2022-03-21T11:50:00.000","1","DRIVER",,"1237008",,"TOYOTA","COROLLA","IL","2012","UNKNOWN","PASSENGER","UNKNOWN/NA","W","PASSING/OVERTAKING",,,"1",,,,,"Y",,,,,,,,,,,,,"FRONT",,,,,,,,,,,,,,,,,,,,,,,,,,,,,,,,,
"1302567","9fd22bb5c1bf81158c16c5c1c3a0b69b423ca5e4a72ed04ed697dd2a87da9c6769829575c76c4a4980a6337accc2c19f2d27428192aa64937c183c794dc8f29d",,"2022-03-21T11:50:00.000","2","PARKED",,"1237011",,"HONDA","ACCORD","IL","2014","UNKNOWN","PASSENGER","PERSONAL","E","PARKED",,,"0",,,,,"Y",,,,,,,,,,,,,"FRONT",,,,,,,,,,,,,,,,,,,,,,,,,,,,,,,,,
"1303234","aeff3f33277b97038e8a53a4084f3f8bc6e470b49e4f2eec09a12b030e934a957c6f65342d8780f04a8ae17c1a8cbf15a475f1f2bdbd1db7db0f2bbfb153d7f7",,"2022-03-21T11:20:00.000","1","DRIVER",,"1237652",,"NISSAN","SENTRA","IL","2020","NONE","PASSENGER","PERSONAL","E","STRAIGHT AHEAD",,,"1",,,,,,,,,,,,,,,,,,"OTHER",,,,,,,,,,,,,,,,,,,,,,,,,,,,,,,,,
"1303235","aeff3f33277b97038e8a53a4084f3f8bc6e470b49e4f2eec09a12b030e934a957c6f65342d8780f04a8ae17c1a8cbf15a475f1f2bdbd1db7db0f2bbfb153d7f7",,"2022-03-21T11:20:00.000","2","DRIVER",,"1237648",,"CHEVROLET","CRUZE","IL","2016","NONE","PASSENGER","PERSONAL","E","SLOW/STOP IN TRAFFIC",,,"1",,,,,,,,,"Y","Y","Y",,,,,,,"REAR-LEFT",,,,,,,,,,,,,,,,,,,,,,,,,,,,,,,,,
"1302995","6ea5aa7fbbe5699429091de2eec282b2953f681708a64b9598248ddceabac3d3bf2ea0e3697eaae6bc8a7a499370aff3247594e965b5349c90e3bd21341c67ba",,"2022-03-21T11:09:00.000","1","DRIVER",,"1237415",,"FORD","FUSION","VA","2020","UNKNOWN","PASSENGER","UNKNOWN/NA","S","TURNING LEFT",,,"1",,,,,,,,,,,,,,,,,"Y","FRONT",,,,,,,,,,,,,,,,,,,,,,,,,,,,,,,,,
"1302996","6ea5aa7fbbe5699429091de2eec282b2953f681708a64b9598248ddceabac3d3bf2ea0e3697eaae6bc8a7a499370aff3247594e965b5349c90e3bd21341c67ba",,"2022-03-21T11:09:00.000","2","PEDESTRIAN",,,,,,,,,,,,,,,,,,,,,,,,,,,,,,,,,,,,,,,,,,,,,,,,,,,,,,,,,,,,,,,,,,
"1302650","2080bfb2f963144d83e5df8a6ba1f4a0a5149ff18cba35850ca4945135148a2fc6ba8c87d2b6949856f120dbb72913170dee8d8bf9c21befac51e26fbddc4542",,"2022-03-21T11:00:00.000","1","DRIVER",,"1237086","Y","FREIGHTLINER CORPORATION","OTHER (EXPLAIN IN NARRATIVE)","IN","2018","NONE","TRUCK - SINGLE UNIT","UNKNOWN/NA","W","STRAIGHT AHEAD",,,"1",,,,,,,,,"Y","Y","Y","Y",,,,"Y",,,"14274","327574",,,"DRIVER","2","PENSKE","IL","BEDFORD PARK",,,,"N","N",,"N",,"N","U",,,,,,,"26","2","TRUCK/TRAILER","VAN/ENCLOSED BOX","OTHER","N","N",
"1302495","2deb9b4b81a6165450b7352e0b9d888c1b651400500e875cdd9419ca2b3e92ad36aae95f19b23956018c9fb5c7c4711757a58bcb94662144c6c40a3e7ed773d2",,"2022-03-21T11:00:00.000","1","DRIVER",,"1236933","Y","FREIGHTLINER CORPORATION","FREIGHTLINER CORP.","IN","2019","NONE","TRUCK - SINGLE UNIT","OTHER","N","STRAIGHT AHEAD",,,"1",,,,,,,,,,,,,"Y",,,,,"ROOF","14272","731783",,,"SIDE OF TRUCK","2","HASSETT EXPRESS LLC","IL","OAKBROOK TERRACE",,,,,,,,,,,,,,,,,,,"SINGLE UNIT TRUCK, 2 AXLES, 6 TIRES","VAN/ENCLOSED BOX","OTHER",,,
"1302496","2deb9b4b81a6165450b7352e0b9d888c1b651400500e875cdd9419ca2b3e92ad36aae95f19b23956018c9fb5c7c4711757a58bcb94662144c6c40a3e7ed773d2",,"2022-03-21T11:00:00.000","2","DRIVER",,"1236942","Y","FREIGHTLINER CORPORATION","FREIGHTLINER CORP.","IN","2007","NONE","TRACTOR W/ SEMI-TRAILER","COMMERCIAL - SINGLE UNIT","N","BACKING",,,"1",,,,,,"Y",,,,,,,,,,,,"SIDE-RIGHT","14273",,,,,,"TWO RIVERS TRUCKING","NB","OMAHA",,,,,,,,,,,,,,,,,"65","5","TRACTOR/SEMI-TRAILER","VAN/ENCLOSED BOX","OTHER",,,
"1302746","3ca96295114a15f4457f41a2cd74b2d44912aeb5807b56bba34f3f255628a189a1c14c06022dd60f98c677f4d4d83d97bc2ae0e8cfb87841759190d245adcf99",,"2022-03-21T11:00:00.000","1","DRIVER",,"1237170",,"LIFT TRUCK, INC.","LIFT TRUCK, INC.","AZ",,"NONE","TRUCK - SINGLE UNIT","COMMERCIAL - SINGLE UNIT","E","STRAIGHT AHEAD",,,"1",,,,,,,,,,,,,,"Y",,,,"UNDER CARRIAGE",,,,,,,,,,,,,,,,,,,,,,,,,,,,,,,,,
"1302747","3ca96295114a15f4457f41a2cd74b2d44912aeb5807b56bba34f3f255628a189a1c14c06022dd60f98c677f4d4d83d97bc2ae0e8cfb87841759190d245adcf99",,"2022-03-21T11:00:00.000","2","DRIVER",,"1237174",,"MERCEDES-BENZ","A-CLASS",,"2019","NONE","PASSENGER","PERSONAL","E","STRAIGHT AHEAD",,,"1",,,,,"Y","Y","Y","Y",,,,,,,,,,"SIDE-RIGHT",,,,,,,,,,,,,,,,,,,,,,,,,,,,,,,,,
"1302509","9250e4c7082d3adaf2aa0e743fdfe0de05ba9337d2e7a0e5075ccb38a6b1679fca6678c2780a26a674fb6e0c0ce5bf74b25d4f980adca2caa2b45d218e3080cf",,"2022-03-21T11:00:00.000","1","DRIVER",,"1236952",,"GENERAL MOTORS CORPORATION (GMC)","SIERRA","IN","2013","UNKNOWN","UNKNOWN/NA","UNKNOWN/NA","N","ENTERING TRAFFIC LANE FROM PARKING",,,"1",,,,,,,,,,,,,,,,,"Y","TOTAL (ALL AREAS)",,,,,,,,,,,,,,,,,,,,,,,,,,,,,,,,,
"1302510","9250e4c7082d3adaf2aa0e743fdfe0de05ba9337d2e7a0e5075ccb38a6b1679fca6678c2780a26a674fb6e0c0ce5bf74b25d4f980adca2caa2b45d218e3080cf",,"2022-03-21T11:00:00.000","2","DRIVER","1","1236948",,"HONDA","CIVIC","IL","2019","UNKNOWN","PASSENGER","PERSONAL","N","STRAIGHT AHEAD",,,"2",,,,,,"Y","Y","Y",,,,,,,,,,"SIDE-RIGHT",,,,,,,,,,,,,,,,,,,,,,,,,,,,,,,,,