"crash_unit_id","crash_record_id","rd_no","crash_date","unit_no","unit_type","num_passengers","vehicle_id","cmrc_veh_i","make","model","lic_plate_state","vehicle_year","vehicle_defect","vehicle_type","vehicle_use","travel_direction","maneuver","towed_i","fire_i","occupant_cnt","exceed_speed_limit_i","towed_by","towed_to","area_00_i","area_01_i","area_02_i","area_03_i","area_04_i","area_05_i","area_06_i","area_07_i","area_08_i","area_09_i","area_10_i","area_11_i","area_12_i","area_99_i","first_contact_point","cmv_id","usdot_no","ccmc_no","ilcc_no","commercial_src","gvwr","carrier_name","carrier_state","carrier_city","hazmat_placards_i","hazmat_name","un_no","hazmat_present_i","hazmat_report_i","hazmat_report_no","mcs_report_i","mcs_report_no","hazmat_vio_cause_crash_i","mcs_vio_cause_crash_i","idot_permit_no","wide_load_i","trailer1_width","trailer2_width","trailer1_length","trailer2_length","total_vehicle_length","axle_cnt","vehicle_config","cargo_body_type","load_type","hazmat_out_of_service_i","mcs_out_of_service_i","hazmat_class"
"1302476","c1f3b615afa37c0aa5bc899d414c2d3d5234ba7d789340ebc58a84eaed6309c8ec070cb2c6c2f897e56d841454c1b5cd765435a62f5b5268d2df2997cf12c610",,"2022-03-21T11:00:00.000","1","DRIVER",,"1236920",,"CHEVROLET","IMPALA","IL","2006","UNKNOWN","PASSENGER","PERSONAL","S","LEAVING TRAFFIC LANE TO PARK",,,"1",,,,,,,,,,,,,,,,,"Y","FRONT-RIGHT",,,,,,,,,,,,,,,,,,,,,,,,,,,,,,,,,
"1302477","c1f3b615afa37c0aa5bc899d414c2d3d5234ba7d789340ebc58a84eaed6309c8ec070cb2c6c2f897e56d841454c1b5cd765435a62f5b5268d2df2997cf12c610",,"2022-03-21T11:00:00.000","2","PARKED",,"1236925",,"CHRYSLER","PACIFICA","IL","2005","NONE","PASSENGER","PERSONAL","S","PARKED",,,"0",,,,,,,,,,,,,,,"Y",,,"TOTAL (ALL AREAS)",,,,,,,,,,,,,,,,,,,,,,,,,,,,,,,,,
"1303219","d6fc7a7494a699a5702bbd6111e5a85e608bf6f1e862115053981e24dd8b11cc71ec0486a71a1b554de8b1fb85bfec427a6b4441de9b2d9a9805eee39a567889",,"2022-03-21T11:00:00.000","1","DRIVER",,"1237619",,"UNKNOWN","MOTORIZED","IL",,"UNKNOWN","PASSENGER","UNKNOWN/NA","N","STRAIGHT AHEAD",,,"1",,,,,,,,,,,,,,,"Y",,,,,,,,,,,,,,,,,,,,,,,,,,,,,,,,,,,,
"1303220","d6fc7a7494a699a5702bbd6111e5a85e608bf6f1e862115053981e24dd8b11cc71ec0486a71a1b554de8b1fb85bfec427a6b4441de9b2d9a9805eee39a567889",,"2022-03-21T11:00:00.000","2","PARKED",,"1237627",,"TOYOTA","PRIUS","IL","2021","UNKNOWN","PASSENGER","NOT IN USE","N","PARKED",,,"0",,,,,"Y",,,,,,,,,,,,,"FRONT",,,,,,,,,,,,,,,,,,,,,,,,,,,,,,,,,
"1302491","e911f4d72af6756871859abf9fc6167dacd721ea8ec825bf38a79399229ce09dbe2f0786e440e16fc6a70ce874fb07e90a7882711ce183a0879a776688c1e823",,"2022-03-21T11:00:00.000","1","DRIVER",,"1236929",,"FORD","TRANSIT","IL","2020","UNKNOWN","VAN/MINI-VAN","OTHER","E","BACKING",,,"1",,,,,,,,,"Y",,,,,,,,,"REAR",,,,,,,,,,,,,,,,,,,,,,,,,,,,,,,,,
"1302492","e911f4d72af6756871859abf9fc6167dacd721ea8ec825bf38a79399229ce09dbe2f0786e440e16fc6a70ce874fb07e90a7882711ce183a0879a776688c1e823",,"2022-03-21T11:00:00.000","2","PARKED",,"1236934",,"ACURA","TLX","IL","2008","UNKNOWN","PASSENGER","NOT IN USE","W","PARKED",,,"0",,,,,,,,,,,,,,,"Y",,,"TOTAL (ALL AREAS)",,,,,,,,,,,,,,,,,,,,,,,,,,,,,,,,,
"1302478","19e27367030e64db820f997b4ab5276e2a042ca382d883e0587117729325866e5d028fa14a8d9e1540d8b75b65ac27c14885ad151276141ccd3be23639f0da6c",,"2022-03-21T10:30:00.000","1","DRIVER",,"1236921",,"INTERNATIONAL TRAILER CORPORATION","INTERNATIONAL TRAILER CORP.","IL","2016","NONE","TRACTOR W/ SEMI-TRAILER","COMMERCIAL - SINGLE UNIT","W","STRAIGHT AHEAD",,,"1",,,,,,,,,,,"Y",,,,,,,"SIDE-LEFT",,,,,,,,,,,,,,,,,,,,,,,,,,,,,,,,,
"1302479","19e27367030e64db820f997b4ab5276e2a042ca382d883e0587117729325866e5d028fa14a8d9e1540d8b75b65ac27c14885ad151276141ccd3be23639f0da6c",,"2022-03-21T10:30:00.000","2","DRIVER",,"1236930",,"FORD","ESCAPE","IL","2019","NONE","PASSENGER","PERSONAL","W","STRAIGHT AHEAD",,,"1",,,,,"Y","Y",,,,,,,,,,,,"FRONT",,,,,,,,,,,,,,,,,,,,,,,,,,,,,,,,,
"1302465","a1882dde4467f4e1fb3867d7364c0b5deeb5e9c04ee80d24b82ffcbe5801c728a3b429fbe8a1b1ca3dcf0b48209ac1ad38b7212edb69f2ed082f8d0b4afc2ca5",,"2022-03-21T10:30:00.000","1","DRIVER",,"1236907",,"NISSAN","ROGUE","IL","2013","NONE","PASSENGER","OTHER","E","OTHER",,,"1",,,,,"Y",,,,,,,,,,"Y","Y",,"OTHER",,,,,,,,,,,,,,,,,,,,,,,,,,,,,,,,,
"1302466","a1882dde4467f4e1fb3867d7364c0b5deeb5e9c04ee80d24b82ffcbe5801c728a3b429fbe8a1b1ca3dcf0b48209ac1ad38b7212edb69f2ed082f8d0b4afc2ca5",,"2022-03-21T10:30:00.000","2","PARKED",,"1236911",,"MASERATI","LEVANTE","IL","2017","CARGO","SPORT UTILITY VEHICLE (SUV)","UNKNOWN/NA","E","PARKED",,,"0",,,,,,,,"Y","Y","Y","Y",,,,,,,"REAR-LEFT",,,,,,,,,,,,,,,,,,,,,,,,,,,,,,,,,
"1302507","f99afea392b9ab3b57673ee15581a8a6179720be5df6472729574433b631f4f3a36b208beeaae8d3a577310091d02ecde364fcd8cf7b5d9194fd0768812f54f5",,"2022-03-21T10:30:00.000","1","DRIVER",,"1236936",,"UNKNOWN","MOTORIZED",,,"UNKNOWN","UNKNOWN/NA","UNKNOWN/NA","UNKNOWN","UNKNOWN/NA",,,"1",,,,,,,,,,,,,,,,,"Y","UNKNOWN",,,,,,,,,,,,,,,,,,,,,,,,,,,,,,,,,
"1302508","f99afea392b9ab3b57673ee15581a8a6179720be5df6472729574433b631f4f3a36b208beeaae8d3a577310091d02ecde364fcd8cf7b5d9194fd0768812f54f5",,"2022-03-21T10:30:00.000","2","PARKED",,"1236940",,"BUICK","ENCLAVE",,"2008","NONE","SPORT UTILITY VEHICLE (SUV)","NOT IN USE","N","PARKED",,,"0",,,,,"Y",,,,,,,,,,,"Y",,"FRONT",,,,,,,,,,,,,,,,,,,,,,,,,,,,,,,,,
"1302551","f07d33ce02713695e34a29dc95f868538e90422e76132768f129f99f9eb1217842b2153c13063cd7ce62905a9fbfa610d88f652c59ee8b09aa89100718e68592",,"2022-03-21T10:15:00.000","1","DRIVER","1","1236990",,"FORD","EXPLORER","IL","2016","UNKNOWN","SPORT UTILITY VEHICLE (SUV)","UNKNOWN/NA","S","BACKING",,,"2",,,,,,,,,,,,,,,,,"Y","REAR-LEFT",,,,,,,,,,,,,,,,,,,,,,,,,,,,,,,,,
"1302552","f07d33ce02713695e34a29dc95f868538e90422e76132768f129f99f9eb1217842b2153c13063cd7ce62905a9fbfa610d88f652c59ee8b09aa89100718e68592",,"2022-03-21T10:15:00.000","2","DRIVER",,"1237000",,"HYUNDAI","ELANTRA","IL","2019","UNKNOWN","PASSENGER","UNKNOWN/NA","N","SLOW/STOP IN TRAFFIC",,,"1",,,,,"Y",,,,,,,,,,"Y","Y",,"OTHER",,,,,,,,,,,,,,,,,,,,,,,,,,,,,,,,,
"1302464","1242ba3cc4132f9d8fa208a7211e45d8b2d1948194d127e3f9045a68da1804448684d9aeda4fdfe80a633b6cd830b567d8ca8d46839ba471f44d393cec0f2b69",,"2022-03-21T10:05:00.000","2","DRIVER","6","1236928",,"NEW FLYER","OTHER (EXPLAIN IN NARRATIVE)","IL","2006","NONE","BUS OVER 15 PASS.","CTA","W","STRAIGHT AHEAD",,,"7",,,,,,,,,,,,"Y",,,,,,"FRONT-LEFT",,,,,,,,,,,,,,,,,,,,,,,,,,,,,,,,,
"1302475","1242ba3cc4132f9d8fa208a7211e45d8b2d1948194d127e3f9045a68da1804448684d9aeda4fdfe80a633b6cd830b567d8ca8d46839ba471f44d393cec0f2b69",,"2022-03-21T10:05:00.000","1","DRIVER",,"1236915",,"SATURN","OTHER (EXPLAIN IN NARRATIVE)","IL","2001","UNKNOWN","PASSENGER","PERSONAL","W","STRAIGHT AHEAD",,,"1",,,,,"Y",,,,,,,,,,,,,"FRONT",,,,,,,,,,,,,,,,,,,,,,,,,,,,,,,,,
"1303097","07dfe15f5e1182123a219b15d2c3a5b9cc30f6e9d7350ebfc25d5057c990666bb163b8b5d503b76a47f28eed743ac4f0baafdae3d060fc088f61af59276b8ed8",,"2022-03-21T10:00:00.000","1","DRIVER",,"1237525",,"UNKNOWN","OTHER (EXPLAIN IN NARRATIVE)",,,"NONE","UNKNOWN/NA","UNKNOWN/NA","SW","UNKNOWN/NA",,,"1",,,,,,,,,,,,,,,,,,"UNKNOWN",,,,,,,,,,,,,,,,,,,,,,,,,,,,,,,,,
"1303098","07dfe15f5e1182123a219b15d2c3a5b9cc30f6e9d7350ebfc25d5057c990666bb163b8b5d503b76a47f28eed743ac4f0baafdae3d060fc088f61af59276b8ed8",,"2022-03-21T10:00:00.000","2","PARKED",,"1237527",,"CHEVROLET","EQUINOX","IL","2010","NONE","SPORT UTILITY VEHICLE (SUV)","NOT IN USE","SW","PARKED",,,"0",,,,,,,,,,,"Y",,,,,,,"SIDE-LEFT",,,,,,,,,,,,,,,,,,,,,,,,,,,,,,,,,
"1302456","1cb9a0c5aa81871c15a835d08e9d64e7cefde6fb457638981337be94b086e826164ed6e9bcdc4f6a2cb6322210999e36974be9517fa1a62e7589858a6bc5f773",,"2022-03-21T09:45:00.000","1","DRIVER","1","1236892",,"FORD","FUSION","IL","2016","UNKNOWN","PASSENGER","UNKNOWN/NA","W","STRAIGHT AHEAD",,,"2",,,,,"Y",,,,,,,,,,"Y","Y",,,,,,,,,,,,,,,,,,,,,,,,,,,,,,,,,,,
"1302457","1cb9a0c5aa81871c15a835d08e9d64e7cefde6fb457638981337be94b086e826164ed6e9bcdc4f6a2cb6322210999e36974be9517fa1a62e7589858a6bc5f773",,"2022-03-21T09:45:00.000","2","DRIVER",,"1236899",,"TOYOTA","PRIUS","IL","2006","UNKNOWN","PASSENGER","PERSONAL","W","STRAIGHT AHEAD",,,"1",,,,,,,,,"Y","Y","Y",,,,,,,,,,,,,,,,,,,,,,,,,,,,,,,,,,,,,,,,
"1302454","819a813eb13e62a4f1367c703401f1138b836f700fb5fb2e8062531b32c61c4aea4c90d7b29c9bb8f21ecfaaa445a5f6f32647a0b94fed842018190da9bbfd6e",,"2022-03-21T09:45:00.000","1","DRIVER",,"1236891",,"UNKNOWN","OTHER (EXPLAIN IN NARRATIVE)","IL",,"OTHER","PICKUP","UNKNOWN/NA","S","ENTERING TRAFFIC LANE FROM PARKING",,,"1",,,,,,,,,,,,,,,,,"Y","UNKNOWN",,,,,,,,,,,,,,,,,,,,,,,,,,,,,,,,,
"1302455","819a813eb13e62a4f1367c703401f1138b836f700fb5fb2e8062531b32c61c4aea4c90d7b29c9bb8f21ecfaaa445a5f6f32647a0b94fed842018190da9bbfd6e",,"2022-03-21T09:45:00.000","2","DRIVER",,"1236898",,"FORD","OTHER (EXPLAIN IN NARRATIVE)","IL","2018","UNKNOWN","VAN/MINI-VAN","OTHER","S","STRAIGHT AHEAD",,,"1",,,,,"Y",,,,,,,,,,,,,"FRONT",,,,,,,,,,,,,,,,,,,,,,,,,,,,,,,,,
"1302447","d1d24d63d7a03c8c097d563dfec1cc1b0fe4e31016f956fbc782b2143a733e6effe82e8406fcf034600357cf96b0dbe8a2be87b775bb40bb86d5a61744fb17bf",,"2022-03-21T09:45:00.000","1","DRIVER",,"1236889",,"MERCEDES-BENZ","GLA","FL","2019","NONE","PASSENGER","PERSONAL","W","BACKING",,,"1",,,,,,,,,,,"Y",,,,,,,"ROOF",,,,,,,,,,,,,,,,,,,,,,,,,,,,,,,,,
"1302448","d1d24d63d7a03c8c097d563dfec1cc1b0fe4e31016f956fbc782b2143a733e6effe82e8406fcf034600357cf96b0dbe8a2be87b775bb40bb86d5a61744fb17bf",,"2022-03-21T09:45:00.000","2","PARKED",,"1236895",,"NISSAN","SENTRA","IL","2022","NONE","PASSENGER","TAXI/FOR HIRE","N","PARKED",,,"0",,,,,,,,,,,,,,,"Y",,,"UNDER CARRIAGE",,,,,,,,,,,,,,,,,,,,,,,,,,,,,,,,,
"1302511","c6ad68950463fe14d8ebb6000a33c787e385838a7f5a386267b8c26efc2bc9abf6b0e48763349002bc73ccc50dfbfe36d9cc7f07b71ec1a1e97283bad5506808",,"2022-03-21T09:35:00.000","1","DRIVER",,"1236945",,"JEEP","COMPASS","IL","2007","UNKNOWN","PASSENGER","PERSONAL","N","BACKING",,,"1",,,,,,,,,,,,,,,"Y",,,"TOTAL (ALL AREAS)",,,,,,,,,,,,,,,,,,,,,,,,,,,,,,,,,
"1302512","c6ad68950463fe14d8ebb6000a33c787e385838a7f5a386267b8c26efc2bc9abf6b0e48763349002bc73ccc50dfbfe36d9cc7f07b71ec1a1e97283bad5506808",,"2022-03-21T09:35:00.000","2","DRIVER",,"1236951",,"NISSAN","ROGUE","IL","2016","UNKNOWN","PASSENGER","PERSONAL","E","STRAIGHT AHEAD",,,"1",,,,,,,"Y","Y",,,,,,,,,,"REAR-RIGHT",,,,,,,,,,,,,,,,,,,,,,,,,,,,,,,,,
"1302452","cd2303d9cb3a813dc68903b4b001f6020cb7a5c2367994bc0b09ffb3b67a5638a17642012b7a24f2f859fe6efd4da7503088f8f7ac8267361d0b0b27c49200cd",,"2022-03-21T09:30:00.000","1","DRIVER",,"1236896",,"FORD","ESCAPE","OH","2013","UNKNOWN","SPORT UTILITY VEHICLE (SUV)","UNKNOWN/NA","N","STRAIGHT AHEAD",,,"1",,,,,"Y",,,,,,,,,,,"Y",,"OTHER",,,,,,,,,,,,,,,,,,,,,,,,,,,,,,,,,
"1302453","cd2303d9cb3a813dc68903b4b001f6020cb7a5c2367994bc0b09ffb3b67a5638a17642012b7a24f2f859fe6efd4da7503088f8f7ac8267361d0b0b27c49200cd",,"2022-03-21T09:30:00.000","2","DRIVER",,"1236903",,"HONDA","RIDGELINE","IL","2013","NONE","PICKUP","PERSONAL","N","BACKING",,,"1",,,,,,,,,,,"Y",,,,,,,"SIDE-LEFT",,,,,,,,,,,,,,,,,,,,,,,,,,,,,,,,,
"1302482","a796bbce89786b7060dd68565eaa3f6ebf5d052980042b210449f31f864d2279041dc75bbaca30b4c7974ba9f4485c6d51cdf2db546cb58dd647f748aa17e68f",,"2022-03-21T09:20:00.000","1","DRIVER",,"1236926","N","INTERNATIONAL TRAILER CORPORATION","OTHER (EXPLAIN IN NARRATIVE)","IL","2022","UNKNOWN","TRACTOR W/ SEMI-TRAILER","COMMERCIAL - SINGLE UNIT","S","STRAIGHT AHEAD",,,"1",,,,,,,,,,,,,,"Y","Y","Y",,"TOTAL (ALL AREAS)",,,,,,,,,,,,,,,,,,,,,,,,,,,,,,,,,
"1302483","a796bbce89786b7060dd68565eaa3f6ebf5d052980042b210449f31f864d2279041dc75bbaca30b4c7974ba9f4485c6d51cdf2db546cb58dd647f748aa17e68f",,"2022-03-21T09:20:00.000","2","DRIVER",,"1236937",,"TOYOTA","RAV4","IL","2017","UNKNOWN","PASSENGER","PERSONAL","N","TURNING LEFT","Y",,"1",,"Private Tow",,,"Y",,,,,,,,,,"Y","Y",,"OTHER",,,,,,,,,,,,,,,,,,,,,,,,,,,,,,,,,
"1302419","f3bf11e3b3fa4cbb82751a3f87cffc03a3625f31a40f59f78551403a0d2b5ecbd0c951bfe9075be804bd3cf424aa3f0402bee913b55368ae5cde5fd640fc2a60",,"2022-03-21T09:14:00.000","1","DRIVER",,"1236852",,"FORD","EXPLORER",,,"UNKNOWN","SPORT UTILITY VEHICLE (SUV)","PERSONAL","W","STRAIGHT AHEAD",,,"1",,,,,,,,,,,,,,,,,"Y","UNKNOWN",,,,,,,,,,,,,,,,,,,,,,,,,,,,,,,,,
"1302420","f3bf11e3b3fa4cbb82751a3f87cffc03a3625f31a40f59f78551403a0d2b5ecbd0c951bfe9075be804bd3cf424aa3f0402bee913b55368ae5cde5fd640fc2a60",,"2022-03-21T09:14:00.000","2","DRIVER","2","1236858",,"JEEP","CHEROKEE","IL","2016","NONE","PASSENGER","PERSONAL","W","TURNING LEFT","Y",,"3",,,,,"Y",,,,,,,,,,"Y","Y",,"FRONT",,,,,,,,,,,,,,,,,,,,,,,,,,,,,,,,,
"1302435","4c9f0a40a02c70a313bd4383fcb0c77246c24c500a5762745a748e2cf866a19a54c8db1735b69f4d074fa1c873b9fdb82aa4582afb0c81eacb21b5604ef4e640",,"2022-03-21T09:10:00.000","1","DRIVER",,"1236880",,"BUICK","OTHER (EXPLAIN IN NARRATIVE)","IL","2005","UNKNOWN","PASSENGER","PERSONAL","S","ENTERING TRAFFIC LANE FROM PARKING",,,"1",,,,,,,,,,,,,,,"Y",,,"TOTAL (ALL AREAS)",,,,,,,,,,,,,,,,,,,,,,,,,,,,,,,,,
"1302444","4c9f0a40a02c70a313bd4383fcb0c77246c24c500a5762745a748e2cf866a19a54c8db1735b69f4d074fa1c873b9fdb82aa4582afb0c81eacb21b5604ef4e640",,"2022-03-21T09:10:00.000","2","DRIVER",,"1236886",,"TOYOTA","TACOMA","IL","2020","UNKNOWN","PICKUP","OTHER","S","SLOW/STOP IN TRAFFIC",,,"1",,,,,,,,,"Y",,,,,,,,,"REAR",,,,,,,,,,,,,,,,,,,,,,,,,,,,,,,,,
"1302437","faad890130fe93685b3cce454bd6a1d2f8d7a234da5cb6265d9411e614f8587b8a10689bdb5d170235e443c561a9c045d882fb134113969390cee468d8c64ab4",,"2022-03-21T09:10:00.000","1","DRIVER",,"1236887",,"CHEVROLET","MALIBU","IL","2019","NONE","PASSENGER","PERSONAL","N","PASSING/OVERTAKING",,,"1",,,,,,,,"Y","Y",,,,,,,,,"REAR-RIGHT",,,,,,,,,,,,,,,,,,,,,,,,,,,,,,,,,
"1302438","faad890130fe93685b3cce454bd6a1d2f8d7a234da5cb6265d9411e614f8587b8a10689bdb5d170235e443c561a9c045d882fb134113969390cee468d8c64ab4",,"2022-03-21T09:10:00.000","2","DRIVER",,"1236890",,"LEXUS","ES300","IL","1994","NONE","PASSENGER","PERSONAL","N","STRAIGHT AHEAD",,,"1",,,,,,,,,,,,,,,"Y",,,"UNDER CARRIAGE",,,,,,,,,,,,,,,,,,,,,,,,,,,,,,,,,
"1302460","7e10eed41427e73c183126e9bf8ad75ff3dd3dee029dd3232d64cbea362d499b48724ca223b5e4e67fe0d51b9dbb52b81f23b672ef9dde4d62286c3c26b69028",,"2022-03-21T09:09:00.000","1","DRIVER","2","1236908",,"CHEVROLET","MALIBU","IL","2017","UNKNOWN","PASSENGER","PERSONAL","W","TURNING LEFT",,,"3",,,,,,,,,,,,,,"Y","Y",,,"TOTAL (ALL AREAS)",,,,,,,,,,,,,,,,,,,,,,,,,,,,,,,,,
"1302461","7e10eed41427e73c183126e9bf8ad75ff3dd3dee029dd3232d64cbea362d499b48724ca223b5e4e67fe0d51b9dbb52b81f23b672ef9dde4d62286c3c26b69028",,"2022-03-21T09:09:00.000","2","DRIVER",,"1236914","N","LINCOLN","AVIATOR","IL","2022","UNKNOWN","PASSENGER","TAXI/FOR HIRE","W","STRAIGHT AHEAD","Y",,"1",,"PRIVATE TOWING COMPANY","UNKNOWN LOCATION",,"Y",,,,,,,,,"Y","Y","Y",,"TOTAL (ALL AREAS)",,,,,,,,,,,,,,,,,,,,,,,,,,,,,,,,,
"1302423","5c7ff3ba44db599d2a7405299173e7b828377ae3be5d58d3b7a2a0c789b43d9d03e7c88b4c36af966636c4bd9218b5db694e13aaca3259a7440ee3bc4f196deb",,"2022-03-21T09:00:00.000","1","DRIVER",,"1236876",,"CHRYSLER","TOWN & COUNTRY","IL",,"UNKNOWN","UNKNOWN/NA","UNKNOWN/NA","N","STARTING IN TRAFFIC",,,"1",,,,,,,,,,,,,,,,"Y",,"OTHER",,,,,,,,,,,,,,,,,,,,,,,,,,,,,,,,,
"1302424","5c7ff3ba44db599d2a7405299173e7b828377ae3be5d58d3b7a2a0c789b43d9d03e7c88b4c36af966636c4bd9218b5db694e13aaca3259a7440ee3bc4f196deb",,"2022-03-21T09:00:00.000","2","DRIVER",,"1236864",,"CHRYSLER","300","IL","2010","NONE","PASSENGER","PERSONAL","N","SLOW/STOP IN TRAFFIC",,,"1",,,,,,,,,,"Y",,,,,,,,"REAR-LEFT",,,,,,,,,,,,,,,,,,,,,,,,,,,,,,,,,
"1303093","2bb25df49f5e057df8c60bea56c82ed179a6fba3c8c7097c214870eb641d28e7f332413161c6023fac94689883f76aef43e83a3b76bba046711535b3112f95b1",,"2022-03-21T08:50:00.000","1","DRIVER",,"1237508",,"FORD","EXPLORER","IL","2020","NONE","PASSENGER","POLICE","S","ENTERING TRAFFIC LANE FROM PARKING",,,"1",,,,,"Y",,,,,,,,,,,,,"REAR",,,,,,,,,,,,,,,,,,,,,,,,,,,,,,,,,
"1303094","2bb25df49f5e057df8c60bea56c82ed179a6fba3c8c7097c214870eb641d28e7f332413161c6023fac94689883f76aef43e83a3b76bba046711535b3112f95b1",,"2022-03-21T08:50:00.000","2","PARKED",,"1237509",,"FORD","VAN","IL","2003","NONE","VAN/MINI-VAN","UNKNOWN/NA","S","PARKED",,,"0",,,,"Y",,,,,,,,,,,,,"N","NONE",,,,,,,,,,,,,,,,,,,,,,,,,,,,,,,,,
"1302433","7ad9eed1523374188474f679368ebbf627c2df25b9a3a43e79f6cc05e244edcfae04c65e001160cef5f8d909740da49b8063c30689f2cdb36abfd76c080be336",,"2022-03-21T08:50:00.000","1","DRIVER",,"1236881","Y","FREIGHTLINER CORPORATION","FREIGHTLINER CORP.","IL","2022","UNKNOWN","TRACTOR W/ SEMI-TRAILER","COMMERCIAL - MULTI-UNIT","N","BACKING",,,"1",,,,"Y",,,,,,"N",,,,,,,"N","REAR-LEFT","14269","16130",,,,,"RYDER TRUCK RENTAL","FL","MIAMI",,,,,,,,,,,,,,,,,,,"TRACTOR/SEMI-TRAILER","VAN/ENCLOSED BOX","UNKNOWN",,,
"1302434","7ad9eed1523374188474f679368ebbf627c2df25b9a3a43e79f6cc05e244edcfae04c65e001160cef5f8d909740da49b8063c30689f2cdb36abfd76c080be336",,"2022-03-21T08:50:00.000","2","PARKED","1","1236885","Y","FREIGHTLINER CORPORATION","FREIGHTLINER CORP.","TX","2022","UNKNOWN","TRACTOR W/ SEMI-TRAILER","COMMERCIAL - MULTI-UNIT","S","PARKED",,,"1",,,,,,,,,,,,,,,,"Y",,"OTHER","14270","3074754",,,"SIDE OF TRUCK","3","XOCO","TX","MCALLEN",,,,,,,,,,,,,,,,,,,"TRACTOR/SEMI-TRAILER","VAN/ENCLOSED BOX","UNKNOWN",,,
"1302432","e1bdd2f4e809dfecd3b24db5cc7e43998a3f2aecadfd7ac0c0d509da4ca35d1817093312e900873c01d3f3380875d43c3f6dbd11feb82164dfe19746fc359e48",,"2022-03-21T08:50:00.000","1","DRIVER",,"1236878",,"NISSAN","SENTRA","IL","2021","UNKNOWN","PASSENGER","UNKNOWN/NA","W","STRAIGHT AHEAD",,,"1",,,,,,,,,,,,,,,,,"Y","OTHER",,,,,,,,,,,,,,,,,,,,,,,,,,,,,,,,,
"1302446","e1bdd2f4e809dfecd3b24db5cc7e43998a3f2aecadfd7ac0c0d509da4ca35d1817093312e900873c01d3f3380875d43c3f6dbd11feb82164dfe19746fc359e48",,"2022-03-21T08:50:00.000","2","PEDESTRIAN",,,,,,,,,,,,,,,,,,,,,,,,,,,,,,,,,,,,,,,,,,,,,,,,,,,,,,,,,,,,,,,,,,
"1302399","2ecad06d7d2d886664f9b2ab2795879e6f6e59ca74e2dab3b7d5bc7f74fe59871d5f00bd93b551058e689f1b4c14ad0535c4b06904f7ea9172f7fb88bf89169e",,"2022-03-21T08:48:00.000","1","DRIVER",,"1236870",,"INTERNATIONAL HARVESTER COMPANY","INTERNATIONAL HARVESTER CO.","IL",,"UNKNOWN","TRUCK - SINGLE UNIT","OTHER","E","STRAIGHT AHEAD",,,"1",,,,,"Y",,,,,,,,,,,,,"FRONT",,,,,,,,,,,,,,,,,,,,,,,,,,,,,,,,,
"1302400","2ecad06d7d2d886664f9b2ab2795879e6f6e59ca74e2dab3b7d5bc7f74fe59871d5f00bd93b551058e689f1b4c14ad0535c4b06904f7ea9172f7fb88bf89169e",,"2022-03-21T08:48:00.000","2","DRIVER",,"1236844",,"NEW FLYER","OTHER (EXPLAIN IN NARRATIVE)","IL","2009","UNKNOWN","BUS OVER 15 PASS.","CTA","E","STRAIGHT AHEAD",,,"1",,,,,,,,,,,,,,,"Y",,,,,,,,,,,,,,,,,,,,,,,,,,,,,,,,,,,,
"1302425","5cd67ec30598e81990e176e1ed2d221e5d9dc5f866fa84727c9f3e97d677dd2f6f8f3daff1d506b198a10cd664c98d505b41c3b8281db7154534c4ff3e62e5e9",,"2022-03-21T08:45:00.000","1","DRIVER",,"1236871",,"NISSAN","ROGUE","IN","2020","NONE","PASSENGER","PERSONAL","E","STRAIGHT AHEAD",,,"1",,,,,,,,,,,"Y","Y","Y",,,,,"ROOF",,,,,,,,,,,,,,,,,,,,,,,,,,,,,,,,,
"1302426","5cd67ec30598e81990e176e1ed2d221e5d9dc5f866fa84727c9f3e97d677dd2f6f8f3daff1d506b198a10cd664c98d505b41c3b8281db7154534c4ff3e62e5e9",,"2022-03-21T08:45:00.000","2","DRIVER",,"1236879",,"HONDA","ACCORD","IL","2014","NONE","PASSENGER","PERSONAL","E","STRAIGHT AHEAD",,,"1",,,,,"Y","Y",,,,,,,,,,,,"FRONT-RIGHT",,,,,,,,,,,,,,,,,,,,,,,,,,,,,,,,,
"1302517","60ffc54c4f0ce3f1db0b145c33f55332b5978668d41f5b8634b35d86f614345ba2e527352d0a4a230aaf440a65debf374878235aba7878cdc87ca611a200bca9",,"2022-03-21T08:45:00.000","1","DRIVER","1","1236954",,"HYUNDAI","SONATA","IL","2015","UNKNOWN","PASSENGER","PERSONAL","E","STRAIGHT AHEAD",,,"2",,,,,,,,,,,,,"N","Y","Y",,,"UNDER CARRIAGE",,,,,,,,,,,,,,,,,,,,,,,,,,,,,,,,,
"1302518","60ffc54c4f0ce3f1db0b145c33f55332b5978668d41f5b8634b35d86f614345ba2e527352d0a4a230aaf440a65debf374878235aba7878cdc87ca611a200bca9",,"2022-03-21T08:45:00.000","2","DRIVER","3","1236955",,"DODGE","DURANGO","IL","2018","UNKNOWN","SPORT UTILITY VEHICLE (SUV)","PERSONAL","E","STRAIGHT AHEAD",,,"4",,,,,"Y","Y",,,,,,,,,,,,"FRONT",,,,,,,,,,,,,,,,,,,,,,,,,,,,,,,,,