"crash_unit_id","crash_record_id","rd_no","crash_date","unit_no","unit_type","num_passengers","vehicle_id","cmrc_veh_i","make","model","lic_plate_state","vehicle_year","vehicle_defect","vehicle_type","vehicle_use","travel_direction","maneuver","towed_i","fire_i","occupant_cnt","exceed_speed_limit_i","towed_by","towed_to","area_00_i","area_01_i","area_02_i","area_03_i","area_04_i","area_05_i","area_06_i","area_07_i","area_08_i","area_09_i","area_10_i","area_11_i","area_12_i","area_99_i","first_contact_point","cmv_id","usdot_no","ccmc_no","ilcc_no","commercial_src","gvwr","carrier_name","carrier_state","carrier_city","hazmat_placards_i","hazmat_name","un_no","hazmat_present_i","hazmat_report_i","hazmat_report_no","mcs_report_i","mcs_report_no","hazmat_vio_cause_crash_i","mcs_vio_cause_crash_i","idot_permit_no","wide_load_i","trailer1_width","trailer2_width","trailer1_length","trailer2_length","total_vehicle_length","axle_cnt","vehicle_config","cargo_body_type","load_type","hazmat_out_of_service_i","mcs_out_of_service_i","hazmat_class"
"1302401","6ebf82b56afbdcaf4b8940446e77d6426ea67622a7f51843d0a728d87a3ad77c95bcb88bda5961570bee5a0139846261f7a2228e7d97b69cd65d64020c373723",,"2022-03-21T08:45:00.000","1","DRIVER",,"1236851",,"DODGE","OTHER (EXPLAIN IN NARRATIVE)","IL","2014","UNKNOWN","SPORT UTILITY VEHICLE (SUV)","PERSONAL","W","STRAIGHT AHEAD",,,"1",,,,,"Y",,,,,,,,,,"Y","Y",,"OTHER",,,,,,,,,,,,,,,,,,,,,,,,,,,,,,,,,
"1302402","6ebf82b56afbdcaf4b8940446e77d6426ea67622a7f51843d0a728d87a3ad77c95bcb88bda5961570bee5a0139846261f7a2228e7d97b69cd65d64020c373723",,"2022-03-21T08:45:00.000","2","DRIVER",,"1236863",,"TOYOTA","ECHO","IL","2003","UNKNOWN","PASSENGER","PERSONAL","W","STRAIGHT AHEAD",,,"1",,,,,"Y",,,,"Y","Y","Y","Y",,,"Y","Y",,"SIDE-LEFT",,,,,,,,,,,,,,,,,,,,,,,,,,,,,,,,,
"1302403","6ebf82b56afbdcaf4b8940446e77d6426ea67622a7f51843d0a728d87a3ad77c95bcb88bda5961570bee5a0139846261f7a2228e7d97b69cd65d64020c373723",,"2022-03-21T08:45:00.000","3","DRIVER",,"1236872",,"KIA","FORTE","IL","2020","UNKNOWN","PASSENGER","PERSONAL","W","STRAIGHT AHEAD",,,"1",,,,,,,,,,"Y","Y","Y",,,,,,"SIDE-LEFT",,,,,,,,,,,,,,,,,,,,,,,,,,,,,,,,,
"1302380","88ffa51b0fe78d0553eceb576deafc9260943402fda27a215d12e8576e747f2ca2b40ff11c9de1250c6906ffeb4f9a6b0bc5c6a7f0395632e7676ca3a0d2fbe4",,"2022-03-21T08:45:00.000","1","DRIVER",,"1236821",,"CHRYSLER","300","IL","2005","UNKNOWN","PASSENGER","PERSONAL","N","STRAIGHT AHEAD",,,"1",,,,,,,,,,,,,,,,"Y",,"OTHER",,,,,,,,,,,,,,,,,,,,,,,,,,,,,,,,,
"1302381","88ffa51b0fe78d0553eceb576deafc9260943402fda27a215d12e8576e747f2ca2b40ff11c9de1250c6906ffeb4f9a6b0bc5c6a7f0395632e7676ca3a0d2fbe4",,"2022-03-21T08:45:00.000","2","DRIVER",,"1236829",,"FORD","ESCAPE","IL","2018","UNKNOWN","SPORT UTILITY VEHICLE (SUV)","PERSONAL","SE","TURNING LEFT",,,"1",,,,,"Y","Y",,,,,,,,,"Y","Y",,"OTHER",,,,,,,,,,,,,,,,,,,,,,,,,,,,,,,,,
"1302404","e1009739a5646fba01827dc32f61217aa3fabf46379c966d9083654198031242bcb6f233e42230454782cc1a116669bc18f3dc1ff25be846157a1456353fbddb",,"2022-03-21T08:40:00.000","1","DRIVER",,"1236842",,"HONDA","ACCORD","IL","2014","NONE","PASSENGER","PERSONAL","W","STRAIGHT AHEAD",,,"1",,,,,"Y",,,,,,,,,,"Y","Y",,"OTHER",,,,,,,,,,,,,,,,,,,,,,,,,,,,,,,,,
"1302405","e1009739a5646fba01827dc32f61217aa3fabf46379c966d9083654198031242bcb6f233e42230454782cc1a116669bc18f3dc1ff25be846157a1456353fbddb",,"2022-03-21T08:40:00.000","2","DRIVER","1","1236847",,"TOYOTA","PRIUS","IL","2013","NONE","PASSENGER","PERSONAL","W","STRAIGHT AHEAD",,,"2",,,,,"Y",,,,"Y","Y","Y",,,,"Y","Y",,"REAR-LEFT",,,,,,,,,,,,,,,,,,,,,,,,,,,,,,,,,
"1302406","e1009739a5646fba01827dc32f61217aa3fabf46379c966d9083654198031242bcb6f233e42230454782cc1a116669bc18f3dc1ff25be846157a1456353fbddb",,"2022-03-21T08:40:00.000","3","DRIVER",,"1236857",,"HYUNDAI","ACCENT","IL","2017","NONE","PASSENGER","PERSONAL","W","STRAIGHT AHEAD",,,"1",,,,,,,,,"Y","Y","Y",,,,,,,"REAR-LEFT",,,,,,,,,,,,,,,,,,,,,,,,,,,,,,,,,
"1302390","ef58a8424d1fe352a67dc5deb46a068ddb71d9a2b485d4ba92340fc7450007ec74791f2602bdc0994297acc3eb9169018cbe13118acc380baf8e3dd48bc7122b",,"2022-03-21T08:28:00.000","1","DRIVER",,"1236837",,"GENERAL MOTORS CORPORATION (GMC)","SIERRA","IL","2011","NONE","PICKUP","PERSONAL","S","TURNING LEFT",,,"1",,,,,"Y","Y",,,,,,,,,,,,"FRONT",,,,,,,,,,,,,,,,,,,,,,,,,,,,,,,,,
"1302391","ef58a8424d1fe352a67dc5deb46a068ddb71d9a2b485d4ba92340fc7450007ec74791f2602bdc0994297acc3eb9169018cbe13118acc380baf8e3dd48bc7122b",,"2022-03-21T08:28:00.000","2","DRIVER","2","1236840",,"CHEVROLET","CAVALIER","IL","2006","NONE","PASSENGER","PERSONAL","E","STRAIGHT AHEAD",,,"3",,,,,,,,,,,,"Y","Y","Y",,,,"ROOF",,,,,,,,,,,,,,,,,,,,,,,,,,,,,,,,,
"1302449","2c1b95141b85b996023a0f586bf6d256dae7401ae5401e8a206e33d42f5028d90e6508bcf2cc1f6c905c85625485a7c35c876868cfde4063f331b8c2c6130618",,"2022-03-21T08:10:00.000","1","DRIVER",,"1236893",,"VOLKSWAGEN","CC","IL","2014","NONE","PASSENGER","PERSONAL","N","STRAIGHT AHEAD",,,"1",,,,,"Y",,,,,,,,,,"Y","Y",,"OTHER",,,,,,,,,,,,,,,,,,,,,,,,,,,,,,,,,
"1302450","2c1b95141b85b996023a0f586bf6d256dae7401ae5401e8a206e33d42f5028d90e6508bcf2cc1f6c905c85625485a7c35c876868cfde4063f331b8c2c6130618",,"2022-03-21T08:10:00.000","2","DRIVER",,"1236897",,"TOYOTA","CAMRY","IL","2017","NONE","PASSENGER","PERSONAL","N","STRAIGHT AHEAD",,,"1",,,,,"Y",,,,"Y","Y","Y",,,,"Y","Y",,"REAR-LEFT",,,,,,,,,,,,,,,,,,,,,,,,,,,,,,,,,
"1302451","2c1b95141b85b996023a0f586bf6d256dae7401ae5401e8a206e33d42f5028d90e6508bcf2cc1f6c905c85625485a7c35c876868cfde4063f331b8c2c6130618",,"2022-03-21T08:10:00.000","3","DRIVER",,"1236902",,"ACURA","ILX","IL","2015","NONE","PASSENGER","PERSONAL","N","STRAIGHT AHEAD",,,"1",,,,,,,,,"Y",,"Y",,,,,,,"REAR-LEFT",,,,,,,,,,,,,,,,,,,,,,,,,,,,,,,,,
"1302387","c5abc5b73daa0aa7a2c1860915346789492bff14ba65b25d99eb9ab3e36bec934a21be7a5961eb5fb00d2fb011df93e1148d6630eef26fb3d54272e75c0d0cb9",,"2022-03-21T08:07:00.000","1","DRIVER",,"1236827",,"FORD","FOCUS","IL","2008","NONE","PICKUP","PERSONAL","W","CHANGING LANES",,,"1",,,,,"Y",,,,,,,,,,,"Y",,"FRONT",,,,,,,,,,,,,,,,,,,,,,,,,,,,,,,,,
"1302388","c5abc5b73daa0aa7a2c1860915346789492bff14ba65b25d99eb9ab3e36bec934a21be7a5961eb5fb00d2fb011df93e1148d6630eef26fb3d54272e75c0d0cb9",,"2022-03-21T08:07:00.000","2","DRIVER",,"1236833",,"CHEVROLET","CRUZE","IL","2017","NONE","PASSENGER","PERSONAL","SW","PASSING/OVERTAKING",,,"1",,,,,,,,,,,,"Y","Y","Y",,,,"ROOF",,,,,,,,,,,,,,,,,,,,,,,,,,,,,,,,,
"1302442","2cdda37fb1c89b9f4821c519a75461a67443a6c5fef223960ac815eba8dc06205efaaa73a4a72f39bb23290445afefbd1cf8f1aede63a2b7c6843d54edde8a5d",,"2022-03-21T08:05:00.000","2","DRIVER",,"1236882",,"TOYOTA","OTHER (EXPLAIN IN NARRATIVE)","IL","2005","UNKNOWN","PASSENGER","UNKNOWN/NA","N","STRAIGHT AHEAD",,,"1",,,,,,,,,,,,,,,,"Y",,"OTHER",,,,,,,,,,,,,,,,,,,,,,,,,,,,,,,,,
"1302443","2cdda37fb1c89b9f4821c519a75461a67443a6c5fef223960ac815eba8dc06205efaaa73a4a72f39bb23290445afefbd1cf8f1aede63a2b7c6843d54edde8a5d",,"2022-03-21T08:05:00.000","1","DRIVER","3","1236888",,"CHEVROLET","MALIBU","IL","2003","NONE","PASSENGER","PERSONAL","E","STRAIGHT AHEAD",,,"4",,,,,,,"Y","Y",,,,,,,,,,"SIDE-RIGHT",,,,,,,,,,,,,,,,,,,,,,,,,,,,,,,,,
"1302394","549e78710179015b1a2319ff304879e96ec4e10b08cc69e37e287f983ba306a2ff9ccd4ff22ae7df738e9453eafb630115e121bd0bc1442048dfe83d10fa31c5",,"2022-03-21T08:05:00.000","1","DRIVER",,"1236832",,"MITSUBISHI","OUTLANDER","IL","2014","NONE","PASSENGER","PERSONAL","W","STRAIGHT AHEAD",,,"1",,,,,"Y",,,,,,,,,,"Y","Y",,"OTHER",,,,,,,,,,,,,,,,,,,,,,,,,,,,,,,,,
"1302395","549e78710179015b1a2319ff304879e96ec4e10b08cc69e37e287f983ba306a2ff9ccd4ff22ae7df738e9453eafb630115e121bd0bc1442048dfe83d10fa31c5",,"2022-03-21T08:05:00.000","2","DRIVER",,"1236841",,"TOYOTA","PRIUS","IL","2014","NONE","PASSENGER","PERSONAL","W","STRAIGHT AHEAD",,,"1",,,,,,,,,,"Y",,,,,,,,"REAR-LEFT",,,,,,,,,,,,,,,,,,,,,,,,,,,,,,,,,
"1302382","615e760b0b336d5a60c9a56e1b3f8f2940192ac44ebb021f65aa82060e0a0bf60cadad300f0df287f17570381a020dddeecad5dba62eec4521107e8859d22a08",,"2022-03-21T07:58:00.000","1","DRIVER",,"1236828",,"CHEVROLET","EXPRESS","IL","2012","UNKNOWN","VAN/MINI-VAN","UNKNOWN/NA","E","STRAIGHT AHEAD",,,"1",,,,,,,,,,,,,,,"Y","Y",,"OTHER",,,,,,,,,,,,,,,,,,,,,,,,,,,,,,,,,
"1302383","615e760b0b336d5a60c9a56e1b3f8f2940192ac44ebb021f65aa82060e0a0bf60cadad300f0df287f17570381a020dddeecad5dba62eec4521107e8859d22a08",,"2022-03-21T07:58:00.000","2","DRIVER",,"1236838",,"KIA","FORTE","IL","2021","UNKNOWN","PASSENGER","PERSONAL","N","TURNING LEFT",,,"1",,,,,,,,,,,,"Y","Y","Y",,,,"ROOF",,,,,,,,,,,,,,,,,,,,,,,,,,,,,,,,,
"1302374","61871a812baec79284f0505540cbec50facc587771ece7ee77684bc026563d556d14bf442b96a85db4011944fdb870610a8ec7a327e0a24aba37c8e5648e4e4a",,"2022-03-21T07:58:00.000","1","DRIVER",,"1236811",,"JEEP","JEEP",,,"UNKNOWN","SPORT UTILITY VEHICLE (SUV)","UNKNOWN/NA","N","SLOW/STOP IN TRAFFIC",,,"1",,,,,,,,,,,,,,,,,"Y","ROOF",,,,,,,,,,,,,,,,,,,,,,,,,,,,,,,,,
"1302375","61871a812baec79284f0505540cbec50facc587771ece7ee77684bc026563d556d14bf442b96a85db4011944fdb870610a8ec7a327e0a24aba37c8e5648e4e4a",,"2022-03-21T07:58:00.000","2","DRIVER",,"1236818","Y","DODGE","OTHER (EXPLAIN IN NARRATIVE)","IL","2016","NONE","VAN/MINI-VAN","OTHER","S","SLOW/STOP IN TRAFFIC",,,"1",,,,"Y",,,,,,,,,,,,,,"ROOF","14267",,,,,,"SCR MEDICAL TRANSPORTATION INC",,,,,,,,,,,,,,,,,,,,,,,,,,
"1302378","49e3c079f553804f7ad0e1951ead03970d7985965cbcbc3370ce5d54840746ba6ac169422c7c277e77241848e3b1e0d7d6083cc3dcd36e87eb829c6a7088c147",,"2022-03-21T07:55:00.000","1","DRIVER",,"1236817",,"TOYOTA","SIENNA","IL","2002","UNKNOWN","VAN/MINI-VAN","UNKNOWN/NA","E","STRAIGHT AHEAD",,,"1",,,,,,,,,,,,,,,,,"Y","OTHER",,,,,,,,,,,,,,,,,,,,,,,,,,,,,,,,,
"1302379","49e3c079f553804f7ad0e1951ead03970d7985965cbcbc3370ce5d54840746ba6ac169422c7c277e77241848e3b1e0d7d6083cc3dcd36e87eb829c6a7088c147",,"2022-03-21T07:55:00.000","2","DRIVER",,"1236823",,"HONDA","PILOT","IL","2005","NONE","PASSENGER","PERSONAL","N","STRAIGHT AHEAD","Y",,"1",,,,,"Y","Y",,,,,,,,,,,,"FRONT",,,,,,,,,,,,,,,,,,,,,,,,,,,,,,,,,
"1303006","7085215735e1a376df7d6bde37a4e8797acae3a507438c715d12031e1f337e21417eff6cb3ce46c064ed4008c086c78f2896cb25d755439116fccddd80072bc2",,"2022-03-21T07:50:00.000","1","DRIVER",,"1237427",,"UNKNOWN","OTHER (EXPLAIN IN NARRATIVE)",,,"UNKNOWN","UNKNOWN/NA","UNKNOWN/NA","W","STRAIGHT AHEAD",,,"1",,,,,"Y","Y",,,,,,,,,,,,"FRONT",,,,,,,,,,,,,,,,,,,,,,,,,,,,,,,,,
"1303007","7085215735e1a376df7d6bde37a4e8797acae3a507438c715d12031e1f337e21417eff6cb3ce46c064ed4008c086c78f2896cb25d755439116fccddd80072bc2",,"2022-03-21T07:50:00.000","2","DRIVER",,"1237428",,"CHEVROLET","OTHER (EXPLAIN IN NARRATIVE)","IL","2015","NONE","PASSENGER","PERSONAL","W","STRAIGHT AHEAD",,,"1",,,,,,,,,,,,,,"Y","Y",,,"TOTAL (ALL AREAS)",,,,,,,,,,,,,,,,,,,,,,,,,,,,,,,,,
"1302389","f97a914ad1dbb5b9a0bdd6491b8c531caf92c284c103b057f467a5db51864ab165740d4079a62542f335bea8343ffb462249186e2dbc5bbbe8a6514d448e78d5",,"2022-03-21T07:47:00.000","1","NON-CONTACT VEHICLE",,"1236843",,"UNKNOWN","OTHER (EXPLAIN IN NARRATIVE)","IL",,"UNKNOWN","PASSENGER","PERSONAL","E","UNKNOWN/NA",,,"1",,,,,,,,,,,,,,,,,,,,,,,,,,,,,,,,,,,,,,,,,,,,,,,,,,,
"1302396","f97a914ad1dbb5b9a0bdd6491b8c531caf92c284c103b057f467a5db51864ab165740d4079a62542f335bea8343ffb462249186e2dbc5bbbe8a6514d448e78d5",,"2022-03-21T07:47:00.000","1","DRIVER",,"1236836",,"HONDA","CIVIC","IL","2012","NONE","PASSENGER","PERSONAL","E","STRAIGHT AHEAD","Y",,"1",,"TURBO","6856 S. SOUTH CHICAGO",,"Y","Y","Y","Y","Y",,"Y","Y","Y","Y","Y","Y",,"UNKNOWN",,,,,,,,,,,,,,,,,,,,,,,,,,,,,,,,,
"1302362","334d4f868ed7a5bb9acb91a8d27477f2a5522d94a6f3d68249af874436f287964d3248a493b1925d59db0d5c248ffd1cde7e8c2fc403f8fad6c4fd9b68f64e9d",,"2022-03-21T07:45:00.000","1","DRIVER",,"1236803","Y","UNKNOWN","OTHER (EXPLAIN IN NARRATIVE)",,"2012","NONE","TRUCK - SINGLE UNIT","UNKNOWN/NA","N","TURNING LEFT",,,"1",,,,,,,,,,,,,,,,,"Y","UNKNOWN","14266","1993091",,,,,"INNOVATIVE INTERMODAL INC","IL","WOODRIDGE",,,,"N","N",,"N",,"N","N",,,,,,,,,"SINGLE UNIT TRUCK, 2 AXLES, 6 TIRES","VAN/ENCLOSED BOX","UNKNOWN","N","N",
"1302363","334d4f868ed7a5bb9acb91a8d27477f2a5522d94a6f3d68249af874436f287964d3248a493b1925d59db0d5c248ffd1cde7e8c2fc403f8fad6c4fd9b68f64e9d",,"2022-03-21T07:45:00.000","2","DRIVER",,"1236812",,"TOYOTA","CAMRY","IL","2020","NONE","PASSENGER","UNKNOWN/NA","N","TURNING LEFT",,,"1",,,,,,,,"Y","Y",,,,,,,,,"REAR-RIGHT",,,,,,,,,,,,,,,,,,,,,,,,,,,,,,,,,
"1302364","7f2da21a1a8d2c4f7980279dd7874f50b23036f2e9f9272431a29847d4c80ecc83d4ed32229bf32cc35e0640c7d09f51b651cca8dacf7188a89fa29eb8522b0f",,"2022-03-21T07:45:00.000","1","DRIVER",,"1236800",,"HYUNDAI","OTHER (EXPLAIN IN NARRATIVE)","IL",,"UNKNOWN","UNKNOWN/NA","UNKNOWN/NA","S","STRAIGHT AHEAD",,,"1",,,,,,,,,,,,,,,,,"Y","OTHER",,,,,,,,,,,,,,,,,,,,,,,,,,,,,,,,,
"1302365","7f2da21a1a8d2c4f7980279dd7874f50b23036f2e9f9272431a29847d4c80ecc83d4ed32229bf32cc35e0640c7d09f51b651cca8dacf7188a89fa29eb8522b0f",,"2022-03-21T07:45:00.000","2","DRIVER",,"1236813",,"FORD","TRANSIT","IL","2021","NONE","VAN/MINI-VAN","OTHER","E","STRAIGHT AHEAD",,,"1",,,,,,,,,,,,,,"Y","Y",,,"TOTAL (ALL AREAS)",,,,,,,,,,,,,,,,,,,,,,,,,,,,,,,,,
"1302411","caf3bbc1d5de58ffda08287e734652302b691c4f5afd968743f50275c1e5fe811ceb533606acc352ea0c94fa20f3ed9bccf7ed1457e17f256b0d0468bdd9b54c",,"2022-03-21T07:40:00.000","1","DRIVER",,"1236846",,"UNKNOWN","OTHER (EXPLAIN IN NARRATIVE)",,,"UNKNOWN","TRUCK - SINGLE UNIT","UNKNOWN/NA","W","TURNING RIGHT",,,"1",,,,,,,,,,,,,,,,,"Y","UNKNOWN",,,,,,,,,,,,,,,,,,,,,,,,,,,,,,,,,
"1302412","caf3bbc1d5de58ffda08287e734652302b691c4f5afd968743f50275c1e5fe811ceb533606acc352ea0c94fa20f3ed9bccf7ed1457e17f256b0d0468bdd9b54c",,"2022-03-21T07:40:00.000","2","PARKED",,"1236850",,"FORD","EDGE","IL","2014","NONE","PASSENGER","PERSONAL","N","PARKED",,,"0",,,,,,,,,,,"Y","Y",,,,,,"FRONT-LEFT",,,,,,,,,,,,,,,,,,,,,,,,,,,,,,,,,
"1302637","2ebb9492b66b28d43c2681f60a2ca281ac6ccb80b68c6f5e8b57f33a136b69b7e19db6931e9032a00f5bd7794e035de2dcf5354a2bafd1ca87dc028b15ba0b69",,"2022-03-21T07:35:00.000","1","DRIVER",,"1237068",,"TOYOTA","COROLLA","IL","2019","UNKNOWN","PASSENGER","UNKNOWN/NA","W","TURNING LEFT",,,"1",,,,,"N",,,,,,,,,,,,"Y","FRONT",,,,,,,,,,,,,,,,,,,,,,,,,,,,,,,,,
"1302638","2ebb9492b66b28d43c2681f60a2ca281ac6ccb80b68c6f5e8b57f33a136b69b7e19db6931e9032a00f5bd7794e035de2dcf5354a2bafd1ca87dc028b15ba0b69",,"2022-03-21T07:35:00.000","2","DRIVER","2","1237079",,"LEXUS","RX","IL","2017","NONE","SPORT UTILITY VEHICLE (SUV)","PERSONAL","W","STRAIGHT AHEAD",,,"3",,,,,,,,,,"Y","Y",,,,,,,"SIDE-LEFT",,,,,,,,,,,,,,,,,,,,,,,,,,,,,,,,,
"1302386","91333ee80a5ee8c20944caf47c91a6ca2617163597a9c1f0bc2931fec5bce7af820f9f9a9227aaad7364c94d07d4394bfe34531e6017e7a144a03aec7f945d5c",,"2022-03-21T07:33:00.000","1","DRIVER",,"1236830","Y","FREIGHTLINER CORPORATION","OTHER (EXPLAIN IN NARRATIVE)","IN","2022","UNKNOWN","TRACTOR W/ SEMI-TRAILER","OTHER","W","BACKING",,,"1",,,,,,,,,,,,,,,,,,"REAR-LEFT","14268","305173",,,,,"PENSKE TRUCK","PA","READING",,,,,,,,,,,,,,,,,,,,,,,,
"1302368","a79bf08b0863dcd5ecd736605623aa785720fbeddc9896b817817cb1681adc1b640a7fbb3b554b2cd0dc6d13b3a60df7f602870e21769c03e41b5e5b8f010117",,"2022-03-21T07:33:00.000","1","DRIVER",,"1236805",,"HYUNDAI","AZERA","IL","2008","UNKNOWN","PASSENGER","UNKNOWN/NA","NE","U-TURN",,,"1",,,,,,,,,,,"Y","Y","Y","Y","Y",,,"ROOF",,,,,,,,,,,,,,,,,,,,,,,,,,,,,,,,,
"1302369","a79bf08b0863dcd5ecd736605623aa785720fbeddc9896b817817cb1681adc1b640a7fbb3b554b2cd0dc6d13b3a60df7f602870e21769c03e41b5e5b8f010117",,"2022-03-21T07:33:00.000","2","DRIVER",,"1236810",,"KENWORTH MOTOR TRUCK COMPANY","KENWORTH MOTOR TRUCK CO.","IL","2015","UNKNOWN","TRACTOR W/ SEMI-TRAILER","OTHER","E","STRAIGHT AHEAD",,,"1",,,,,"Y",,,,,,,,,,,,,"FRONT",,,,,,,,,,,,,,,,,,,,,,,,,,,,,,,,,
"1302407","5536d001b4cdbf1101405218b8b486525f2c60362db5047323fbf9d9189ecaad04fe7259cc30a5b483ef10c561f45beb77d46f7b0786869c4f93ec516ac7b714",,"2022-03-21T07:30:00.000","1","DRIVER",,"1236849",,"UNKNOWN","MOTORIZED","IL",,"UNKNOWN","UNKNOWN/NA","UNKNOWN/NA","W","STRAIGHT AHEAD",,,"1",,,,,,,,,,,,,,,,,"Y","UNKNOWN",,,,,,,,,,,,,,,,,,,,,,,,,,,,,,,,,
"1302408","5536d001b4cdbf1101405218b8b486525f2c60362db5047323fbf9d9189ecaad04fe7259cc30a5b483ef10c561f45beb77d46f7b0786869c4f93ec516ac7b714",,"2022-03-21T07:30:00.000","2","DRIVER",,"1236845",,"DODGE","DURANGO","IL","2018","NONE","PASSENGER","PERSONAL","N","STRAIGHT AHEAD","Y",,"1",,"Third Party","Residence",,,,,"Y","Y","Y",,,,,,,,"REAR",,,,,,,,,,,,,,,,,,,,,,,,,,,,,,,,,
"1302473","bc2f1a4b79a9f929fbd26fa5355f19b8f3576a58156ed2e0c4a7acb077174335e4640ab5348f9fdeae1d75a6790301ce85a340a1cd36774a7cbd5cca67bc2c5f",,"2022-03-21T07:30:00.000","1","DRIVER",,"1236912",,"CHEVROLET","CRUZE","IN","2017","NONE","PASSENGER","PERSONAL","E","ENTERING TRAFFIC LANE FROM PARKING",,,"1",,,,,,,,,,,,,,,"Y",,,"TOTAL (ALL AREAS)",,,,,,,,,,,,,,,,,,,,,,,,,,,,,,,,,
"1302474","bc2f1a4b79a9f929fbd26fa5355f19b8f3576a58156ed2e0c4a7acb077174335e4640ab5348f9fdeae1d75a6790301ce85a340a1cd36774a7cbd5cca67bc2c5f",,"2022-03-21T07:30:00.000","2","DRIVER",,"1236913",,"CHEVROLET","EQUINOX","IL","2017","NONE","PASSENGER","PERSONAL","E","STRAIGHT AHEAD",,,"1",,,,,,,,,"Y",,,,,,,,,"REAR",,,,,,,,,,,,,,,,,,,,,,,,,,,,,,,,,
"1302886","c1dfaf30d3a65022602afaea5a913b66f621453b34e57030770f25ec8067a97b4294de4b1a0e9ce928363c42ca3e832cd8f4f35859cccc89891a8cc83b42f4d9",,"2022-03-21T07:30:00.000","1","DRIVER",,"1237310",,"MAZDA","OTHER (EXPLAIN IN NARRATIVE)","IL",,"UNKNOWN","PASSENGER","PERSONAL","W","TURNING LEFT",,,"1",,,,,"Y","Y",,,,,,,,,,,,"FRONT",,,,,,,,,,,,,,,,,,,,,,,,,,,,,,,,,
"1302889","c1dfaf30d3a65022602afaea5a913b66f621453b34e57030770f25ec8067a97b4294de4b1a0e9ce928363c42ca3e832cd8f4f35859cccc89891a8cc83b42f4d9",,"2022-03-21T07:30:00.000","2","DRIVER",,"1237313",,"FORD","FUSION","IL","2017","UNKNOWN","PASSENGER","PERSONAL","S","STRAIGHT AHEAD",,,"1",,,,,,,,,,,,,,"Y","Y",,,"TOTAL (ALL AREAS)",,,,,,,,,,,,,,,,,,,,,,,,,,,,,,,,,
"1302471","58f4677ce1b8323091562b0ae1bcdda6b6e71075b70cac2804444f96d27bc0e3f98a73cb388297de0c8af8e1f8372695c5c9aee772b472e9412e3468a4919cf2",,"2022-03-21T07:20:00.000","1","DRIVER",,"1236916",,"DODGE","OTHER (EXPLAIN IN NARRATIVE)","CO",,"UNKNOWN","PICKUP","UNKNOWN/NA","N","STRAIGHT AHEAD",,,"1",,,,,"N",,,,,,,,,,"N","N","Y","OTHER",,,,,,,,,,,,,,,,,,,,,,,,,,,,,,,,,
"1302472","58f4677ce1b8323091562b0ae1bcdda6b6e71075b70cac2804444f96d27bc0e3f98a73cb388297de0c8af8e1f8372695c5c9aee772b472e9412e3468a4919cf2",,"2022-03-21T07:20:00.000","2","DRIVER",,"1236919",,"HYUNDAI","ELANTRA","IL","2012","UNKNOWN","PASSENGER","PERSONAL","S","TURNING LEFT",,,"1",,,,,"Y","Y","Y","Y",,,,,,,,"Y",,"FRONT",,,,,,,,,,,,,,,,,,,,,,,,,,,,,,,,,
"1302502","4411e9202a009862bb781ec8fbccefb1a0f31c7655aee10f47f06e14c1e0d8bf34708fa8fe52215a47873e0eba3cdb78cf408df97c4a22d7675ea336ab9976f5",,"2022-03-21T07:10:00.000","1","DRIVER",,"1236938",,"BUICK","ENCORE","IL","2015","UNKNOWN","PASSENGER","PERSONAL","S","PASSING/OVERTAKING",,,"1",,,,,"Y","Y",,,,,,,,,,,,"FRONT",,,,,,,,,,,,,,,,,,,,,,,,,,,,,,,,,
"1302503","4411e9202a009862bb781ec8fbccefb1a0f31c7655aee10f47f06e14c1e0d8bf34708fa8fe52215a47873e0eba3cdb78cf408df97c4a22d7675ea336ab9976f5",,"2022-03-21T07:10:00.000","2","DRIVER",,"1236982",,"HONDA","HR-V","IL",,"NONE","PASSENGER","UNKNOWN/NA","S","STRAIGHT AHEAD",,,"1",,,,,,,,,,,"Y","Y",,"Y","Y",,,"ROOF",,,,,,,,,,,,,,,,,,,,,,,,,,,,,,,,,
"1302352","657a4987cd92e21899d62683ee2221c4a7667fc287d2791d8b0fbe08c2abcdf422a6130e1edbec24266e51bc77e4146820afa3e5b6054eb994197078ebce18f6",,"2022-03-21T07:00:00.000","1","DRIVER",,"1236792",,"HONDA","CR-V","IL","2006","UNKNOWN","PASSENGER","PERSONAL","S","STRAIGHT AHEAD",,,"1",,,,,"Y",,,,,,,,,,"Y","Y",,"OTHER",,,,,,,,,,,,,,,,,,,,,,,,,,,,,,,,,
"1302353","657a4987cd92e21899d62683ee2221c4a7667fc287d2791d8b0fbe08c2abcdf422a6130e1edbec24266e51bc77e4146820afa3e5b6054eb994197078ebce18f6",,"2022-03-21T07:00:00.000","2","PARKED",,"1236795",,"HONDA","CIVIC","IL","2005","UNKNOWN","PASSENGER","NOT IN USE","S","PARKED",,,"0",,,,,,,,,"Y","Y",,,,,,,,"REAR",,,,,,,,,,,,,,,,,,,,,,,,,,,,,,,,,