"crash_unit_id","crash_record_id","rd_no","crash_date","unit_no","unit_type","num_passengers","vehicle_id","cmrc_veh_i","make","model","lic_plate_state","vehicle_year","vehicle_defect","vehicle_type","vehicle_use","travel_direction","maneuver","towed_i","fire_i","occupant_cnt","exceed_speed_limit_i","towed_by","towed_to","area_00_i","area_01_i","area_02_i","area_03_i","area_04_i","area_05_i","area_06_i","area_07_i","area_08_i","area_09_i","area_10_i","area_11_i","area_12_i","area_99_i","first_contact_point","cmv_id","usdot_no","ccmc_no","ilcc_no","commercial_src","gvwr","carrier_name","carrier_state","carrier_city","hazmat_placards_i","hazmat_name","un_no","hazmat_present_i","hazmat_report_i","hazmat_report_no","mcs_report_i","mcs_report_no","hazmat_vio_cause_crash_i","mcs_vio_cause_crash_i","idot_permit_no","wide_load_i","trailer1_width","trailer2_width","trailer1_length","trailer2_length","total_vehicle_length","axle_cnt","vehicle_config","cargo_body_type","load_type","hazmat_out_of_service_i","mcs_out_of_service_i","hazmat_class"
"1302354","657a4987cd92e21899d62683ee2221c4a7667fc287d2791d8b0fbe08c2abcdf422a6130e1edbec24266e51bc77e4146820afa3e5b6054eb994197078ebce18f6",,"2022-03-21T07:00:00.000","3","PARKED",,"1236796",,"CHEVROLET","CRUZE","IL","2011","UNKNOWN","PASSENGER","NOT IN USE","S","PARKED","Y",,"0",,"PRIVATE TOW",,,,,,,"Y","Y","Y",,,,,,,"REAR-LEFT",,,,,,,,,,,,,,,,,,,,,,,,,,,,,,,,,
"1302484","9ccb5fcbdedb030778b5d366d62f188361966e64c4386765064c21d33a1ef6ab803622e7c5e7c152519fb42bfcdea559913e0be2688195570539b7bb78ffe8a6",,"2022-03-21T07:00:00.000","1","DRIVER",,"1236918",,"CHEVROLET","OTHER (EXPLAIN IN NARRATIVE)","IL","2019","UNKNOWN","PASSENGER","UNKNOWN/NA","W","UNKNOWN/NA",,,"1",,,,,,,,,,,,,,,,,"Y","OTHER",,,,,,,,,,,,,,,,,,,,,,,,,,,,,,,,,
"1302485","9ccb5fcbdedb030778b5d366d62f188361966e64c4386765064c21d33a1ef6ab803622e7c5e7c152519fb42bfcdea559913e0be2688195570539b7bb78ffe8a6",,"2022-03-21T07:00:00.000","2","DRIVER",,"1236923",,"CADILLAC","CTS","IL","2005","NONE","PASSENGER","UNKNOWN/NA","W","SLOW/STOP IN TRAFFIC",,,"1",,,,,,,,,,"Y",,,,,,,,"REAR-LEFT",,,,,,,,,,,,,,,,,,,,,,,,,,,,,,,,,
"1302346","a655f84a770ab054146e60b59cc1c9f32466a6006f3252c8b60c1b10535a1775da97015d1dd2d2e632e081914160309f0f271558162f7b7cfcd915223704c357",,"2022-03-21T07:00:00.000","1","DRIVER",,"1236788",,"UNKNOWN","MOTORIZED",,,"UNKNOWN","SPORT UTILITY VEHICLE (SUV)","PERSONAL","W","PASSING/OVERTAKING",,,"1",,,,,,,,,,,,,,,"Y",,,"TOTAL (ALL AREAS)",,,,,,,,,,,,,,,,,,,,,,,,,,,,,,,,,
"1302347","a655f84a770ab054146e60b59cc1c9f32466a6006f3252c8b60c1b10535a1775da97015d1dd2d2e632e081914160309f0f271558162f7b7cfcd915223704c357",,"2022-03-21T07:00:00.000","2","DRIVER",,"1236789",,"TOYOTA","PRIUS","IN","2010","NONE","PASSENGER","PERSONAL","W","STRAIGHT AHEAD",,,"1",,,,,,,,,"Y","Y",,,,,,,,"REAR",,,,,,,,,,,,,,,,,,,,,,,,,,,,,,,,,
"1302344","c451ee15fbef1c214ac4805a84bae69a32d30ffded8477e71ec05f1135b72c0459acd3228dcfa086277b89cae5eb28b4614da352df7f29965b027f10b2fd1fda",,"2022-03-21T07:00:00.000","1","DRIVER",,"1236786",,"UNKNOWN","MOTORIZED","WI",,"UNKNOWN","OTHER","TOW TRUCK","N","STRAIGHT AHEAD",,,"1",,,,,,,,,,,,,"Y","Y","Y",,,"ROOF",,,,,,,,,,,,,,,,,,,,,,,,,,,,,,,,,
"1302345","c451ee15fbef1c214ac4805a84bae69a32d30ffded8477e71ec05f1135b72c0459acd3228dcfa086277b89cae5eb28b4614da352df7f29965b027f10b2fd1fda",,"2022-03-21T07:00:00.000","2","DRIVER",,"1236787",,"NISSAN","SENTRA","IL","2013","NONE","PASSENGER","PERSONAL","N","STRAIGHT AHEAD",,,"1",,,,,"Y","Y","Y",,,,,,,,,,,"FRONT-RIGHT",,,,,,,,,,,,,,,,,,,,,,,,,,,,,,,,,
"1302359","1838dec0ef6158c12eb2e1ee3d32853cd8191a32baeae7061c36885ed9e4010c8c53c7f079fbaeb786a53e94570e08376f27519dfc0fb254dfb8a7d2e073c306",,"2022-03-21T06:55:00.000","1","DRIVER",,"1236819",,"BUICK","ENCORE","IL","2016","NONE","PASSENGER","PERSONAL","NE","TURNING LEFT","Y",,"1",,,,,,,"Y","Y",,,,,,,,,,"SIDE-RIGHT",,,,,,,,,,,,,,,,,,,,,,,,,,,,,,,,,
"1302360","1838dec0ef6158c12eb2e1ee3d32853cd8191a32baeae7061c36885ed9e4010c8c53c7f079fbaeb786a53e94570e08376f27519dfc0fb254dfb8a7d2e073c306",,"2022-03-21T06:55:00.000","2","DRIVER",,"1236799",,"VOLKSWAGEN","PASSAT","IL","2013","NONE","PASSENGER","PERSONAL","W","STRAIGHT AHEAD","Y",,"1",,,,"Y","Y",,,,,,,,,,,,,"FRONT",,,,,,,,,,,,,,,,,,,,,,,,,,,,,,,,,
"1302370","315e38c6a66a96a62d6986e9efe3445119efaaf163c4e09615d2eb014b6b412a868678f6f032271c8f0cafb362f6970cc51275ee696033fc39134cd82aac58df",,"2022-03-21T06:54:00.000","1","DRIVER","1","1236809",,"TOYOTA","COROLLA","IL","2003","NONE","PASSENGER","PERSONAL","N","STRAIGHT AHEAD","Y",,"2",,"private",,,,,,,,,,,,"Y","Y",,,"TOTAL (ALL AREAS)",,,,,,,,,,,,,,,,,,,,,,,,,,,,,,,,,
"1302371","315e38c6a66a96a62d6986e9efe3445119efaaf163c4e09615d2eb014b6b412a868678f6f032271c8f0cafb362f6970cc51275ee696033fc39134cd82aac58df",,"2022-03-21T06:54:00.000","2","DRIVER","2","1236820",,"HYUNDAI","SONATA","IL","2011","NONE","PASSENGER","PERSONAL","N","STRAIGHT AHEAD","Y",,"3",,"private",,,,,,"Y","Y",,,,,,,,,"REAR",,,,,,,,,,,,,,,,,,,,,,,,,,,,,,,,,
"1302519","fb1153728cb51ff40c2775bd3ddddd2e13b45b825073c5d2cf7c4f8826e4a054dfcd9ca5dda9a198b83914450d24f984911377f446416e9ba139713188e7ef1a",,"2022-03-21T06:30:00.000","1","DRIVER",,"1236962",,"SUBARU","OTHER (EXPLAIN IN NARRATIVE)","IL","2015","UNKNOWN","PASSENGER","UNKNOWN/NA","E","STRAIGHT AHEAD",,,"1",,,,,,,,,,,,,,,,"Y",,"OTHER",,,,,,,,,,,,,,,,,,,,,,,,,,,,,,,,,
"1302520","fb1153728cb51ff40c2775bd3ddddd2e13b45b825073c5d2cf7c4f8826e4a054dfcd9ca5dda9a198b83914450d24f984911377f446416e9ba139713188e7ef1a",,"2022-03-21T06:30:00.000","2","DRIVER",,"1236959",,"HYUNDAI","ELANTRA","IL","2020","NONE","PASSENGER","PERSONAL","E","SLOW/STOP IN TRAFFIC",,,"1",,,,,,,,,"Y","Y",,,,,,,,"REAR-LEFT",,,,,,,,,,,,,,,,,,,,,,,,,,,,,,,,,
"1302421","4c8a9a76c39f66f8c2c5a7fb0ce342386e1c696f3798ef44a70fe973b8d6cdf52d317b0d024c66f13a682e5bd916952c83d13672317f7cba30e7ab64ce52b878",,"2022-03-21T05:35:00.000","1","DRIVER",,"1236861",,"UNKNOWN","ENCLOSED BODY","IL",,"UNKNOWN","PASSENGER","UNKNOWN/NA","N","STRAIGHT AHEAD",,,"1",,,,,,,,,,,,,,,,"N","Y","OTHER",,,,,,,,,,,,,,,,,,,,,,,,,,,,,,,,,
"1302422","4c8a9a76c39f66f8c2c5a7fb0ce342386e1c696f3798ef44a70fe973b8d6cdf52d317b0d024c66f13a682e5bd916952c83d13672317f7cba30e7ab64ce52b878",,"2022-03-21T05:35:00.000","2","DRIVER",,"1236869",,"NISSAN","ROGUE","IL","2015","NONE","PASSENGER","PERSONAL","S","TURNING LEFT",,,"1",,,,,,,,,,,,,,,"Y",,,"TOTAL (ALL AREAS)",,,,,,,,,,,,,,,,,,,,,,,,,,,,,,,,,
"1302755","acc64a8ad68a5c9c60dd35abbe506230c1709ef19af9664a79e8e59ed57f940ad791946361b35640a26a0811aef1eaf723a18f0a2488c3c7f2fabe0355cef06d",,"2022-03-21T05:30:00.000","1","DRIVER",,"1237181",,"UNKNOWN","MOTORIZED",,,"UNKNOWN","UNKNOWN/NA","UNKNOWN/NA","UNKNOWN","UNKNOWN/NA",,,"1",,,,,,,,,,,,,,,,,"Y","UNKNOWN",,,,,,,,,,,,,,,,,,,,,,,,,,,,,,,,,
"1302756","acc64a8ad68a5c9c60dd35abbe506230c1709ef19af9664a79e8e59ed57f940ad791946361b35640a26a0811aef1eaf723a18f0a2488c3c7f2fabe0355cef06d",,"2022-03-21T05:30:00.000","2","PARKED",,"1237184",,"CHEVROLET","CRUZE","IL","2016","NONE","PASSENGER","NOT IN USE","E","PARKED",,,"0",,,,,"Y",,,,,,,,,,"N","N",,"FRONT",,,,,,,,,,,,,,,,,,,,,,,,,,,,,,,,,
"1302337","1227c365f75aef0841c4c000ed6308f770022af7c90b78a7d9d9eabdf1cab5d8a891ef751b9f0b03cc59951b397ff9c1ede8bd2ba4145a84757997a412dbb96d",,"2022-03-21T05:07:00.000","1","DRIVER","1","1236779",,"CADILLAC","ATS","IL","2013","UNKNOWN","PASSENGER","PERSONAL","S","STRAIGHT AHEAD","Y",,"2",,"CITY OF CHICAGO","701 N SACRAMENTO AVE",,,,,,,,,,,,"N",,"Y","UNKNOWN",,,,,,,,,,,,,,,,,,,,,,,,,,,,,,,,,
"1302880","b2f341cc24c8be641ba94d9a63087a903b4a9690a9b6a2fe59aef145e5a2b4ec16b2c6dbd2e918cd3c99620988352c7e38edb3f7f8329c47d9fe60dfa91fc048",,"2022-03-21T04:00:00.000","1","DRIVER",,"1237298",,"UNKNOWN","MOTORIZED","IL",,"UNKNOWN","UNKNOWN/NA","UNKNOWN/NA","UNKNOWN","UNKNOWN/NA",,,"1",,,,,,,,,,,,,,,,,"Y","UNKNOWN",,,,,,,,,,,,,,,,,,,,,,,,,,,,,,,,,
"1302881","b2f341cc24c8be641ba94d9a63087a903b4a9690a9b6a2fe59aef145e5a2b4ec16b2c6dbd2e918cd3c99620988352c7e38edb3f7f8329c47d9fe60dfa91fc048",,"2022-03-21T04:00:00.000","2","PARKED",,"1237304",,"JEEP","WRANGLER","IL","2016","NONE","PASSENGER","PERSONAL","W","PARKED",,,"0",,,,,,,,,,,,,,"Y","Y","Y",,"TOTAL (ALL AREAS)",,,,,,,,,,,,,,,,,,,,,,,,,,,,,,,,,
"1302322","55970a1a106ad343e433b83938ddc1faa03761136c617619b15762dfeaeab9085156612886318187fad803a57b5ea194c17bb41be64745f948bb054d9f962fbe",,"2022-03-21T03:15:00.000","1","DRIVER",,"1236767",,"UNKNOWN","OTHER (EXPLAIN IN NARRATIVE)",,,"UNKNOWN","PASSENGER","UNKNOWN/NA","N","STRAIGHT AHEAD",,,"1",,,,,,,,,,,,,,,,"Y",,"OTHER",,,,,,,,,,,,,,,,,,,,,,,,,,,,,,,,,
"1302323","55970a1a106ad343e433b83938ddc1faa03761136c617619b15762dfeaeab9085156612886318187fad803a57b5ea194c17bb41be64745f948bb054d9f962fbe",,"2022-03-21T03:15:00.000","2","DRIVER",,"1236764",,"CHRYSLER","300","IL","2012","NONE","PASSENGER","PERSONAL","N","STRAIGHT AHEAD",,,"1",,,,,,,,,,"Y",,,,,,,,"REAR-LEFT",,,,,,,,,,,,,,,,,,,,,,,,,,,,,,,,,
"1302320","7b10e58a2296f12e91246444e86bf265f679b3014898d603c1d6e54ff5503de1f0d70575c5d33b1a0980e1c1fbaeda74ffc1e94f82029890e9aa4fb909b44ffe",,"2022-03-21T03:00:00.000","1","PARKED",,"1236761",,"NISSAN","ALTIMA","IL","2010","NONE","PASSENGER","PERSONAL","UNKNOWN","PARKED",,,"0",,,,,,,,,,,,,,"Y","Y",,,,,,,,,,,,,,,,,,,,,,,,,,,,,,,,,,,,
"1302321","7b10e58a2296f12e91246444e86bf265f679b3014898d603c1d6e54ff5503de1f0d70575c5d33b1a0980e1c1fbaeda74ffc1e94f82029890e9aa4fb909b44ffe",,"2022-03-21T03:00:00.000","2","DRIVER",,"1236763",,"MAZDA","MAZDA3","IL","2013","NONE","PASSENGER","PERSONAL","E","ENTERING TRAFFIC LANE FROM PARKING",,,"1",,,,,,,"N","Y","Y","Y","Y","Y",,,,,,"REAR",,,,,,,,,,,,,,,,,,,,,,,,,,,,,,,,,
"1302324","f1c8e8bef045ae647303bbac0f2e17f7d7d478b99ebec4104c28ac79fe906484437b9e5a0c3a4b6f65502bd118ddb7a07a760792e134f9adabf3aed39348bcd5",,"2022-03-21T02:22:00.000","1","DRIVER","1","1236766",,"JEEP","COMPASS","IL","2017","UNKNOWN","PASSENGER","UNKNOWN/NA","S","STRAIGHT AHEAD","Y",,"2",,"CITY OF CHICAGO","400 E LOWER WACKER",,"Y","Y","Y","Y","Y","Y","Y","Y","Y","Y","Y","Y",,"UNKNOWN",,,,,,,,,,,,,,,,,,,,,,,,,,,,,,,,,
"1302325","8c734dae3bc616bfdcb56b54cf6fb6726af77005e69654672e30d36d950510b04665cca08244707fc9edb33d22029602b549edeae27bdd861c30b49335d81fb3",,"2022-03-21T02:21:00.000","1","DRIVER",,"1236768",,"NISSAN","SENTRA","IL","2021","UNKNOWN","PASSENGER","PERSONAL","S","U-TURN","Y",,"1",,"PRIVATE TOW",,,,,,,,,"Y","Y","Y","Y","Y",,"Y","UNDER CARRIAGE",,,,,,,,,,,,,,,,,,,,,,,,,,,,,,,,,
"1302326","8c734dae3bc616bfdcb56b54cf6fb6726af77005e69654672e30d36d950510b04665cca08244707fc9edb33d22029602b549edeae27bdd861c30b49335d81fb3",,"2022-03-21T02:21:00.000","2","DRIVER","1","1236769",,"LEXUS","IS350","IL","2015","UNKNOWN","UNKNOWN/NA","UNKNOWN/NA","S","PASSING/OVERTAKING","Y",,"2",,"PRIVATE TOW",,,"Y","Y","Y","Y","Y",,,,,,,,"Y","FRONT",,,,,,,,,,,,,,,,,,,,,,,,,,,,,,,,,
"1302317","f94aa1c662c29b76b661effd81a97865b74dff4c673175f5beadb80f47a66bfe4a0c81c154571d7e99a5d3c34adb6c0a2f9c7292954b79d9a588ddcae51531e2",,"2022-03-21T02:00:00.000","1","DRIVER",,"1236759",,"SUBARU","CROSSTREK","IL","2021","UNKNOWN","PASSENGER","PERSONAL","N","STRAIGHT AHEAD","Y",,"1",,,,,"Y",,,,,,,,,,"Y","Y","Y","FRONT",,,,,,,,,,,,,,,,,,,,,,,,,,,,,,,,,
"1302318","f94aa1c662c29b76b661effd81a97865b74dff4c673175f5beadb80f47a66bfe4a0c81c154571d7e99a5d3c34adb6c0a2f9c7292954b79d9a588ddcae51531e2",,"2022-03-21T02:00:00.000","2","PARKED",,"1236762",,"TOYOTA","RAV4","IL","2018","UNKNOWN","PASSENGER","NOT IN USE","N","PARKED",,,"0",,,,,,,,,,"Y","Y",,,,,,"Y","SIDE-LEFT",,,,,,,,,,,,,,,,,,,,,,,,,,,,,,,,,
"1302319","f94aa1c662c29b76b661effd81a97865b74dff4c673175f5beadb80f47a66bfe4a0c81c154571d7e99a5d3c34adb6c0a2f9c7292954b79d9a588ddcae51531e2",,"2022-03-21T02:00:00.000","3","PARKED",,"1236765",,"SUBARU","CROSSTREK","IL","2021","UNKNOWN","PASSENGER","NOT IN USE","N","PARKED",,,"0",,,,,,,,,"Y","Y","Y",,,,,,"Y","REAR-LEFT",,,,,,,,,,,,,,,,,,,,,,,,,,,,,,,,,
"1302843","4c157ee6dfdb3ab0efa49a3559242f7395644f6ad354bf898f4e0b5903af98bd2878e755805863a582b9a1e95f2e2fec46c063287848b9bd22fe3347a60fb590",,"2022-03-21T01:30:00.000","1","DRIVER",,"1237266",,"UNKNOWN","OTHER (EXPLAIN IN NARRATIVE)",,,"UNKNOWN","UNKNOWN/NA","UNKNOWN/NA","UNKNOWN","UNKNOWN/NA",,,"1",,,,,,,,,,,,,,,,,"Y","UNKNOWN",,,,,,,,,,,,,,,,,,,,,,,,,,,,,,,,,
"1302844","4c157ee6dfdb3ab0efa49a3559242f7395644f6ad354bf898f4e0b5903af98bd2878e755805863a582b9a1e95f2e2fec46c063287848b9bd22fe3347a60fb590",,"2022-03-21T01:30:00.000","2","PARKED",,"1237273",,"AUDI","A4","IL","2018","NONE","PASSENGER","PERSONAL","W","PARKED",,,"0",,,,,,,,,,,"N","Y","Y","Y","Y",,,"UNKNOWN",,,,,,,,,,,,,,,,,,,,,,,,,,,,,,,,,
"1302315","05c1c6cd8b899f0a53bbe06cd76b707e79ddd2618e0ca5aeea86483522963c68340afc078445b2c1418ed00e719d952c7fa3a55bcaa89c4e9833900c14c51f8f",,"2022-03-21T01:20:00.000","1","DRIVER",,"1236755",,"NISSAN","ROGUE","IL","2015","NONE","SPORT UTILITY VEHICLE (SUV)","PERSONAL","S","LEAVING TRAFFIC LANE TO PARK",,,"1",,,,,"Y",,,,,,,,,,,,,"FRONT",,,,,,,,,,,,,,,,,,,,,,,,,,,,,,,,,
"1302316","05c1c6cd8b899f0a53bbe06cd76b707e79ddd2618e0ca5aeea86483522963c68340afc078445b2c1418ed00e719d952c7fa3a55bcaa89c4e9833900c14c51f8f",,"2022-03-21T01:20:00.000","2","PARKED",,"1236757",,"BUICK","LESABRE","IL","2004","NONE","PASSENGER","NOT IN USE","S","PARKED",,,"0",,,,,,,,,,,"Y",,,,,,,"SIDE-LEFT",,,,,,,,,,,,,,,,,,,,,,,,,,,,,,,,,
"1302847","0dd4ced69fa38f197ef8c25e097df6aa04ff50c49bf069ad3532e59fc79a9b8c28cb30fcdfa8aa92aed869d017455c95414fd96d37d85cb26936788a37c6c358",,"2022-03-21T01:00:00.000","1","DRIVER",,"1237269",,"UNKNOWN","OTHER (EXPLAIN IN NARRATIVE)",,,"UNKNOWN","UNKNOWN/NA","UNKNOWN/NA","UNKNOWN","UNKNOWN/NA",,,"1",,,,,,,,,,,,,,,,,"Y","UNKNOWN",,,,,,,,,,,,,,,,,,,,,,,,,,,,,,,,,
"1302848","0dd4ced69fa38f197ef8c25e097df6aa04ff50c49bf069ad3532e59fc79a9b8c28cb30fcdfa8aa92aed869d017455c95414fd96d37d85cb26936788a37c6c358",,"2022-03-21T01:00:00.000","2","PARKED",,"1237272",,"HONDA","ACCORD","IL","2004","NONE","PASSENGER","NOT IN USE","S","PARKED",,,"0",,,,,,,,,,"Y","Y",,,,,,,"FRONT-LEFT",,,,,,,,,,,,,,,,,,,,,,,,,,,,,,,,,
"1302908","56f77fdac487f234d504469f22eb82c0051e1f7163925dcff0318549bb6e5610c618556b78b444d80b299df52939f2886a1751a4a67c5140d6efa97cfba34d8c",,"2022-03-21T01:00:00.000","2","DRIVER",,"1237331",,"NISSAN","JUKE","IL","2014","NONE","SPORT UTILITY VEHICLE (SUV)","PERSONAL","N","SLOW/STOP IN TRAFFIC",,,"1",,,,,,,,,"Y","Y","Y",,,,,,"Y","REAR-LEFT",,,,,,,,,,,,,,,,,,,,,,,,,,,,,,,,,
"1302923","56f77fdac487f234d504469f22eb82c0051e1f7163925dcff0318549bb6e5610c618556b78b444d80b299df52939f2886a1751a4a67c5140d6efa97cfba34d8c",,"2022-03-21T01:00:00.000","1","DRIVER",,"1237340",,"CHEVROLET","TRAIL BLAZER","IL",,"UNKNOWN","UNKNOWN/NA","UNKNOWN/NA","N","STRAIGHT AHEAD",,,"1",,,,,"Y",,,,,,,,,,"Y","Y","Y","OTHER",,,,,,,,,,,,,,,,,,,,,,,,,,,,,,,,,
"1302312","bd3a4218baba25bb8ca47b3c896dd61fb5cb40d8acf832935e50307644140a6919056050aeae555784f8371965d476963d66857e8ebe09db43ab2eef8a19d40e",,"2022-03-21T01:00:00.000","1","DRIVER",,"1236756",,"CHEVROLET","SILVERADO","PA","2017","UNKNOWN","PICKUP","UNKNOWN/NA","S","STRAIGHT AHEAD","Y",,"1",,"aaa","private",,"Y","N",,,,,,,,,,,,"FRONT",,,,,,,,,,,,,,,,,,,,,,,,,,,,,,,,,
"1302313","bd3a4218baba25bb8ca47b3c896dd61fb5cb40d8acf832935e50307644140a6919056050aeae555784f8371965d476963d66857e8ebe09db43ab2eef8a19d40e",,"2022-03-21T01:00:00.000","2","PARKED",,"1236758",,"CHEVROLET","MALIBU","IL","2016","UNKNOWN","PASSENGER","PERSONAL","S","PARKED","Y",,"0",,"private","private",,,,,,,"Y","Y","Y",,,,,,"SIDE-LEFT",,,,,,,,,,,,,,,,,,,,,,,,,,,,,,,,,
"1302314","bd3a4218baba25bb8ca47b3c896dd61fb5cb40d8acf832935e50307644140a6919056050aeae555784f8371965d476963d66857e8ebe09db43ab2eef8a19d40e",,"2022-03-21T01:00:00.000","3","PARKED",,"1236760",,"FORD","FUSION","IL","2016","UNKNOWN","PASSENGER","PERSONAL","S","PARKED",,,"0",,,,,,,,,,,,,"Y",,,,,"ROOF",,,,,,,,,,,,,,,,,,,,,,,,,,,,,,,,,
"1302310","406305287a240f8a563aae9495b5bf13731a14d32813411c70dc0ae5506f28fcdefa45615c3b1a34bf8fcb3d749bc43ec231a14ad71198041a6a9df8db3ccbc7",,"2022-03-21T00:30:00.000","1","DRIVER",,"1236752",,"FORD","FOCUS","IL","2013","UNKNOWN","PASSENGER","PERSONAL","NE","TURNING LEFT","Y",,"1",,"PRIVATE TOW COMPANY",,,,,,,,,,,,,"Y","Y",,"TOTAL (ALL AREAS)",,,,,,,,,,,,,,,,,,,,,,,,,,,,,,,,,
"1302311","406305287a240f8a563aae9495b5bf13731a14d32813411c70dc0ae5506f28fcdefa45615c3b1a34bf8fcb3d749bc43ec231a14ad71198041a6a9df8db3ccbc7",,"2022-03-21T00:30:00.000","2","DRIVER",,"1236754",,"JEEP","CHEROKEE","IL","2012","UNKNOWN","SPORT UTILITY VEHICLE (SUV)","PERSONAL","NE","TURNING LEFT",,,"1",,,,,"Y","Y","Y",,,,,,,,,,,"SIDE-RIGHT",,,,,,,,,,,,,,,,,,,,,,,,,,,,,,,,,
"1302917","d3f98f9298ad9a4e7ac090ce84586c092b45ae9094a608de21c1c42c68dae1668c28ea5a30cfe882a8f114f46a5233584f94a0cb91168ff189f2f50fbde4697c",,"2022-03-21T00:30:00.000","1","DRIVER",,"1237335",,"CHEVROLET","IMPALA","IL","2007","UNKNOWN","UNKNOWN/NA","UNKNOWN/NA","E","STRAIGHT AHEAD",,,"1",,,,,,,,,,,,,,,"Y",,,"TOTAL (ALL AREAS)",,,,,,,,,,,,,,,,,,,,,,,,,,,,,,,,,
"1302918","d3f98f9298ad9a4e7ac090ce84586c092b45ae9094a608de21c1c42c68dae1668c28ea5a30cfe882a8f114f46a5233584f94a0cb91168ff189f2f50fbde4697c",,"2022-03-21T00:30:00.000","2","PARKED",,"1237338",,"JEEP","CHEROKEE","IL","2013","NONE","PASSENGER","NOT IN USE","S","PARKED",,,"0",,,,,,,,,,,,,,,,"Y",,"OTHER",,,,,,,,,,,,,,,,,,,,,,,,,,,,,,,,,
"1302355","1b4700bb413c07f42e63561a60a8df7bb797587c38ec05f82fd25c5d9050ba7965adfb0a53e1406d45a1254bb2e4d1a60f002aaa3f2848d1895d24cf3f2f944b",,"2022-03-21T00:10:00.000","1","DRIVER",,"1236793",,"HONDA","OTHER (EXPLAIN IN NARRATIVE)","IL","2002","UNKNOWN","PASSENGER","PERSONAL","E","UNKNOWN/NA",,,"1",,,,,,,,,,,,,,,,"Y",,"OTHER",,,,,,,,,,,,,,,,,,,,,,,,,,,,,,,,,
"1302356","1b4700bb413c07f42e63561a60a8df7bb797587c38ec05f82fd25c5d9050ba7965adfb0a53e1406d45a1254bb2e4d1a60f002aaa3f2848d1895d24cf3f2f944b",,"2022-03-21T00:10:00.000","2","PARKED",,"1236794",,"JEEP","CHEROKEE","IL","2016","NONE","SPORT UTILITY VEHICLE (SUV)","PERSONAL","E","PARKED",,,"0",,,,,,,,,"Y","Y","Y",,,,,,,"REAR-LEFT",,,,,,,,,,,,,,,,,,,,,,,,,,,,,,,,,
"1303131","7348b25d37c1cf4dd68c8cf6c7b092036091ab81b8929a88f4fc71e6d334363f0b2193faadb206e1e41605d863885f47a68cfab6dbf0e2e37bfb2c6b0d39e1a0",,"2022-03-21T00:05:00.000","1","DRIVER",,"1237544",,"UNKNOWN","OTHER (EXPLAIN IN NARRATIVE)","XX",,"UNKNOWN","UNKNOWN/NA","UNKNOWN/NA","N","UNKNOWN/NA",,,"1",,,,"Y",,"Y","Y","Y",,,,,,,,,,"SIDE-RIGHT",,,,,,,,,,,,,,,,,,,,,,,,,,,,,,,,,
"1303132","7348b25d37c1cf4dd68c8cf6c7b092036091ab81b8929a88f4fc71e6d334363f0b2193faadb206e1e41605d863885f47a68cfab6dbf0e2e37bfb2c6b0d39e1a0",,"2022-03-21T00:05:00.000","2","DRIVER",,"1237547",,"TOYOTA","CAMRY","IL","2015","UNKNOWN","UNKNOWN/NA","UNKNOWN/NA","W","UNKNOWN/NA",,,"1",,,,"Y",,,,,,,,,,,,"Y",,"OTHER",,,,,,,,,,,,,,,,,,,,,,,,,,,,,,,,,
"1302296","314b308cb3e51e5e612e575601fc9d395732e2bc7a4b23736821b1930594b02e00332fbf45b526792f79b518713b92aae3a7ed01743d2d4e37118ea7e185d382",,"2022-03-21T00:01:00.000","1","DRIVER",,"1236739",,"FORD","OTHER (EXPLAIN IN NARRATIVE)","IL","2015","UNKNOWN","PICKUP","OTHER","W","STRAIGHT AHEAD",,,"1",,,,,,,,,,,,,,,,,,"ROOF",,,,,,,,,,,,,,,,,,,,,,,,,,,,,,,,,
"1302297","314b308cb3e51e5e612e575601fc9d395732e2bc7a4b23736821b1930594b02e00332fbf45b526792f79b518713b92aae3a7ed01743d2d4e37118ea7e185d382",,"2022-03-21T00:01:00.000","2","DRIVER",,"1236740",,"CHEVROLET","TAHOE","IL","2004","NONE","SPORT UTILITY VEHICLE (SUV)","PERSONAL","E","SLOW/STOP IN TRAFFIC",,,"1",,,,,,,,,,,,,,,,,,"ROOF",,,,,,,,,,,,,,,,,,,,,,,,,,,,,,,,,
"1303287","f983bf4d4a1cf193b0a45af0c8a1fb10148352042bbec9988cb40fc4ac715290f17a48af4ab663b6e30438bd8aae29319af02211d776d3392eaf9e6ecbcf0fdf",,"2022-03-21T00:00:00.000","1","DRIVER",,"1237695",,"UNKNOWN","OTHER (EXPLAIN IN NARRATIVE)","IL",,"UNKNOWN","UNKNOWN/NA","UNKNOWN/NA","UNKNOWN","UNKNOWN/NA",,,"1",,,,,,,,,,,,,,,,,"Y","UNKNOWN",,,,,,,,,,,,,,,,,,,,,,,,,,,,,,,,,
"1303288","f983bf4d4a1cf193b0a45af0c8a1fb10148352042bbec9988cb40fc4ac715290f17a48af4ab663b6e30438bd8aae29319af02211d776d3392eaf9e6ecbcf0fdf",,"2022-03-21T00:00:00.000","2","PARKED",,"1237704",,"BUICK","OTHER (EXPLAIN IN NARRATIVE)","IL","2019","NONE","PASSENGER","PERSONAL","N","PARKED",,,"0",,,,,,,,,,,,"Y","Y",,,,,"ROOF",,,,,,,,,,,,,,,,,,,,,,,,,,,,,,,,,