"crash_unit_id","crash_record_id","rd_no","crash_date","unit_no","unit_type","num_passengers","vehicle_id","cmrc_veh_i","make","model","lic_plate_state","vehicle_year","vehicle_defect","vehicle_type","vehicle_use","travel_direction","maneuver","towed_i","fire_i","occupant_cnt","exceed_speed_limit_i","towed_by","towed_to","area_00_i","area_01_i","area_02_i","area_03_i","area_04_i","area_05_i","area_06_i","area_07_i","area_08_i","area_09_i","area_10_i","area_11_i","area_12_i","area_99_i","first_contact_point","cmv_id","usdot_no","ccmc_no","ilcc_no","commercial_src","gvwr","carrier_name","carrier_state","carrier_city","hazmat_placards_i","hazmat_name","un_no","hazmat_present_i","hazmat_report_i","hazmat_report_no","mcs_report_i","mcs_report_no","hazmat_vio_cause_crash_i","mcs_vio_cause_crash_i","idot_permit_no","wide_load_i","trailer1_width","trailer2_width","trailer1_length","trailer2_length","total_vehicle_length","axle_cnt","vehicle_config","cargo_body_type","load_type","hazmat_out_of_service_i","mcs_out_of_service_i","hazmat_class"
"1302228","bd9a5ca0d4505597b268e2d2a36566ee5671ff55b1dd583729847dcd0b352fa6c1744cb6a96f71622adf71df1e7c4914a7055ddbb689347016e3b3323e102e29",,"2022-03-20T18:24:00.000","1","DRIVER","2","1236663",,"MERCEDES-BENZ","S500","IL","2002","NONE","PASSENGER","PERSONAL","S","STRAIGHT AHEAD","Y",,"3",,"streets and sanitation","400 e lower wacker",,"Y","Y","Y","Y","Y","Y","Y","Y","Y","Y","Y","Y",,"OTHER",,,,,,,,,,,,,,,,,,,,,,,,,,,,,,,,,
"1302193","5bb80242b1269890571c288ec890181f7f61a2224ae763c545044d042ffc2856dbc87b36deb3de304f70037645de3d6832c08fba2f6b8428fc8e1c47bdd7bc92",,"2022-03-20T18:15:00.000","1","DRIVER",,"1236636",,"CHEVROLET","TRAVERSE","IL","2011","BRAKES","PASSENGER","PERSONAL","S","TURNING LEFT",,,"1",,,,,"Y",,,,,,,,,,"Y","Y",,"TOTAL (ALL AREAS)",,,,,,,,,,,,,,,,,,,,,,,,,,,,,,,,,
"1302194","5bb80242b1269890571c288ec890181f7f61a2224ae763c545044d042ffc2856dbc87b36deb3de304f70037645de3d6832c08fba2f6b8428fc8e1c47bdd7bc92",,"2022-03-20T18:15:00.000","2","DRIVER",,"1236641",,"FORD","FOCUS","IL","2016","NONE","PASSENGER","PERSONAL","W","STRAIGHT AHEAD",,,"1",,,,,"Y","Y",,,,,,,,,,"N",,"FRONT",,,,,,,,,,,,,,,,,,,,,,,,,,,,,,,,,
"1302206","304b810d5c1ff44a2e0b09dc527a7bc81dbb3eb862afc5bb04718a2569bdbe7e68ddfeade1eb5b38c7f5c3a6534fe85fa76e722e10672b991da62eab6bbb6563",,"2022-03-20T18:10:00.000","1","DRIVER",,"1236649",,"DODGE","CHALLENGER","IL","2022","UNKNOWN","PASSENGER","OTHER","W","STRAIGHT AHEAD",,,"1",,,,,,,,,,,,,,,,"Y",,"OTHER",,,,,,,,,,,,,,,,,,,,,,,,,,,,,,,,,
"1302207","304b810d5c1ff44a2e0b09dc527a7bc81dbb3eb862afc5bb04718a2569bdbe7e68ddfeade1eb5b38c7f5c3a6534fe85fa76e722e10672b991da62eab6bbb6563",,"2022-03-20T18:10:00.000","2","DRIVER","1","1236645",,"TOYOTA","RAV4","IL","2018","NONE","SPORT UTILITY VEHICLE (SUV)","PERSONAL","W","STRAIGHT AHEAD",,,"2",,,,,,,,,,"Y",,,,,,,,"REAR-LEFT",,,,,,,,,,,,,,,,,,,,,,,,,,,,,,,,,
"1302204","0db63a3c144a52019dfa58445727f5d9ca238297e6278e9726ad9e86569bf4ae3c44ab9c4a77f0ea458b96f3d6b82e1a6dd108aadd72b3e20a11dacfd218a68e",,"2022-03-20T18:00:00.000","1","DRIVER",,"1236646",,"TOYOTA","CAMRY","IL","2009","NONE","PASSENGER","PERSONAL","W","LEAVING TRAFFIC LANE TO PARK",,,"1",,,,,,"Y",,,,,,,,,,,,"SIDE-RIGHT",,,,,,,,,,,,,,,,,,,,,,,,,,,,,,,,,
"1302205","0db63a3c144a52019dfa58445727f5d9ca238297e6278e9726ad9e86569bf4ae3c44ab9c4a77f0ea458b96f3d6b82e1a6dd108aadd72b3e20a11dacfd218a68e",,"2022-03-20T18:00:00.000","2","PARKED","1","1236650",,"MERCEDES-BENZ","SPRINTER","IL","2012","NONE","VAN/MINI-VAN","NOT IN USE","W","PARKED",,,"1",,,,,,,,,,,"Y","Y",,,,,,"FRONT-LEFT",,,,,,,,,,,,,,,,,,,,,,,,,,,,,,,,,
"1302187","6d0e29871e7d8fa54f386d6bf1a3897b10069007edf46cca2745a163463f8b33e7a0168562352707ec8a885b165b51fd40e0ef933cc90b2bf8593ed96846c181",,"2022-03-20T18:00:00.000","1","DRIVER",,"1236629",,"FORD","OTHER (EXPLAIN IN NARRATIVE)","IL","1996","UNKNOWN","VAN/MINI-VAN","UNKNOWN/NA","N","BACKING",,,"1",,,,,,,,,"N",,,,,,,,"Y","REAR-LEFT",,,,,,,,,,,,,,,,,,,,,,,,,,,,,,,,,
"1302188","6d0e29871e7d8fa54f386d6bf1a3897b10069007edf46cca2745a163463f8b33e7a0168562352707ec8a885b165b51fd40e0ef933cc90b2bf8593ed96846c181",,"2022-03-20T18:00:00.000","2","PARKED",,"1236642",,"TOYOTA","RAV4","IL","2016","NONE","SPORT UTILITY VEHICLE (SUV)","PERSONAL","N","PARKED",,,"0",,,,,,,,,"Y",,,,,,,,,"REAR-LEFT",,,,,,,,,,,,,,,,,,,,,,,,,,,,,,,,,
"1302279","e945958c977dae042af0d4c29ded071a52237a4d258a72d00cf377460f80a6e22df20242f9eaac57b335a09628fe3bfa46ba869e621892fd5a39ad721456a56c",,"2022-03-20T18:00:00.000","1","DRIVER","1","1236722",,"MAZDA","MAZDA3","IL","2014","UNKNOWN","PASSENGER","PERSONAL","S","STRAIGHT AHEAD",,,"2",,,,,,,,,,,,,,,,"Y",,"OTHER",,,,,,,,,,,,,,,,,,,,,,,,,,,,,,,,,
"1302280","e945958c977dae042af0d4c29ded071a52237a4d258a72d00cf377460f80a6e22df20242f9eaac57b335a09628fe3bfa46ba869e621892fd5a39ad721456a56c",,"2022-03-20T18:00:00.000","2","DRIVER",,"1236724",,"LEXUS","SC300","IL","2002","UNKNOWN","PASSENGER","PERSONAL","S","STRAIGHT AHEAD",,,"1",,,,,,,,,,"Y",,,,,,,,"REAR-LEFT",,,,,,,,,,,,,,,,,,,,,,,,,,,,,,,,,
"1302849","71fde1e445e83f4216c56804fd57da6df5f3b960aac2405a23bcaae9c20b9cba341631c324e5aec20d86c12e69b78f14a4d5a4585eb804bd3986ebdd18e1ee2a",,"2022-03-20T17:51:00.000","1","DRIVER",,"1237268",,"FORD","FUSION","IL","2016","UNKNOWN","PASSENGER","PERSONAL","W","TURNING LEFT",,,"1",,,,,,,,,,,,,,,"Y",,,"TOTAL (ALL AREAS)",,,,,,,,,,,,,,,,,,,,,,,,,,,,,,,,,
"1302850","71fde1e445e83f4216c56804fd57da6df5f3b960aac2405a23bcaae9c20b9cba341631c324e5aec20d86c12e69b78f14a4d5a4585eb804bd3986ebdd18e1ee2a",,"2022-03-20T17:51:00.000","2","PEDESTRIAN",,,,,,,,,,,,,,,,,,,,,,,,,,,,,,,,,,,,,,,,,,,,,,,,,,,,,,,,,,,,,,,,,,
"1302853","71fde1e445e83f4216c56804fd57da6df5f3b960aac2405a23bcaae9c20b9cba341631c324e5aec20d86c12e69b78f14a4d5a4585eb804bd3986ebdd18e1ee2a",,"2022-03-20T17:51:00.000","3","PEDESTRIAN",,,,,,,,,,,,,,,,,,,,,,,,,,,,,,,,,,,,,,,,,,,,,,,,,,,,,,,,,,,,,,,,,,
"1302189","7f4ea25dcad1c929d433b41d903976c3603fd3e5ac1c1b17e0b853d7500c176312e6eff9c92bae0b9d18c3f063e6e2f9586eedc05a48d0030bf9c57a419ab36a",,"2022-03-20T17:51:00.000","1","DRIVER",,"1236627",,"UNKNOWN","OTHER (EXPLAIN IN NARRATIVE)","XX",,"NONE","SPORT UTILITY VEHICLE (SUV)","UNKNOWN/NA","S","PASSING/OVERTAKING",,,"1",,,,,,,,,,,,,,,,,,"UNKNOWN",,,,,,,,,,,,,,,,,,,,,,,,,,,,,,,,,
"1302190","7f4ea25dcad1c929d433b41d903976c3603fd3e5ac1c1b17e0b853d7500c176312e6eff9c92bae0b9d18c3f063e6e2f9586eedc05a48d0030bf9c57a419ab36a",,"2022-03-20T17:51:00.000","2","DRIVER",,"1236638",,"NOVA BUS","LFS","IL",,"NONE","BUS OVER 15 PASS.","CTA","S","STRAIGHT AHEAD",,,"1",,,,,,,,,,,,,"Y",,,,,"TOTAL (ALL AREAS)",,,,,,,,,,,,,,,,,,,,,,,,,,,,,,,,,
"1302185","8d728deb1e47e202a8dbb2d44fa76c1ee3bb5a1a9359f4acae5a65398812cda6c3af3b634f189c621915ecbaff206ddeb5d5ce98ebcd2a4f225249edfb85843c",,"2022-03-20T17:50:00.000","1","DRIVER",,"1236628","N","TOYOTA","PRIUS","IL","2017","UNKNOWN","PASSENGER","TAXI/FOR HIRE","S","BACKING",,,"1",,,,,,,,,,,"Y",,,,,,,"SIDE-LEFT",,,,,,,,,,,,,,,,,,,,,,,,,,,,,,,,,
"1302186","8d728deb1e47e202a8dbb2d44fa76c1ee3bb5a1a9359f4acae5a65398812cda6c3af3b634f189c621915ecbaff206ddeb5d5ce98ebcd2a4f225249edfb85843c",,"2022-03-20T17:50:00.000","2","DRIVER",,"1236633",,"HONDA","ACCORD","MD","2006","UNKNOWN","PASSENGER","PERSONAL","E","SLOW/STOP IN TRAFFIC",,,"1",,,,,,,,,"Y",,,,,,,,,"REAR",,,,,,,,,,,,,,,,,,,,,,,,,,,,,,,,,
"1302176","a41aa19212c5d1a81011e5b123d9df8e0db10ca6046d1fc7fa2eb0fe397e91cef0d45b96782344e338d040f03c8189ae91647c4a9769dec7700a4b271ef55276",,"2022-03-20T17:50:00.000","1","DRIVER",,"1236619",,"TOYOTA","OTHER (EXPLAIN IN NARRATIVE)","IL","2014","UNKNOWN","UNKNOWN/NA","OTHER","S","ENTERING TRAFFIC LANE FROM PARKING",,,"1",,,,,,,,,,,,,,"N","Y",,,"TOTAL (ALL AREAS)",,,,,,,,,,,,,,,,,,,,,,,,,,,,,,,,,
"1302177","a41aa19212c5d1a81011e5b123d9df8e0db10ca6046d1fc7fa2eb0fe397e91cef0d45b96782344e338d040f03c8189ae91647c4a9769dec7700a4b271ef55276",,"2022-03-20T17:50:00.000","2","DRIVER",,"1236626",,"KIA","SORENTO","IL","2013","NONE","SPORT UTILITY VEHICLE (SUV)","OTHER","S","STRAIGHT AHEAD",,,"1",,,,,"Y","Y",,,,,,,,,,,,"FRONT-RIGHT",,,,,,,,,,,,,,,,,,,,,,,,,,,,,,,,,
"1303487","a34d991406d110a77785fda6e083d275445c11809c02ba177f21ecf0dcc2432cb03b18f324d122d8d579c28219695b6658bb3206c658ce20c274bb4091194ab2",,"2022-03-20T17:46:00.000","1","DRIVER","1","1237909",,"SUBARU","CROSSTREK","IL","2017","UNKNOWN","PASSENGER","UNKNOWN/NA","S","STRAIGHT AHEAD",,,"2",,,,,,,,,,,,,,,"Y",,,"UNDER CARRIAGE",,,,,,,,,,,,,,,,,,,,,,,,,,,,,,,,,
"1303488","a34d991406d110a77785fda6e083d275445c11809c02ba177f21ecf0dcc2432cb03b18f324d122d8d579c28219695b6658bb3206c658ce20c274bb4091194ab2",,"2022-03-20T17:46:00.000","2","DRIVER",,"1237895",,"LEXUS","GS","IL","2018","NONE","PASSENGER","PERSONAL","S","TURNING RIGHT",,,"1",,,,,,,,,"Y",,,,,,,,,"REAR-RIGHT",,,,,,,,,,,,,,,,,,,,,,,,,,,,,,,,,
"1302191","a5d722888bf15ebddd6ae0f667c851348347ad5550afb46bba8edc2a8a94faa1af388d32d0d2f531eebd69bbcef0fa193c0723b2a97a2afa68e16aa03a41f201",,"2022-03-20T17:40:00.000","1","DRIVER",,"1236634",,"HONDA","ACCORD","IL","2016","UNKNOWN","PASSENGER","PERSONAL","N","UNKNOWN/NA","Y",,"1",,"private company",,,,,,,,,,,,,,,,"OTHER",,,,,,,,,,,,,,,,,,,,,,,,,,,,,,,,,
"1302203","a5d722888bf15ebddd6ae0f667c851348347ad5550afb46bba8edc2a8a94faa1af388d32d0d2f531eebd69bbcef0fa193c0723b2a97a2afa68e16aa03a41f201",,"2022-03-20T17:40:00.000","2","DRIVER",,"1236644",,"HONDA","CIVIC","IL","2012","UNKNOWN","PASSENGER","PERSONAL","NE","STRAIGHT AHEAD","Y",,"1",,,,,,,,,,,,,,,,,,"TOTAL (ALL AREAS)",,,,,,,,,,,,,,,,,,,,,,,,,,,,,,,,,
"1302171","bd7a12c28d716f18c354721aea4ff7a120e31078931fc93a858e41bcc2baad5a98696d993b8a20f5db9490a1efd8eba2c690296e502d970ef83480a69cce3fa6",,"2022-03-20T17:40:00.000","1","DRIVER",,"1236609",,"HYUNDAI","SONATA","IL","2017","NONE","PASSENGER","PERSONAL","S","STRAIGHT AHEAD","Y",,"1",,"private towing company",,,"Y",,,,,,,,,,"Y","Y",,"OTHER",,,,,,,,,,,,,,,,,,,,,,,,,,,,,,,,,
"1302172","bd7a12c28d716f18c354721aea4ff7a120e31078931fc93a858e41bcc2baad5a98696d993b8a20f5db9490a1efd8eba2c690296e502d970ef83480a69cce3fa6",,"2022-03-20T17:40:00.000","2","DRIVER",,"1236618",,"TOYOTA","RAV4","IL","2019","NONE","PASSENGER","PERSONAL","S","STRAIGHT AHEAD",,,"1",,,,,"Y",,,,"Y","Y","Y",,,,"Y","Y",,"REAR-LEFT",,,,,,,,,,,,,,,,,,,,,,,,,,,,,,,,,
"1302173","bd7a12c28d716f18c354721aea4ff7a120e31078931fc93a858e41bcc2baad5a98696d993b8a20f5db9490a1efd8eba2c690296e502d970ef83480a69cce3fa6",,"2022-03-20T17:40:00.000","3","DRIVER",,"1236621",,"UNKNOWN","MOTORIZED",,,"UNKNOWN","UNKNOWN/NA","UNKNOWN/NA","S","STRAIGHT AHEAD",,,"1",,,,,,,,,,"N","N",,,,,,"Y","UNKNOWN",,,,,,,,,,,,,,,,,,,,,,,,,,,,,,,,,
"1302208","021a0b567ded048cdcdb46c145f81ba9547e5bda6d3716c16c6993926e23a5f8adfb16d4dbb9fb957fda047bd59cc8d413fd88dd516dd10ddab571e3ac4a364b",,"2022-03-20T17:30:00.000","1","DRIVER",,"1236651",,"HYUNDAI","SANTA FE",,"2021","UNKNOWN","UNKNOWN/NA","UNKNOWN/NA","S","STRAIGHT AHEAD",,,"1",,,,,,,,,,,,,,,,,"Y","UNKNOWN",,,,,,,,,,,,,,,,,,,,,,,,,,,,,,,,,
"1302209","021a0b567ded048cdcdb46c145f81ba9547e5bda6d3716c16c6993926e23a5f8adfb16d4dbb9fb957fda047bd59cc8d413fd88dd516dd10ddab571e3ac4a364b",,"2022-03-20T17:30:00.000","2","DRIVER","2","1236653",,"TOYOTA","CAMRY",,"2011","NONE","PASSENGER","PERSONAL","S","STRAIGHT AHEAD",,,"3",,,,,,,"Y","Y",,,,,,,,,,"SIDE-RIGHT",,,,,,,,,,,,,,,,,,,,,,,,,,,,,,,,,
"1302651","2f1ccba5b9fdda60e58253439ab9601d2aab4a312131aca2237edf4a1d6b8cb6a255fe9b8401d45213ce149d6b7c11f4c8dd5e6ef7cca45c5c9924b2e454ada1",,"2022-03-20T17:30:00.000","1","DRIVER",,"1237072",,"JEEP","GRAND CHEROKEE","IL","2015","UNKNOWN","SPORT UTILITY VEHICLE (SUV)","UNKNOWN/NA","S","PASSING/OVERTAKING",,,"1",,,,"Y",,,"N",,,,,,,,,,,"SIDE-RIGHT",,,,,,,,,,,,,,,,,,,,,,,,,,,,,,,,,
"1302652","2f1ccba5b9fdda60e58253439ab9601d2aab4a312131aca2237edf4a1d6b8cb6a255fe9b8401d45213ce149d6b7c11f4c8dd5e6ef7cca45c5c9924b2e454ada1",,"2022-03-20T17:30:00.000","2","DRIVER",,"1237073",,"TOYOTA","PRIUS","IL",,"NONE","PASSENGER","PERSONAL","S","STRAIGHT AHEAD",,,"1",,,,,,,,,,,,"Y",,,,,,"FRONT-LEFT",,,,,,,,,,,,,,,,,,,,,,,,,,,,,,,,,
"1302183","36db8bcd6d3380359b726e64bc3926218a57b1f37c3e6683a5e0b7f5f3359447a25af01832d9af1bec2cab39443c33c56c8f5f9e4cef1a81213e7502d5292304",,"2022-03-20T17:30:00.000","1","DRIVER",,"1236625","N","FREIGHTLINER CORPORATION","OTHER (EXPLAIN IN NARRATIVE)","WI","2019","NONE","VAN/MINI-VAN","COMMERCIAL - SINGLE UNIT","N","SLOW/STOP IN TRAFFIC",,,"1",,,,,"Y",,,,,,,,,,,,,"FRONT",,,,,,,,,,,,,,,,,,,,,,,,,,,,,,,,,
"1302184","36db8bcd6d3380359b726e64bc3926218a57b1f37c3e6683a5e0b7f5f3359447a25af01832d9af1bec2cab39443c33c56c8f5f9e4cef1a81213e7502d5292304",,"2022-03-20T17:30:00.000","2","PARKED",,"1236632",,"HYUNDAI","ELANTRA","IL","2019","UNKNOWN","PASSENGER","PERSONAL","N","PARKED",,,"0",,,,,,,,,,,"Y",,,,,,,"SIDE-LEFT",,,,,,,,,,,,,,,,,,,,,,,,,,,,,,,,,
"1302169","7a2cdcdafdbfb04b701ed22d2c1ee0f90fd9ecc9e9a045fce29d30dee47a73dcf2507a8d690387120ca557081e13864e87ff9ac9986083fb4ef6a0a9afb67888",,"2022-03-20T17:30:00.000","1","DRIVER",,"1236604",,"CHEVROLET","CAVALIER","XX",,"UNKNOWN","UNKNOWN/NA","UNKNOWN/NA","N","STRAIGHT AHEAD",,,"1",,,,,"Y",,,,,,,,,,"Y","Y",,"OTHER",,,,,,,,,,,,,,,,,,,,,,,,,,,,,,,,,
"1302170","7a2cdcdafdbfb04b701ed22d2c1ee0f90fd9ecc9e9a045fce29d30dee47a73dcf2507a8d690387120ca557081e13864e87ff9ac9986083fb4ef6a0a9afb67888",,"2022-03-20T17:30:00.000","2","DRIVER",,"1236607",,"BMW","528I","IL","2008","NONE","PASSENGER","PERSONAL","N","TURNING LEFT",,,"1",,,,,,,,,"Y","Y",,,,,,,,"REAR",,,,,,,,,,,,,,,,,,,,,,,,,,,,,,,,,
"1302196","e699d313f3647ede3fcc8eb5c0fe3a93ecd244751b23c6862e1ab1ba72497d7cb17372d165cea3ae5a0d24f8cb2f26846119c2011a1eb9ada731c79c5d56f3bb",,"2022-03-20T17:30:00.000","1","DRIVER",,"1236635",,"GENERAL MOTORS CORPORATION (GMC)","OTHER (EXPLAIN IN NARRATIVE)",,,"NONE","SPORT UTILITY VEHICLE (SUV)","PERSONAL","N","STRAIGHT AHEAD",,,"1",,,,,"Y",,,,,,,,,,"Y","Y",,"OTHER",,,,,,,,,,,,,,,,,,,,,,,,,,,,,,,,,
"1302197","e699d313f3647ede3fcc8eb5c0fe3a93ecd244751b23c6862e1ab1ba72497d7cb17372d165cea3ae5a0d24f8cb2f26846119c2011a1eb9ada731c79c5d56f3bb",,"2022-03-20T17:30:00.000","2","DRIVER",,"1236631",,"BUICK","ENCORE",,"2020","NONE","SPORT UTILITY VEHICLE (SUV)","PERSONAL","N","SLOW/STOP IN TRAFFIC",,,"1",,,,,,,,,"Y","Y","Y",,,,,,,"REAR-LEFT",,,,,,,,,,,,,,,,,,,,,,,,,,,,,,,,,
"1302181","37d72169343605a955acb9403d6a1f1c3cb78b5fc027e7c55dbddb0f5fd7eadc295919104f7179ae4494ba50411f3a28a589d7c569d64a113e6bb81ea342dfc0",,"2022-03-20T17:20:00.000","1","DRIVER",,"1236622",,"HONDA","CR-V","IL","2006","BRAKES","PASSENGER","PERSONAL","W","SLOW/STOP IN TRAFFIC",,,"1",,,,,,,,,,,,,,,,"Y",,"OTHER",,,,,,,,,,,,,,,,,,,,,,,,,,,,,,,,,
"1302182","37d72169343605a955acb9403d6a1f1c3cb78b5fc027e7c55dbddb0f5fd7eadc295919104f7179ae4494ba50411f3a28a589d7c569d64a113e6bb81ea342dfc0",,"2022-03-20T17:20:00.000","2","DRIVER","2","1236630",,"NISSAN","SENTRA","IN",,"NONE","PASSENGER","PERSONAL","W","SLOW/STOP IN TRAFFIC",,,"3",,,,,,,,,,"Y",,,,,,,,"REAR-LEFT",,,,,,,,,,,,,,,,,,,,,,,,,,,,,,,,,
"1302662","c64f52e71e207ce7f5f2ba329cec9187ca73aff70376bdd3678bd20d26734f95cda56c043c07ea2f218777258f19eb5dfba2424fe32e799bedd02c5301c96fc9",,"2022-03-20T17:20:00.000","1","DRIVER",,"1237082",,"NISSAN","ALTIMA","IL","2003","UNKNOWN","PASSENGER","RIDESHARE SERVICE","SW","STRAIGHT AHEAD",,,"1",,,,,,,,,,,,,,,,"Y",,"OTHER",,,,,,,,,,,,,,,,,,,,,,,,,,,,,,,,,
"1302663","c64f52e71e207ce7f5f2ba329cec9187ca73aff70376bdd3678bd20d26734f95cda56c043c07ea2f218777258f19eb5dfba2424fe32e799bedd02c5301c96fc9",,"2022-03-20T17:20:00.000","2","DRIVER","1","1237083",,"CHRYSLER","SEBRING","IL","1999","NONE","PASSENGER","PERSONAL","NE","TURNING LEFT","Y",,"2",,"UNK",,,"Y","Y","Y","Y",,,,,,,,,,"ROOF",,,,,,,,,,,,,,,,,,,,,,,,,,,,,,,,,
"1302152","12cf3c97aa12264459afc300d685df12b9701bf4787d248ff05317f951322a311549d218a776239f9c802670853af1a960fa2bc1172823f7ffb8438fec26ecff",,"2022-03-20T17:15:00.000","1","DRIVER","2","1236598",,"KIA","SORENTO","IL","2019","NONE","PASSENGER","PERSONAL","N","STRAIGHT AHEAD",,,"3",,,,,,,,,,,,,,,"Y","Y",,"OTHER",,,,,,,,,,,,,,,,,,,,,,,,,,,,,,,,,
"1302153","12cf3c97aa12264459afc300d685df12b9701bf4787d248ff05317f951322a311549d218a776239f9c802670853af1a960fa2bc1172823f7ffb8438fec26ecff",,"2022-03-20T17:15:00.000","2","DRIVER",,"1236608",,"HONDA","CIVIC","IL","2010","NONE","PASSENGER","PERSONAL","W","STRAIGHT AHEAD",,,"1",,,,,,,,,,,"Y","Y",,,,,,"FRONT-LEFT",,,,,,,,,,,,,,,,,,,,,,,,,,,,,,,,,
"1302226","4b6ca0bf48852490aa7281d4a481b406acdec7c65996488a58a28e1399756b43bacbb9ceedd1c331c28e1ce9fda0329d3f7b8ec64c2125dee27981c40fdfe033",,"2022-03-20T17:10:00.000","1","DRIVER",,"1236665",,"TOYOTA","COROLLA","IL","2017","UNKNOWN","PASSENGER","UNKNOWN/NA","N","UNKNOWN/NA",,,"1",,,,,"Y",,,,,,,,,,"Y","Y",,"OTHER",,,,,,,,,,,,,,,,,,,,,,,,,,,,,,,,,
"1302227","4b6ca0bf48852490aa7281d4a481b406acdec7c65996488a58a28e1399756b43bacbb9ceedd1c331c28e1ce9fda0329d3f7b8ec64c2125dee27981c40fdfe033",,"2022-03-20T17:10:00.000","2","DRIVER",,"1236669",,"CHEVROLET","OTHER (EXPLAIN IN NARRATIVE)","IL","2018","UNKNOWN","PASSENGER","PERSONAL","N","UNKNOWN/NA",,,"1",,,,,,,,,"Y","Y","Y",,,,,,,"REAR-LEFT",,,,,,,,,,,,,,,,,,,,,,,,,,,,,,,,,
"1302893","3edde95ac321dc0e0385971331967326da9d61e24a8bcd55c1128a8767aa372121310a037ab9e9f62a9a48f369b3cd21b1e2690f7ff1b92ebf96396920f4a962",,"2022-03-20T17:05:00.000","2","DRIVER",,"1237318",,"HONDA","CR-V","IL","2015","NONE","PASSENGER","PERSONAL","W","TURNING LEFT",,,"1",,,,,,,,,"Y",,,,,,,,,"REAR",,,,,,,,,,,,,,,,,,,,,,,,,,,,,,,,,
"1302896","3edde95ac321dc0e0385971331967326da9d61e24a8bcd55c1128a8767aa372121310a037ab9e9f62a9a48f369b3cd21b1e2690f7ff1b92ebf96396920f4a962",,"2022-03-20T17:05:00.000","1","DRIVER",,"1237316",,"JEEP","CHEROKEE","MN",,"UNKNOWN","PASSENGER","UNKNOWN/NA","E","STRAIGHT AHEAD",,,"1",,,,,"Y",,,,,,,,,,,,,"FRONT",,,,,,,,,,,,,,,,,,,,,,,,,,,,,,,,,
"1302180","17475039992525dabafa7d88e0e345562ac57ed9c7fc7bb3d4ea1d2fa8db9ecfb2e6af901357363b9cfbf47024084f7e5635e192a267d0830d2142dcd15395d4",,"2022-03-20T17:00:00.000","1","DRIVER",,"1236613",,"UNKNOWN","MOTORIZED",,,"UNKNOWN","UNKNOWN/NA","UNKNOWN/NA","E","TURNING LEFT",,,"1",,,,,,,,,,,,,,,,,"Y","UNKNOWN",,,,,,,,,,,,,,,,,,,,,,,,,,,,,,,,,
"1302174","fd15d9ff8dbb686debe1bf1d6582e966daa1f8d5f5bd8a887b4f1812a768da9cc8e8a887a2413935a577b42209a4c2f78fc0b2243395a290713e73f5a9ee8b30",,"2022-03-20T16:58:00.000","1","DRIVER",,"1236612",,"ACURA","TLX","IL","2018","NONE","PASSENGER","PERSONAL","W","STRAIGHT AHEAD","Y",,"1",,"owner",,,"Y",,,,,,,,,,"Y","Y",,"OTHER",,,,,,,,,,,,,,,,,,,,,,,,,,,,,,,,,
"1302175","fd15d9ff8dbb686debe1bf1d6582e966daa1f8d5f5bd8a887b4f1812a768da9cc8e8a887a2413935a577b42209a4c2f78fc0b2243395a290713e73f5a9ee8b30",,"2022-03-20T16:58:00.000","2","DRIVER","3","1236623",,"CHRYSLER","200","IL","2015","NONE","PASSENGER","PERSONAL","W","SLOW/STOP IN TRAFFIC",,,"4",,,,,,,,,"Y","Y","Y",,,,,,,"REAR-LEFT",,,,,,,,,,,,,,,,,,,,,,,,,,,,,,,,,
"1302160","4fec59db4d786d708d42d9b1890aa243945c0f601165504439e2c25a72ce51b2632a133b84ee8576a7e8c18e8555814687a8142524c75f3891540d9591704c2d",,"2022-03-20T16:50:00.000","1","DRIVER",,"1236602",,"CADILLAC","ESCALADE","IL","2009","UNKNOWN","SPORT UTILITY VEHICLE (SUV)","UNKNOWN/NA","S","BACKING",,,"1",,,,,,,,,,,,,,,,,"Y","REAR-LEFT",,,,,,,,,,,,,,,,,,,,,,,,,,,,,,,,,
"1302161","4fec59db4d786d708d42d9b1890aa243945c0f601165504439e2c25a72ce51b2632a133b84ee8576a7e8c18e8555814687a8142524c75f3891540d9591704c2d",,"2022-03-20T16:50:00.000","2","DRIVER",,"1236616",,"BMW","OTHER (EXPLAIN IN NARRATIVE)","IL","2018","NONE","SPORT UTILITY VEHICLE (SUV)","PERSONAL","W","STRAIGHT AHEAD",,,"1",,,,,,"Y","Y","Y",,,,,,,,,,"SIDE-RIGHT",,,,,,,,,,,,,,,,,,,,,,,,,,,,,,,,,
"1302162","434e15f61bc91598444c14df18f7b8fde335073bb5e3f78b7344b75d314587c75c972f5a0ae55c87212c8314a15d58f4d102f55916ee55da7e0bd1c3b716f16a",,"2022-03-20T16:36:00.000","1","DRIVER",,"1236600",,"DODGE","JOURNEY","IL","2011","NONE","VAN/MINI-VAN","PERSONAL","E","STRAIGHT AHEAD","Y",,"1",,"CITY OF CHICAGO","CITY OF CHICAGO TOWING",,,,,,,,,,,,,"Y",,"OTHER",,,,,,,,,,,,,,,,,,,,,,,,,,,,,,,,,
"1302163","434e15f61bc91598444c14df18f7b8fde335073bb5e3f78b7344b75d314587c75c972f5a0ae55c87212c8314a15d58f4d102f55916ee55da7e0bd1c3b716f16a",,"2022-03-20T16:36:00.000","2","DRIVER",,"1236611",,"NISSAN","ALTIMA","IL","2006","NONE","PASSENGER","PERSONAL","N","STRAIGHT AHEAD","Y",,"1",,"PRIVATE TOW","PIVATE TOW",,,,,,,,,,,,,"Y",,"OTHER",,,,,,,,,,,,,,,,,,,,,,,,,,,,,,,,,